CustomerID,MovieID,Rating,Title,Genre,Year
1,365,4,R.E.M.: Tourfilm,Drama,1989
1,75,4,Grind,Drama,1997
1,379,5,Crash Dive,Drama,1996
1,157,4,Laird: White Knuckle Extreme,Drama,2004
1,106,4,Stevie Ray Vaughan and Double Trouble: Live at Montreux 1982 & 1985,Drama,2004
1,400,4,Rio Lobo,Drama,1970
1,382,5,Buried in the Sand: The Deception of America,Drama,2004
1,126,4,Vampire Effect (aka Twins Effect),Drama,2003
1,69,4,WWE: Armageddon 2003,Drama,2003
1,456,5,Emma (Miniseries),Drama,1996
1,10,4,Fighter,Action,2001
1,196,3,Peter Tosh: Stepping Razor: Red X,Drama,1992
1,412,4,Jay Jay the Jet Plane: Adventures in Learning,Animation,1999
1,86,5,Iron Monkey 2,Drama,1996
1,376,4,Genesis: The Way We Walk: Live in Concert,Drama,2001
1,393,5,The Replacement Killers,Thriller,1998
1,502,3,Mitch Hedberg: Mitch All Together,Drama,2003
1,31,2,Classic Albums: Meat Loaf: Bat Out of Hell,Drama,1999
1,319,3,Straight to Hell,Drama,1987
1,414,2,Girl,Drama,1999
1,497,4,Broadway's Lost Treasures,Drama,2003
1,498,3,Glory: Bonus Material,Drama,1989
1,283,5,If These Walls Could Talk,Drama,1996
1,360,2,Lies,Drama,1999
1,78,5,Jingle All the Way,Drama,1996
1,468,2,The Matrix: Revolutions,Drama,2003
1,504,2,The Twilight Zone: Vol. 27,Drama,1964
1,213,3,Dinner Rush,Drama,2001
1,103,5,Sanford and Son: Season 6,Drama,1976
1,337,3,Star 80,Sci-Fi,1983
1,482,4,Frida,Drama,2002
1,339,3,Rolling Stones: Rock and Roll Circus,Drama,1968
1,446,3,The Underneath,Drama,1995
1,175,3,Reservoir Dogs,Drama,1992
1,3,4,Character,Drama,1997
1,336,4,The Driver,Drama,1978
1,415,5,Reign in Darkness,Horror,2002
1,71,1,Maya Lin: A Strong Clear Vision,Drama,1995
1,211,5,The Agronomist,Drama,2004
1,64,4,Outside the Law,Drama,2001
1,389,3,Steal,Drama,2002
2,376,3,Genesis: The Way We Walk: Live in Concert,Drama,2001
2,413,4,Igby Goes Down,Drama,2002
2,310,4,Leila,Drama,2000
2,354,3,Sadomania,Drama,1981
2,16,4,Screamers,Drama,1996
2,98,4,The Battle of Algiers: Bonus Material,Action,1965
2,258,2,Mann,Drama,1999
2,125,3,Nighthawks,Horror,1981
2,162,4,John Cleese on How to Irritate People,Drama,1968
2,338,5,The Three Stooges: Three Smart Saps,Drama,1942
2,295,4,Ace Ventura: When Nature Calls,Documentary,1995
2,268,5,The Final Countdown,Drama,1980
2,27,3,Sesame Street: Elmo's World: The Street We Live On,Documentary,1962
2,266,4,Saudade Do Futuro,Drama,2000
2,124,4,Cold Blooded,Drama,2000
2,32,1,ABC Primetime: Mel Gibson's The Passion of the Christ,Romance,2004
2,60,5,The Libertine,Drama,1969
2,262,1,Herbie Rides Again,Drama,1974
2,242,5,Neon Genesis Evangelion: The End of Evangelion,Drama,1995
2,238,4,Led Zeppelin: The Song Remains the Same,Drama,1976
2,463,1,The Twilight Zone: Vol. 12,Drama,1962
2,141,1,Goddess of Mercy,Drama,2004
2,211,5,The Agronomist,Drama,2004
2,484,5,Danielle Steel's Jewels,Drama,1992
2,339,2,Rolling Stones: Rock and Roll Circus,Drama,1968
2,177,2,Pressure,Drama,2002
2,233,4,Chato's Land,Drama,1971
2,154,3,Demon Warrior Koji,Action,2000
2,136,5,Cat and the Canary,Drama,1927
2,442,4,Mississippi Burning,Drama,1988
2,445,5,Michael Collins,Drama,1996
2,126,5,Vampire Effect (aka Twins Effect),Drama,2003
2,324,4,Mother's Boys,Drama,1994
2,121,3,Beyonce: Live at Wembley,Drama,2003
2,2,3,Isle of Man TT 2004 Review,Drama,2004
2,246,3,The Boston Strangler,Drama,1968
2,292,5,Saturday Night Live: The Best of Gilda Radner,Horror,2005
2,417,3,Transformers: Season 3: Part 1,Drama,1986
2,245,4,Road Dogz,Drama,2002
2,71,1,Maya Lin: A Strong Clear Vision,Drama,1995
2,117,4,Silk Stockings,Drama,1957
2,250,5,Cast a Giant Shadow,Drama,1966
2,308,2,The Legend of the 7 Golden Vampires/7 Brothers of Dracula,Fantasy,1974
2,387,5,Bizet's Carmen,Drama,1984
2,239,4,Winnie the Pooh: Springtime with Roo,Drama,2004
2,11,1,Full Frame: Documentary Shorts,Documentary,1999
2,501,3,Three Days of the Condor,Drama,1975
2,430,5,Chobits,Drama,2002
2,309,5,The Day of the Locust,Drama,1975
2,273,4,Taxi,Drama,2004
2,159,5,Gentlemen of Fortune,Drama,1971
2,491,2,Torn Curtain,Drama,1966
2,194,3,Arliss: The Best of Arliss,Drama,1996
2,49,1,Devo: The Complete Truth About De-evolution,Drama,2003
2,300,3,Option Zero,Drama,1997
2,210,4,Onmyoji,Drama,2001
3,338,4,The Three Stooges: Three Smart Saps,Drama,1942
3,226,5,Henry: Portrait of a Serial Killer 2,Thriller,1996
3,274,2,Crazy as Hell,Comedy,2002
3,393,2,The Replacement Killers,Thriller,1998
3,161,4,Ninotchka,Drama,1939
3,270,4,Sex and the City: Season 4,Drama,2001
3,186,4,Panic in the Streets,Drama,1950
3,472,5,Mr. Jealousy,Drama,1998
3,467,4,Topper Returns,Drama,1941
3,433,4,Untamed Heart,Drama,1993
3,200,4,The Fall of the Roman Empire,Drama,1964
3,255,4,The Hunchback of Notre Dame II,Drama,2001
3,60,5,The Libertine,Drama,1969
3,493,5,The Giallo Collection: Who Saw Her Die?,Drama,1972
3,22,5,Chump Change,Drama,2000
3,21,3,Strange Relations,Drama,2002
3,58,4,Dragonheart,Drama,1996
3,231,3,Marooned in Iraq,Drama,2002
3,193,2,Marilyn Manson: Fear of a Satanic Planet,Horror,2005
3,229,3,Peter Gabriel: Growing Up Live,Drama,2003
3,379,4,Crash Dive,Drama,1996
3,471,4,City Lights,Drama,1931
3,185,4,Missing in Action 2: The Beginning / Missing in Action 3: Braddock,Action,1985
3,92,3,ECW: Cyberslam '99,Sci-Fi,2002
3,31,4,Classic Albums: Meat Loaf: Bat Out of Hell,Drama,1999
3,486,4,Journey to the Center of the Earth,Drama,1959
3,272,2,Female Yakuza Tale,Drama,1973
3,386,4,Princess Caraboo,Drama,1994
3,66,4,Barbarian Queen 2,Drama,1989
3,333,4,Mail Call: The Best of Season 2,Drama,2003
3,217,2,Cherry 2000,Drama,1988
3,137,5,Naked Lies,Drama,1998
3,28,4,Lilo and Stitch,Drama,2002
3,343,4,French and Saunders: Live,Drama,2000
3,78,3,Jingle All the Way,Drama,1996
3,478,4,The Beverly Hillbillies,Drama,1962
3,357,4,House of Sand and Fog,Drama,2003
3,306,5,Sesame Street: Sing Yourself Silly!,Comedy,2005
3,158,2,A Killer Within,Thriller,2004
3,259,4,Animal,Drama,2004
3,309,4,The Day of the Locust,Drama,1975
3,494,3,Monty Python's The Meaning of Life: Special Edition,Drama,1983
3,38,3,Daydream Obsession,Drama,2003
3,336,3,The Driver,Drama,1978
3,213,4,Dinner Rush,Drama,2001
3,96,1,Inside the Space Station,Sci-Fi,2000
3,24,5,My Bloody Valentine,Romance,1981
3,168,3,Smokey and the Bandit Part 3,Drama,1983
3,101,4,Complete Shamanic Princess,Drama,1997
3,50,4,A Yank in the R.A.F.,Drama,1941
3,243,3,Pressure Point,Drama,1962
3,440,3,Just 4 Kicks,Drama,2003
3,414,1,Girl,Drama,1999
3,156,4,Husbands and Wives,Drama,1992
3,208,5,The Three Stooges: Sing a Song of Six Pants,Drama,1947
3,464,1,The Return of Ruben Blades,Drama,1987
3,445,3,Michael Collins,Drama,1996
3,23,2,Clifford: Clifford Saves the Day! / Clifford's Fluffiest Friend Cleo,Drama,2001
3,205,3,Troy: Bonus Material,Drama,2004
3,204,4,Venus Boyz,Drama,2002
3,273,5,Taxi,Drama,2004
3,175,5,Reservoir Dogs,Drama,1992
3,6,5,Sick,Drama,1997
3,187,3,Death to Smoochy,Horror,2002
3,106,2,Stevie Ray Vaughan and Double Trouble: Live at Montreux 1982 & 1985,Drama,2004
3,278,3,100 Days Before the Command,Drama,1990
3,317,4,Mandela and de Klerk,Drama,1997
3,237,2,Broken Blossoms,Drama,1918
3,388,5,Body Chemistry,Drama,1990
3,316,5,Futurama: Monster Robot Maniac Fun Collection,Comedy,1999
3,275,3,Evelyn,Drama,2002
4,136,3,Cat and the Canary,Drama,1927
4,461,5,Nightwalker #1: Midnight Detective,Horror,2000
4,147,3,Where Sleeping Dogs Lie,Drama,1992
4,385,5,The Santa Clause 2,Drama,2002
4,428,5,Barney: Barney's Colorful World: Live,Documentary,2004
4,193,3,Marilyn Manson: Fear of a Satanic Planet,Horror,2005
4,344,4,The Taming of the Shrew,Drama,1967
4,191,5,X2: X-Men United,Drama,2003
4,372,3,Jeans,Drama,1998
4,439,3,Town Without Pity,Drama,1961
4,6,3,Sick,Drama,1997
4,398,2,In the Realm of the Senses,Documentary,1976
4,256,3,Ghost Dog: The Way of the Samurai,Horror,2000
4,505,2,A Thousand Acres,Drama,1997
4,348,4,The Last Temptation of Christ,Drama,1988
4,304,3,King of the Hill: Season 1,Drama,1997
4,443,4,Rabbit-Proof Fence,Drama,2002
4,308,2,The Legend of the 7 Golden Vampires/7 Brothers of Dracula,Fantasy,1974
4,17,4,7 Seconds,Drama,2005
4,105,5,Obsessed,Drama,2002
4,354,1,Sadomania,Drama,1981
4,62,4,Ken Burns' America: Empire of the Air,Drama,1991
4,170,5,Tomorrow,Drama,1972
4,339,2,Rolling Stones: Rock and Roll Circus,Drama,1968
4,457,5,Kill Bill: Vol. 2,Thriller,2004
4,286,4,Thunderbirds Are Go,Drama,1966
4,455,3,Cardcaptor Sakura: The Movie,Drama,1999
4,405,3,Wings of Desire,Drama,1987
4,349,4,The Swarm,Action,1978
4,58,4,Dragonheart,Drama,1996
4,177,4,Pressure,Drama,2002
4,82,2,The Frogmen,Drama,1951
4,145,4,Get Out Your Handkerchiefs,Drama,1978
4,71,2,Maya Lin: A Strong Clear Vision,Drama,1995
4,141,3,Goddess of Mercy,Drama,2004
4,328,2,Deftones: Live in Hawaii,Drama,2002
4,57,3,Richard III,Drama,1995
4,345,5,Star Trek: Voyager: Season 5,Sci-Fi,1998
4,292,5,Saturday Night Live: The Best of Gilda Radner,Horror,2005
4,102,4,Notre Musique,Drama,2004
4,326,2,The Plainsman,Drama,1937
5,285,3,The Devil's Own,Horror,1997
5,477,3,George Carlin: Personal Favorites,Drama,1990
5,400,4,Rio Lobo,Drama,1970
5,302,2,The Isle,Drama,2001
5,163,4,MTV: Making the Band 2: Best of Season 1,Drama,2002
5,236,4,Cartoon Crazys Sci-Fi,Comedy,1998
5,346,5,Up and Down,Drama,2005
5,307,3,Godsmack: Smack This!,Drama,2002
5,486,3,Journey to the Center of the Earth,Drama,1959
5,420,2,Saturday Night Live: The Best of Dana Carvey,Horror,1999
5,61,3,Ricky Martin: One Night Only,Horror,1999
5,211,3,The Agronomist,Drama,2004
5,371,4,The Trouble with Angels,Drama,1966
5,418,5,The Deal,Drama,2004
5,1,3,Dinosaur Planet,Sci-Fi,2003
5,354,5,Sadomania,Drama,1981
5,200,3,The Fall of the Roman Empire,Drama,1964
5,35,3,Ferngully 2: The Magical Rescue,Animation,2000
5,361,3,The Phantom of the Opera: Special Edition,Drama,2004
5,436,1,Girls Just Want to Have Fun,Comedy,1985
5,280,5,Sarah Brightman: In Concert,Drama,1998
5,430,4,Chobits,Drama,2002
5,267,3,Touched by an Angel: Season 1,Drama,1994
5,330,4,Wild Things,Drama,1998
5,362,4,The Flintstones in Viva Rock Vegas,Drama,2000
5,319,2,Straight to Hell,Drama,1987
5,41,3,Horror Vision,Horror,2000
5,320,4,Eat Your Heart Out,Drama,1997
5,384,2,Crossroads,Drama,1986
5,260,4,Marat / Sade,Drama,1967
5,468,2,The Matrix: Revolutions,Drama,2003
5,295,4,Ace Ventura: When Nature Calls,Documentary,1995
5,101,3,Complete Shamanic Princess,Drama,1997
5,237,2,Broken Blossoms,Drama,1918
5,485,5,The Avengers '67,Drama,1967
5,351,3,Guns of the Magnificent Seven,Drama,1969
5,103,3,Sanford and Son: Season 6,Drama,1976
5,9,4,Class of Nuke 'Em High 2,Drama,1991
5,451,5,Batman the Animated Series: Vol. 3,Animation,1993
5,210,2,Onmyoji,Drama,2001
5,203,4,Sports Illustrated Swimsuit Edition: 1997,Drama,1997
5,213,4,Dinner Rush,Drama,2001
5,168,4,Smokey and the Bandit Part 3,Drama,1983
5,128,4,Mr. Vampire,Drama,1985
5,124,3,Cold Blooded,Drama,2000
5,6,3,Sick,Drama,1997
5,314,4,Saturday Night Live: The Best of Jon Lovitz,Horror,1985
5,132,2,Lucio Fulci: The Beyond,Drama,1981
5,417,1,Transformers: Season 3: Part 1,Drama,1986
5,282,4,Blue Seed: Beyond,Drama,2003
5,47,5,The Bad and the Beautiful,Drama,1952
5,504,1,The Twilight Zone: Vol. 27,Drama,1964
5,443,2,Rabbit-Proof Fence,Drama,2002
5,416,4,Elephant,Drama,2003
5,187,5,Death to Smoochy,Horror,2002
5,33,4,Aqua Teen Hunger Force: Vol. 1,Action,2000
5,206,3,Unconstitutional: The War on Our Civil Liberties,Action,2004
5,146,3,Cannibal Women in the Avocado Jungle of Death,Horror,1988
5,309,5,The Day of the Locust,Drama,1975
5,415,3,Reign in Darkness,Horror,2002
5,241,3,North by Northwest,Drama,1959
5,226,3,Henry: Portrait of a Serial Killer 2,Thriller,1996
5,448,2,Oswald: Welcome to the Big City!,Drama,2001
5,396,4,Arjuna: Complete Collection,Drama,2001
5,258,5,Mann,Drama,1999
5,77,4,Congo,Drama,1995
5,209,3,Star Trek: Deep Space Nine: Season 5,Sci-Fi,1996
5,299,3,Bridget Jones's Diary,Drama,2001
5,497,2,Broadway's Lost Treasures,Drama,2003
5,490,5,The Passion of Ayn Rand,Romance,1999
5,390,3,The Fan,Drama,1981
6,388,3,Body Chemistry,Drama,1990
6,465,4,Coolie No.1,Drama,1995
6,141,2,Goddess of Mercy,Drama,2004
6,97,4,Mostly Martha,Drama,2002
6,52,4,The Weather Underground,Drama,2002
6,156,3,Husbands and Wives,Drama,1992
6,69,5,WWE: Armageddon 2003,Drama,2003
6,337,3,Star 80,Sci-Fi,1983
6,113,2,Bruce Lee: A Warrior's Journey,Action,2000
6,131,4,Arachnid,Drama,2002
6,193,5,Marilyn Manson: Fear of a Satanic Planet,Horror,2005
6,378,4,Party Monster,Drama,2003
6,71,4,Maya Lin: A Strong Clear Vision,Drama,1995
6,176,3,The History Channel Presents: Troy: Unearthing the Legend,Drama,2004
6,389,2,Steal,Drama,2002
6,359,4,Absolutely Fabulous: Series 5,Drama,2003
6,453,4,Simple Men,Drama,1992
6,503,3,Max and Ruby: Springtime for Max and Ruby,Drama,2005
6,474,4,Legend of 1900,Fantasy,1998
6,430,3,Chobits,Drama,2002
6,467,2,Topper Returns,Drama,1941
6,328,5,Deftones: Live in Hawaii,Drama,2002
6,458,5,Blast,Drama,2001
6,319,3,Straight to Hell,Drama,1987
6,238,5,Led Zeppelin: The Song Remains the Same,Drama,1976
6,22,3,Chump Change,Drama,2000
6,14,4,Nature: Antarctica,Documentary,1982
6,99,3,A Fishy Story,Drama,1989
6,259,4,Animal,Drama,2004
6,209,4,Star Trek: Deep Space Nine: Season 5,Sci-Fi,1996
6,13,4,Lord of the Rings: The Return of the King: Extended Edition: Bonus Material,Drama,2003
6,486,2,Journey to the Center of the Earth,Drama,1959
6,117,1,Silk Stockings,Drama,1957
6,139,5,Allergies: A Natural Approach,Drama,2001
6,124,3,Cold Blooded,Drama,2000
6,79,3,The Killing,Thriller,1956
6,302,4,The Isle,Drama,2001
6,490,5,The Passion of Ayn Rand,Romance,1999
6,172,4,Jack,Drama,2003
6,166,3,Fame,Drama,1980
6,320,3,Eat Your Heart Out,Drama,1997
6,145,3,Get Out Your Handkerchiefs,Drama,1978
6,321,2,Ju-Rei: The Uncanny,Drama,2004
6,5,4,The Rise and Fall of ECW,Drama,2004
6,438,3,Bean: The Movie,Drama,1997
6,399,5,Fangs,Drama,2001
6,351,3,Guns of the Magnificent Seven,Drama,1969
6,31,1,Classic Albums: Meat Loaf: Bat Out of Hell,Drama,1999
6,58,5,Dragonheart,Drama,1996
6,448,5,Oswald: Welcome to the Big City!,Drama,2001
6,395,5,Captain Blood,Drama,1935
6,402,2,Pan Tadeusz,Drama,1999
6,298,3,Crunch: Pick Your Spot Pilates,Drama,2002
6,481,4,Building the Great Pyramid,Drama,2002
6,136,4,Cat and the Canary,Drama,1927
6,251,4,Midsomer Murders: Strangler's Wood,Thriller,2000
6,307,1,Godsmack: Smack This!,Drama,2002
6,262,1,Herbie Rides Again,Drama,1974
6,498,5,Glory: Bonus Material,Drama,1989
6,160,5,Gormenghast,Drama,2000
6,81,3,Antarctica: IMAX,Drama,1991
6,185,5,Missing in Action 2: The Beginning / Missing in Action 3: Braddock,Action,1985
6,243,2,Pressure Point,Drama,1962
6,7,3,8 Man,Drama,1992
6,497,2,Broadway's Lost Treasures,Drama,2003
6,242,2,Neon Genesis Evangelion: The End of Evangelion,Drama,1995
6,203,4,Sports Illustrated Swimsuit Edition: 1997,Drama,1997
6,387,2,Bizet's Carmen,Drama,1984
6,182,5,Moby: Play,Drama,2001
6,462,4,Classic Cartoon Favorites: Starring Donald,Animation,2005
6,33,5,Aqua Teen Hunger Force: Vol. 1,Action,2000
6,57,4,Richard III,Drama,1995
6,310,5,Leila,Drama,2000
6,48,2,Justice League,Drama,2001
6,196,5,Peter Tosh: Stepping Razor: Red X,Drama,1992
7,63,4,Crash Dive,Drama,1943
7,86,4,Iron Monkey 2,Drama,1996
7,461,4,Nightwalker #1: Midnight Detective,Horror,2000
7,486,4,Journey to the Center of the Earth,Drama,1959
7,401,5,Halloween 5: The Revenge of Michael Myers,Drama,1989
7,448,3,Oswald: Welcome to the Big City!,Drama,2001
7,220,3,Winston Churchill: The Wilderness Years,Drama,1983
7,200,4,The Fall of the Roman Empire,Drama,1964
7,152,2,A Little Princess,Drama,1995
7,254,4,Westender,Drama,2003
7,58,3,Dragonheart,Drama,1996
7,303,2,Les Liaisons Dangereuses,Drama,1959
7,274,2,Crazy as Hell,Comedy,2002
7,224,3,Midsomer Murders: Blood Will Out,Thriller,1999
7,432,5,Les Miserables in Concert,Drama,1996
7,130,3,Drowning on Dry Land,Drama,1999
7,162,5,John Cleese on How to Irritate People,Drama,1968
7,480,4,Flypaper,Drama,1997
7,151,5,Sleepover Nightmare,Horror,2005
7,69,3,WWE: Armageddon 2003,Drama,2003
7,2,3,Isle of Man TT 2004 Review,Drama,2004
7,111,4,Duplex (Widescreen),Drama,2003
7,143,3,The Game,Drama,1997
7,74,5,6ixtynin9,Drama,1999
7,317,1,Mandela and de Klerk,Drama,1997
7,313,5,Pay It Forward,Action,2000
7,190,5,Blood and Sand,Drama,1989
7,279,3,Micki and Maude,Drama,1984
7,245,3,Road Dogz,Drama,2002
7,131,2,Arachnid,Drama,2002
7,332,4,They Crawl,Drama,2002
7,226,5,Henry: Portrait of a Serial Killer 2,Thriller,1996
7,40,3,Pitcher and the Pin-Up,Drama,2004
7,483,5,Rush Hour 2,Drama,2001
7,355,2,Sinful Nuns of St. Valentine,Romance,1973
7,117,2,Silk Stockings,Drama,1957
7,353,5,Life or Something Like It,Drama,2002
7,311,4,Ed Wood,Drama,1994
7,377,5,Dick Francis: The Racing Game,Drama,1979
7,60,2,The Libertine,Drama,1969
7,453,2,Simple Men,Drama,1992
7,116,3,Bear Cub,Drama,2004
7,104,3,The Great Race,Drama,1965
7,398,4,In the Realm of the Senses,Documentary,1976
7,298,3,Crunch: Pick Your Spot Pilates,Drama,2002
7,334,2,The Pacifier,Drama,2005
7,92,4,ECW: Cyberslam '99,Sci-Fi,2002
7,423,2,My Favorite Martian #1,Drama,1963
7,478,1,The Beverly Hillbillies,Drama,1962
7,391,4,The Monkees: Season 2,Drama,1967
7,371,1,The Trouble with Angels,Drama,1966
7,20,4,Seeta Aur Geeta,Drama,1972
7,319,2,Straight to Hell,Drama,1987
7,479,1,George Carlin: What Am I Doing in New Jersey?,Drama,1988
7,445,3,Michael Collins,Drama,1996
7,177,4,Pressure,Drama,2002
7,175,4,Reservoir Dogs,Drama,1992
7,389,4,Steal,Drama,2002
7,491,2,Torn Curtain,Drama,1966
7,320,4,Eat Your Heart Out,Drama,1997
7,447,5,The Making of Fanny and Alexander,Drama,1986
7,71,2,Maya Lin: A Strong Clear Vision,Drama,1995
7,331,3,Chasing Amy,Drama,1997
7,221,3,Voyage to the Planets and Beyond,Sci-Fi,2005
8,357,4,House of Sand and Fog,Drama,2003
8,192,3,The SoulTaker,Drama,2003
8,482,2,Frida,Drama,2002
8,202,3,Ruby's Bucket of Blood,Drama,2001
8,91,3,WWE: Royal Rumble 2005,Drama,2005
8,144,3,Deepak Chopra: The Way of the Wizard & Alchemy,Fantasy,2000
8,160,1,Gormenghast,Drama,2000
8,200,5,The Fall of the Roman Empire,Drama,1964
8,31,5,Classic Albums: Meat Loaf: Bat Out of Hell,Drama,1999
8,51,4,Jonah: A VeggieTales Movie: Bonus Material,Drama,2002
8,116,2,Bear Cub,Drama,2004
8,126,3,Vampire Effect (aka Twins Effect),Drama,2003
8,131,3,Arachnid,Drama,2002
8,87,4,Louder Than Bombs,Drama,2002
8,334,4,The Pacifier,Drama,2005
8,378,3,Party Monster,Drama,2003
8,390,4,The Fan,Drama,1981
8,413,4,Igby Goes Down,Drama,2002
8,318,5,Beyond Suspicion,Drama,1994
8,414,4,Girl,Drama,1999
8,255,4,The Hunchback of Notre Dame II,Drama,2001
8,260,4,Marat / Sade,Drama,1967
8,484,5,Danielle Steel's Jewels,Drama,1992
8,421,4,Agatha Christie's Poirot: Sad Cypress,Drama,2003
8,118,2,Rambo: First Blood Part II,Drama,1985
8,106,5,Stevie Ray Vaughan and Double Trouble: Live at Montreux 1982 & 1985,Drama,2004
8,172,4,Jack,Drama,2003
8,295,3,Ace Ventura: When Nature Calls,Documentary,1995
8,197,3,Taking Lives,Drama,2004
8,335,4,Fear No Evil,Horror,1981
8,166,4,Fame,Drama,1980
8,214,4,Read-Along: Beauty and the Beast,Drama,2002
8,156,4,Husbands and Wives,Drama,1992
8,447,5,The Making of Fanny and Alexander,Drama,1986
8,218,5,Triumph: Live at the US Festival,Drama,1983
8,329,4,Dogma,Drama,1999
8,161,5,Ninotchka,Drama,1939
8,44,2,Spitfire Grill,Drama,1996
8,399,4,Fangs,Drama,2001
8,270,5,Sex and the City: Season 4,Drama,2001
8,277,3,Enigma: MCMXC A.D,Drama,2003
9,220,4,Winston Churchill: The Wilderness Years,Drama,1983
9,419,4,George Lopez: Why You Crying?,Drama,2005
9,311,2,Ed Wood,Drama,1994
9,309,2,The Day of the Locust,Drama,1975
9,239,5,Winnie the Pooh: Springtime with Roo,Drama,2004
9,263,5,Dragon Ball: Tournament Saga,Fantasy,2001
9,200,2,The Fall of the Roman Empire,Drama,1964
9,383,2,Hit Team,Drama,2001
9,285,3,The Devil's Own,Horror,1997
9,125,3,Nighthawks,Horror,1981
9,67,3,Vampire Journals,Drama,1997
9,84,2,The Powerpuff Girls Movie,Drama,2002
9,363,3,Stark Raving Mad,Sci-Fi,2002
9,403,2,Substitute 4: Failure is Not an Option,Drama,2000
9,347,2,Iceman Cometh,Drama,1989
9,246,4,The Boston Strangler,Drama,1968
9,229,3,Peter Gabriel: Growing Up Live,Drama,2003
9,376,4,Genesis: The Way We Walk: Live in Concert,Drama,2001
9,441,2,Dark Shadows: Vol. 9,Horror,1968
9,310,4,Leila,Drama,2000
9,106,5,Stevie Ray Vaughan and Double Trouble: Live at Montreux 1982 & 1985,Drama,2004
9,487,3,Doctor Who: Lost in Time: The Patrick Troughton Years,Drama,1968
9,364,4,Billy Blanks: Tae Bo: Contact 2,Drama,2004
9,79,4,The Killing,Thriller,1956
9,431,5,Millennium Actress,Drama,2002
9,201,4,Home Movie,Drama,2001
9,158,4,A Killer Within,Thriller,2004
9,178,4,Regular Guys,Drama,1996
9,175,4,Reservoir Dogs,Drama,1992
9,483,2,Rush Hour 2,Drama,2001
9,176,1,The History Channel Presents: Troy: Unearthing the Legend,Drama,2004
9,159,2,Gentlemen of Fortune,Drama,1971
9,324,3,Mother's Boys,Drama,1994
9,467,4,Topper Returns,Drama,1941
9,291,2,Chained Heat 3: Hell Mountain,Drama,2000
9,299,5,Bridget Jones's Diary,Drama,2001
9,66,3,Barbarian Queen 2,Drama,1989
9,108,3,Spartan,Drama,2004
9,207,2,Denise Austin: Ultimate Fat Burner,Drama,2001
9,454,1,Xena: Warrior Princess: Season 3,Action,1995
9,122,4,Cube 2: Hypercube,Drama,2002
9,112,5,The Eye of Vichy,Drama,1993
9,362,3,The Flintstones in Viva Rock Vegas,Drama,2000
9,221,1,Voyage to the Planets and Beyond,Sci-Fi,2005
9,124,4,Cold Blooded,Drama,2000
9,160,2,Gormenghast,Drama,2000
9,405,2,Wings of Desire,Drama,1987
9,286,3,Thunderbirds Are Go,Drama,1966
9,93,4,They Came Back,Drama,2004
9,480,2,Flypaper,Drama,1997
9,326,3,The Plainsman,Drama,1937
9,368,4,The Best of Designing Women,Drama,1986
9,12,5,My Favorite Brunette,Drama,1947
9,277,5,Enigma: MCMXC A.D,Drama,2003
9,234,5,Animation Legend: Winsor McCay,Animation,1921
9,189,4,Airplane II: The Sequel,Drama,1982
9,118,3,Rambo: First Blood Part II,Drama,1985
9,34,5,Ashtanga Yoga: Beginner's Practice with Nicki Doane,Drama,2003
9,206,4,Unconstitutional: The War on Our Civil Liberties,Action,2004
9,35,4,Ferngully 2: The Magical Rescue,Animation,2000
9,44,4,Spitfire Grill,Drama,1996
9,288,2,Saturday Night Live: The Best of Chris Kattan,Horror,2004
9,47,2,The Bad and the Beautiful,Drama,1952
9,465,3,Coolie No.1,Drama,1995
9,187,4,Death to Smoochy,Horror,2002
9,437,3,Beyblade: Fierce Battle,Action,2005
9,476,4,VeggieTales Classics: Where's God When I'm Scared?,Drama,2004
9,33,5,Aqua Teen Hunger Force: Vol. 1,Action,2000
9,81,1,Antarctica: IMAX,Drama,1991
9,272,4,Female Yakuza Tale,Drama,1973
9,479,3,George Carlin: What Am I Doing in New Jersey?,Drama,1988
9,123,4,Chain of Fools,Drama,2000
9,255,3,The Hunchback of Notre Dame II,Drama,2001
9,440,3,Just 4 Kicks,Drama,2003
9,334,4,The Pacifier,Drama,2005
9,21,3,Strange Relations,Drama,2002
9,313,2,Pay It Forward,Action,2000
9,432,3,Les Miserables in Concert,Drama,1996
9,275,2,Evelyn,Drama,2002
10,154,4,Demon Warrior Koji,Action,2000
10,92,4,ECW: Cyberslam '99,Sci-Fi,2002
10,184,5,Billy Blanks: Tae Bo: Cardio Circuit 1,Drama,2004
10,279,3,Micki and Maude,Drama,1984
10,116,5,Bear Cub,Drama,2004
10,310,3,Leila,Drama,2000
10,132,2,Lucio Fulci: The Beyond,Drama,1981
10,228,2,Butch and Sundance: The Early Days,Drama,1979
10,143,3,The Game,Drama,1997
10,1,3,Dinosaur Planet,Sci-Fi,2003
10,354,4,Sadomania,Drama,1981
10,67,3,Vampire Journals,Drama,1997
10,303,5,Les Liaisons Dangereuses,Drama,1959
10,427,3,Graveyard Shift,Drama,1990
10,115,1,Lord Peter Wimsey: Murder Must Advertise,Thriller,1973
10,347,3,Iceman Cometh,Drama,1989
10,52,1,The Weather Underground,Drama,2002
10,331,4,Chasing Amy,Drama,1997
10,82,5,The Frogmen,Drama,1951
10,474,2,Legend of 1900,Fantasy,1998
10,459,5,Basquiat,Drama,1996
10,453,5,Simple Men,Drama,1992
10,444,5,The Inner Tour,Drama,2001
10,53,4,The Bonesetter,Drama,2003
10,35,2,Ferngully 2: The Magical Rescue,Animation,2000
10,135,4,GTO: Great Teacher Onizuka: Set 2,Drama,1998
10,308,3,The Legend of the 7 Golden Vampires/7 Brothers of Dracula,Fantasy,1974
10,7,4,8 Man,Drama,1992
10,179,3,Bollywood Bound,Drama,2003
10,352,5,Pick a Card,Drama,1997
10,161,4,Ninotchka,Drama,1939
10,446,3,The Underneath,Drama,1995
10,211,1,The Agronomist,Drama,2004
10,442,3,Mississippi Burning,Drama,1988
10,311,4,Ed Wood,Drama,1994
10,235,4,Unhook the Stars,Sci-Fi,1996
10,376,2,Genesis: The Way We Walk: Live in Concert,Drama,2001
10,105,1,Obsessed,Drama,2002
10,169,4,Cartoon Network Halloween: 9 Creepy Cartoon Capers,Animation,2004
10,118,2,Rambo: First Blood Part II,Drama,1985
10,445,2,Michael Collins,Drama,1996
10,156,4,Husbands and Wives,Drama,1992
10,197,5,Taking Lives,Drama,2004
10,205,3,Troy: Bonus Material,Drama,2004
10,177,3,Pressure,Drama,2002
10,23,3,Clifford: Clifford Saves the Day! / Clifford's Fluffiest Friend Cleo,Drama,2001
10,335,3,Fear No Evil,Horror,1981
10,256,4,Ghost Dog: The Way of the Samurai,Horror,2000
10,320,4,Eat Your Heart Out,Drama,1997
10,309,3,The Day of the Locust,Drama,1975
10,452,2,Scorched,Drama,2002
10,61,5,Ricky Martin: One Night Only,Horror,1999
10,33,5,Aqua Teen Hunger Force: Vol. 1,Action,2000
10,103,2,Sanford and Son: Season 6,Drama,1976
10,124,4,Cold Blooded,Drama,2000
10,158,5,A Killer Within,Thriller,2004
10,162,4,John Cleese on How to Irritate People,Drama,1968
10,180,4,Scratch,Drama,2002
10,87,3,Louder Than Bombs,Drama,2002
10,461,5,Nightwalker #1: Midnight Detective,Horror,2000
10,224,4,Midsomer Murders: Blood Will Out,Thriller,1999
10,159,3,Gentlemen of Fortune,Drama,1971
10,384,5,Crossroads,Drama,1986
10,56,4,Carandiru,Drama,2004
10,111,4,Duplex (Widescreen),Drama,2003
10,464,4,The Return of Ruben Blades,Drama,1987
10,382,4,Buried in the Sand: The Deception of America,Drama,2004
10,447,2,The Making of Fanny and Alexander,Drama,1986
10,397,2,A Night in Casablanca,Horror,1946
10,251,5,Midsomer Murders: Strangler's Wood,Thriller,2000
10,361,4,The Phantom of the Opera: Special Edition,Drama,2004
11,167,4,The Chorus,Drama,2004
11,199,2,The Deer Hunter,Drama,1978
11,140,3,Lost in the Wild,Drama,1993
11,343,4,French and Saunders: Live,Drama,2000
11,177,4,Pressure,Drama,2002
11,444,4,The Inner Tour,Drama,2001
11,229,4,Peter Gabriel: Growing Up Live,Drama,2003
11,121,3,Beyonce: Live at Wembley,Drama,2003
11,282,4,Blue Seed: Beyond,Drama,2003
11,24,3,My Bloody Valentine,Romance,1981
11,439,5,Town Without Pity,Drama,1961
11,386,2,Princess Caraboo,Drama,1994
11,106,3,Stevie Ray Vaughan and Double Trouble: Live at Montreux 1982 & 1985,Drama,2004
11,59,5,Sex and the Beauties,Drama,2003
11,269,3,Parenthood,Drama,1989
11,143,5,The Game,Drama,1997
11,144,4,Deepak Chopra: The Way of the Wizard & Alchemy,Fantasy,2000
11,428,3,Barney: Barney's Colorful World: Live,Documentary,2004
11,403,3,Substitute 4: Failure is Not an Option,Drama,2000
11,352,3,Pick a Card,Drama,1997
11,399,3,Fangs,Drama,2001
11,122,3,Cube 2: Hypercube,Drama,2002
11,347,3,Iceman Cometh,Drama,1989
11,27,3,Sesame Street: Elmo's World: The Street We Live On,Documentary,1962
11,134,2,Spirit Lost,Drama,1996
11,207,4,Denise Austin: Ultimate Fat Burner,Drama,2001
11,367,5,Spun,Drama,2003
11,415,3,Reign in Darkness,Horror,2002
11,470,3,Beneath Loch Ness,Drama,2001
11,373,4,Third World Cop,Documentary,2000
11,346,5,Up and Down,Drama,2005
11,479,5,George Carlin: What Am I Doing in New Jersey?,Drama,1988
11,160,2,Gormenghast,Drama,2000
11,397,5,A Night in Casablanca,Horror,1946
11,163,3,MTV: Making the Band 2: Best of Season 1,Drama,2002
11,457,3,Kill Bill: Vol. 2,Thriller,2004
11,482,4,Frida,Drama,2002
11,244,3,Stellvia,Drama,2004
11,318,5,Beyond Suspicion,Drama,1994
11,105,5,Obsessed,Drama,2002
11,490,5,The Passion of Ayn Rand,Romance,1999
11,388,1,Body Chemistry,Drama,1990
11,376,3,Genesis: The Way We Walk: Live in Concert,Drama,2001
11,222,1,Yellow,Drama,1998
11,314,3,Saturday Night Live: The Best of Jon Lovitz,Horror,1985
12,368,1,The Best of Designing Women,Drama,1986
12,389,5,Steal,Drama,2002
12,225,2,The Cookout,Drama,2004
12,206,4,Unconstitutional: The War on Our Civil Liberties,Action,2004
12,477,3,George Carlin: Personal Favorites,Drama,1990
12,464,4,The Return of Ruben Blades,Drama,1987
12,398,4,In the Realm of the Senses,Documentary,1976
12,179,4,Bollywood Bound,Drama,2003
12,37,1,Zatoichi's Conspiracy,Drama,1973
12,443,4,Rabbit-Proof Fence,Drama,2002
12,60,4,The Libertine,Drama,1969
12,132,4,Lucio Fulci: The Beyond,Drama,1981
12,5,4,The Rise and Fall of ECW,Drama,2004
12,48,2,Justice League,Drama,2001
12,284,5,Sasquatch Hunters,Drama,2005
12,354,5,Sadomania,Drama,1981
12,196,2,Peter Tosh: Stepping Razor: Red X,Drama,1992
12,269,5,Parenthood,Drama,1989
12,134,4,Spirit Lost,Drama,1996
12,39,4,Love Reinvented,Drama,2000
12,448,3,Oswald: Welcome to the Big City!,Drama,2001
12,332,3,They Crawl,Drama,2002
12,250,5,Cast a Giant Shadow,Drama,1966
12,78,5,Jingle All the Way,Drama,1996
12,480,5,Flypaper,Drama,1997
12,76,4,I Love Lucy: Season 2,Drama,1952
12,112,5,The Eye of Vichy,Drama,1993
12,4,2,Paula Abdul's Get Up & Dance,Drama,1994
12,92,4,ECW: Cyberslam '99,Sci-Fi,2002
12,8,3,What the #$*! Do We Know!?,Drama,2004
12,268,1,The Final Countdown,Drama,1980
12,412,2,Jay Jay the Jet Plane: Adventures in Learning,Animation,1999
12,413,3,Igby Goes Down,Drama,2002
12,234,4,Animation Legend: Winsor McCay,Animation,1921
12,475,3,Surf Ninjas,Drama,1993
12,235,3,Unhook the Stars,Sci-Fi,1996
12,216,4,Impostor,Drama,2000
12,175,3,Reservoir Dogs,Drama,1992
12,231,5,Marooned in Iraq,Drama,2002
12,335,5,Fear No Evil,Horror,1981
12,260,4,Marat / Sade,Drama,1967
12,164,4,One Last Dance,Drama,2003
12,160,4,Gormenghast,Drama,2000
13,8,2,What the #$*! Do We Know!?,Drama,2004
13,403,5,Substitute 4: Failure is Not an Option,Drama,2000
13,53,3,The Bonesetter,Drama,2003
13,457,2,Kill Bill: Vol. 2,Thriller,2004
13,154,5,Demon Warrior Koji,Action,2000
13,226,3,Henry: Portrait of a Serial Killer 2,Thriller,1996
13,334,4,The Pacifier,Drama,2005
13,95,3,Dona Herlinda and Her Son,Drama,1985
13,420,3,Saturday Night Live: The Best of Dana Carvey,Horror,1999
13,495,4,Mission Kashmir,Action,2000
13,135,4,GTO: Great Teacher Onizuka: Set 2,Drama,1998
13,303,1,Les Liaisons Dangereuses,Drama,1959
13,322,2,Flesh Gordon,Drama,1974
13,215,5,That '70s Show: Season 1,Drama,1998
13,138,3,Star Trek: Voyager: Season 1,Sci-Fi,1995
13,292,3,Saturday Night Live: The Best of Gilda Radner,Horror,2005
13,481,2,Building the Great Pyramid,Drama,2002
13,329,2,Dogma,Drama,1999
13,278,1,100 Days Before the Command,Drama,1990
13,359,3,Absolutely Fabulous: Series 5,Drama,2003
13,356,3,Look at Me,Drama,2005
13,254,2,Westender,Drama,2003
13,80,3,Winter Kills,Thriller,1979
13,438,4,Bean: The Movie,Drama,1997
13,485,5,The Avengers '67,Drama,1967
13,46,2,Rudolph the Red-Nosed Reindeer,Drama,1964
13,22,5,Chump Change,Drama,2000
13,108,5,Spartan,Drama,2004
13,31,3,Classic Albums: Meat Loaf: Bat Out of Hell,Drama,1999
13,290,4,Harold and Kumar Go to White Castle,Drama,2004
13,119,3,Travel the World by Train: Africa,Documentary,1999
13,275,4,Evelyn,Drama,2002
13,476,5,VeggieTales Classics: Where's God When I'm Scared?,Drama,2004
13,357,4,House of Sand and Fog,Drama,2003
13,15,4,Neil Diamond: Greatest Hits Live,Drama,1988
13,439,3,Town Without Pity,Drama,1961
13,391,2,The Monkees: Season 2,Drama,1967
13,23,3,Clifford: Clifford Saves the Day! / Clifford's Fluffiest Friend Cleo,Drama,2001
13,35,5,Ferngully 2: The Magical Rescue,Animation,2000
13,336,2,The Driver,Drama,1978
13,339,2,Rolling Stones: Rock and Roll Circus,Drama,1968
13,424,4,Happiness,Drama,1998
13,248,2,Michael Moore's The Awful Truth: Season 2,Drama,2001
13,232,3,Gross Anatomy,Drama,1989
13,161,3,Ninotchka,Drama,1939
13,132,2,Lucio Fulci: The Beyond,Drama,1981
13,364,2,Billy Blanks: Tae Bo: Contact 2,Drama,2004
14,271,4,Saludos Amigos,Drama,1943
14,34,5,Ashtanga Yoga: Beginner's Practice with Nicki Doane,Drama,2003
14,245,4,Road Dogz,Drama,2002
14,132,3,Lucio Fulci: The Beyond,Drama,1981
14,362,3,The Flintstones in Viva Rock Vegas,Drama,2000
14,347,4,Iceman Cometh,Drama,1989
14,230,3,Unsolved Mysteries: Psychics,Drama,1987
14,140,3,Lost in the Wild,Drama,1993
14,488,3,His Secret Life,Drama,2001
14,501,2,Three Days of the Condor,Drama,1975
14,459,5,Basquiat,Drama,1996
14,23,3,Clifford: Clifford Saves the Day! / Clifford's Fluffiest Friend Cleo,Drama,2001
14,318,4,Beyond Suspicion,Drama,1994
14,290,4,Harold and Kumar Go to White Castle,Drama,2004
14,184,2,Billy Blanks: Tae Bo: Cardio Circuit 1,Drama,2004
14,248,3,Michael Moore's The Awful Truth: Season 2,Drama,2001
14,269,4,Parenthood,Drama,1989
14,97,3,Mostly Martha,Drama,2002
14,418,5,The Deal,Drama,2004
14,363,5,Stark Raving Mad,Sci-Fi,2002
14,19,5,By Dawn's Early Light,Drama,2000
14,135,3,GTO: Great Teacher Onizuka: Set 2,Drama,1998
14,357,2,House of Sand and Fog,Drama,2003
14,147,3,Where Sleeping Dogs Lie,Drama,1992
14,141,4,Goddess of Mercy,Drama,2004
14,61,4,Ricky Martin: One Night Only,Horror,1999
14,222,1,Yellow,Drama,1998
14,214,3,Read-Along: Beauty and the Beast,Drama,2002
14,474,4,Legend of 1900,Fantasy,1998
14,122,3,Cube 2: Hypercube,Drama,2002
14,105,5,Obsessed,Drama,2002
14,277,4,Enigma: MCMXC A.D,Drama,2003
14,442,5,Mississippi Burning,Drama,1988
14,208,3,The Three Stooges: Sing a Song of Six Pants,Drama,1947
14,441,5,Dark Shadows: Vol. 9,Horror,1968
14,186,5,Panic in the Streets,Drama,1950
14,333,5,Mail Call: The Best of Season 2,Drama,2003
14,196,2,Peter Tosh: Stepping Razor: Red X,Drama,1992
14,79,3,The Killing,Thriller,1956
14,62,3,Ken Burns' America: Empire of the Air,Drama,1991
15,202,4,Ruby's Bucket of Blood,Drama,2001
15,347,4,Iceman Cometh,Drama,1989
15,349,3,The Swarm,Action,1978
15,180,3,Scratch,Drama,2002
15,289,5,The Avengers,Drama,1998
15,200,4,The Fall of the Roman Empire,Drama,1964
15,112,4,The Eye of Vichy,Drama,1993
15,402,3,Pan Tadeusz,Drama,1999
15,240,2,Woman of the Year,Drama,1942
15,172,3,Jack,Drama,2003
15,375,3,Nine Dead Gay Guys,Drama,2003
15,401,2,Halloween 5: The Revenge of Michael Myers,Drama,1989
15,163,3,MTV: Making the Band 2: Best of Season 1,Drama,2002
15,229,1,Peter Gabriel: Growing Up Live,Drama,2003
15,362,2,The Flintstones in Viva Rock Vegas,Drama,2000
15,483,4,Rush Hour 2,Drama,2001
15,119,4,Travel the World by Train: Africa,Documentary,1999
15,393,3,The Replacement Killers,Thriller,1998
15,435,2,Love Can Seriously Damage Your Health,Drama,1996
15,434,2,Extreme Engineering: Tokyo's Sky City,Drama,2004
15,165,3,Richard Pryor: Live on the Sunset Strip,Drama,1982
15,157,4,Laird: White Knuckle Extreme,Drama,2004
15,383,5,Hit Team,Drama,2001
15,62,3,Ken Burns' America: Empire of the Air,Drama,1991
15,503,2,Max and Ruby: Springtime for Max and Ruby,Drama,2005
15,359,4,Absolutely Fabulous: Series 5,Drama,2003
15,79,3,The Killing,Thriller,1956
15,411,3,Vendetta,Drama,1999
15,127,5,Fatal Beauty,Drama,1987
15,340,4,Midnight: 2000 Seen By...,Horror,1998
15,68,4,Invader Zim,Drama,2004
15,474,2,Legend of 1900,Fantasy,1998
15,6,4,Sick,Drama,1997
15,469,5,First Night of My Life: 2000 Seen By...,Drama,1998
15,156,3,Husbands and Wives,Drama,1992
15,506,5,Blank Generation / Dancin' Barefoot,Drama,1976
15,188,5,Dead Birds,Drama,2005
15,321,5,Ju-Rei: The Uncanny,Drama,2004
15,442,4,Mississippi Burning,Drama,1988
15,96,4,Inside the Space Station,Sci-Fi,2000
15,400,5,Rio Lobo,Drama,1970
15,120,4,Plain Dirty,Drama,2004
15,103,3,Sanford and Son: Season 6,Drama,1976
15,265,3,The Jeff Corwin Experience: Costa Rica and the Amazon,Drama,2002
15,65,4,Lost in the Pershing Point Hotel,Drama,2000
15,239,2,Winnie the Pooh: Springtime with Roo,Drama,2004
15,5,3,The Rise and Fall of ECW,Drama,2004
15,270,5,Sex and the City: Season 4,Drama,2001
15,445,1,Michael Collins,Drama,1996
15,358,5,The Onion Field,Drama,1979
15,370,5,Chaplin,Drama,1918
15,348,3,The Last Temptation of Christ,Drama,1988
15,395,4,Captain Blood,Drama,1935
15,322,4,Flesh Gordon,Drama,1974
15,452,5,Scorched,Drama,2002
15,302,5,The Isle,Drama,2001
16,50,2,A Yank in the R.A.F.,Drama,1941
16,63,3,Crash Dive,Drama,1943
16,382,4,Buried in the Sand: The Deception of America,Drama,2004
16,471,4,City Lights,Drama,1931
16,420,4,Saturday Night Live: The Best of Dana Carvey,Horror,1999
16,150,4,Firetrap,Drama,2001
16,42,3,Searching for Paradise,Drama,2002
16,51,3,Jonah: A VeggieTales Movie: Bonus Material,Drama,2002
16,469,2,First Night of My Life: 2000 Seen By...,Drama,1998
16,69,5,WWE: Armageddon 2003,Drama,2003
16,362,4,The Flintstones in Viva Rock Vegas,Drama,2000
16,423,3,My Favorite Martian #1,Drama,1963
16,135,2,GTO: Great Teacher Onizuka: Set 2,Drama,1998
16,296,5,In His Life: The John Lennon Story,Drama,2000
16,48,2,Justice League,Drama,2001
16,1,3,Dinosaur Planet,Sci-Fi,2003
16,468,4,The Matrix: Revolutions,Drama,2003
16,96,4,Inside the Space Station,Sci-Fi,2000
16,349,5,The Swarm,Action,1978
16,170,5,Tomorrow,Drama,1972
16,229,4,Peter Gabriel: Growing Up Live,Drama,2003
16,32,2,ABC Primetime: Mel Gibson's The Passion of the Christ,Romance,2004
16,216,3,Impostor,Drama,2000
16,126,4,Vampire Effect (aka Twins Effect),Drama,2003
16,166,5,Fame,Drama,1980
16,75,2,Grind,Drama,1997
16,186,5,Panic in the Streets,Drama,1950
16,60,4,The Libertine,Drama,1969
16,368,5,The Best of Designing Women,Drama,1986
16,276,3,Cold Harvest,Drama,1998
16,152,2,A Little Princess,Drama,1995
16,212,4,Querelle,Drama,1982
16,478,4,The Beverly Hillbillies,Drama,1962
16,43,5,Silent Service,Drama,2000
16,13,3,Lord of the Rings: The Return of the King: Extended Edition: Bonus Material,Drama,2003
16,27,3,Sesame Street: Elmo's World: The Street We Live On,Documentary,1962
16,482,2,Frida,Drama,2002
16,90,4,The Lemon Drop Kid,Drama,1951
16,309,4,The Day of the Locust,Drama,1975
16,427,2,Graveyard Shift,Drama,1990
16,262,3,Herbie Rides Again,Drama,1974
16,438,3,Bean: The Movie,Drama,1997
16,400,2,Rio Lobo,Drama,1970
16,402,3,Pan Tadeusz,Drama,1999
16,73,2,Davy Crockett: 50th Anniversary Double Feature,Drama,1954
16,3,3,Character,Drama,1997
16,306,3,Sesame Street: Sing Yourself Silly!,Comedy,2005
16,121,2,Beyonce: Live at Wembley,Drama,2003
16,28,5,Lilo and Stitch,Drama,2002
16,107,5,Magnolia: Bonus Material,Drama,2000
16,210,3,Onmyoji,Drama,2001
16,242,4,Neon Genesis Evangelion: The End of Evangelion,Drama,1995
16,273,4,Taxi,Drama,2004
16,450,5,Isaac Stern: Life's Virtuoso,Drama,2000
16,354,3,Sadomania,Drama,1981
16,195,5,Chasing Freedom,Drama,2004
16,160,3,Gormenghast,Drama,2000
16,267,2,Touched by an Angel: Season 1,Drama,1994
16,340,4,Midnight: 2000 Seen By...,Horror,1998
16,14,5,Nature: Antarctica,Documentary,1982
16,339,5,Rolling Stones: Rock and Roll Circus,Drama,1968
16,322,2,Flesh Gordon,Drama,1974
16,274,4,Crazy as Hell,Comedy,2002
16,330,3,Wild Things,Drama,1998
16,412,4,Jay Jay the Jet Plane: Adventures in Learning,Animation,1999
16,127,2,Fatal Beauty,Drama,1987
16,289,2,The Avengers,Drama,1998
16,77,3,Congo,Drama,1995
16,4,4,Paula Abdul's Get Up & Dance,Drama,1994
16,5,3,The Rise and Fall of ECW,Drama,2004
16,2,4,Isle of Man TT 2004 Review,Drama,2004
16,271,5,Saludos Amigos,Drama,1943
16,194,4,Arliss: The Best of Arliss,Drama,1996
16,390,5,The Fan,Drama,1981
16,490,4,The Passion of Ayn Rand,Romance,1999
16,36,2,Lady Chatterley,Drama,1992
17,344,5,The Taming of the Shrew,Drama,1967
17,298,5,Crunch: Pick Your Spot Pilates,Drama,2002
17,101,3,Complete Shamanic Princess,Drama,1997
17,325,4,Ghosts of Rwanda: Frontline,Horror,2004
17,387,2,Bizet's Carmen,Drama,1984
17,247,3,Oleanna,Drama,1994
17,213,4,Dinner Rush,Drama,2001
17,223,5,Chappelle's Show: Season 1,Drama,2003
17,104,4,The Great Race,Drama,1965
17,40,3,Pitcher and the Pin-Up,Drama,2004
17,67,4,Vampire Journals,Drama,1997
17,423,5,My Favorite Martian #1,Drama,1963
17,50,3,A Yank in the R.A.F.,Drama,1941
17,24,3,My Bloody Valentine,Romance,1981
17,316,1,Futurama: Monster Robot Maniac Fun Collection,Comedy,1999
17,153,3,MTV Yoga,Drama,2002
17,204,1,Venus Boyz,Drama,2002
17,144,3,Deepak Chopra: The Way of the Wizard & Alchemy,Fantasy,2000
17,132,5,Lucio Fulci: The Beyond,Drama,1981
17,220,1,Winston Churchill: The Wilderness Years,Drama,1983
17,175,5,Reservoir Dogs,Drama,1992
17,190,3,Blood and Sand,Drama,1989
17,6,3,Sick,Drama,1997
17,17,3,7 Seconds,Drama,2005
17,94,1,G3: Live in Concert,Drama,2000
17,370,3,Chaplin,Drama,1918
17,251,5,Midsomer Murders: Strangler's Wood,Thriller,2000
17,120,2,Plain Dirty,Drama,2004
17,324,2,Mother's Boys,Drama,1994
17,21,4,Strange Relations,Drama,2002
17,308,3,The Legend of the 7 Golden Vampires/7 Brothers of Dracula,Fantasy,1974
17,333,3,Mail Call: The Best of Season 2,Drama,2003
17,122,4,Cube 2: Hypercube,Drama,2002
17,2,4,Isle of Man TT 2004 Review,Drama,2004
17,257,3,Charlotte's Web,Drama,1973
17,182,4,Moby: Play,Drama,2001
17,449,5,Jimmy Buffett: MiniMatinee #1,Drama,2003
17,276,2,Cold Harvest,Drama,1998
17,185,1,Missing in Action 2: The Beginning / Missing in Action 3: Braddock,Action,1985
17,478,4,The Beverly Hillbillies,Drama,1962
17,368,5,The Best of Designing Women,Drama,1986
17,438,3,Bean: The Movie,Drama,1997
17,306,4,Sesame Street: Sing Yourself Silly!,Comedy,2005
17,69,3,WWE: Armageddon 2003,Drama,2003
17,109,5,No Way Back,Drama,1996
17,149,3,The Edward R. Murrow Collection,Action,2005
17,467,3,Topper Returns,Drama,1941
17,271,5,Saludos Amigos,Drama,1943
17,96,3,Inside the Space Station,Sci-Fi,2000
17,11,2,Full Frame: Documentary Shorts,Documentary,1999
17,272,5,Female Yakuza Tale,Drama,1973
17,27,3,Sesame Street: Elmo's World: The Street We Live On,Documentary,1962
17,311,2,Ed Wood,Drama,1994
17,392,5,Danielle Steel's Heartbeat,Drama,1993
17,479,3,George Carlin: What Am I Doing in New Jersey?,Drama,1988
17,117,4,Silk Stockings,Drama,1957
17,142,4,The Tricky Master,Drama,2000
17,239,2,Winnie the Pooh: Springtime with Roo,Drama,2004
17,419,4,George Lopez: Why You Crying?,Drama,2005
17,233,4,Chato's Land,Drama,1971
18,14,3,Nature: Antarctica,Documentary,1982
18,198,4,Gupt,Drama,1997
18,443,5,Rabbit-Proof Fence,Drama,2002
18,358,4,The Onion Field,Drama,1979
18,308,2,The Legend of the 7 Golden Vampires/7 Brothers of Dracula,Fantasy,1974
18,96,4,Inside the Space Station,Sci-Fi,2000
18,317,2,Mandela and de Klerk,Drama,1997
18,29,2,Boycott,Drama,2001
18,180,3,Scratch,Drama,2002
18,99,5,A Fishy Story,Drama,1989
18,384,4,Crossroads,Drama,1986
18,400,2,Rio Lobo,Drama,1970
18,20,3,Seeta Aur Geeta,Drama,1972
18,409,3,Godzilla vs. The Sea Monster,Drama,1966
18,419,1,George Lopez: Why You Crying?,Drama,2005
18,237,4,Broken Blossoms,Drama,1918
18,274,3,Crazy as Hell,Comedy,2002
18,137,2,Naked Lies,Drama,1998
18,152,2,A Little Princess,Drama,1995
18,353,5,Life or Something Like It,Drama,2002
18,233,3,Chato's Land,Drama,1971
18,408,5,Nightbreed,Horror,1990
18,202,5,Ruby's Bucket of Blood,Drama,2001
18,296,5,In His Life: The John Lennon Story,Drama,2000
18,477,3,George Carlin: Personal Favorites,Drama,1990
18,307,1,Godsmack: Smack This!,Drama,2002
18,225,4,The Cookout,Drama,2004
18,94,5,G3: Live in Concert,Drama,2000
18,34,3,Ashtanga Yoga: Beginner's Practice with Nicki Doane,Drama,2003
18,141,1,Goddess of Mercy,Drama,2004
18,373,3,Third World Cop,Documentary,2000
18,387,3,Bizet's Carmen,Drama,1984
18,130,2,Drowning on Dry Land,Drama,1999
18,71,1,Maya Lin: A Strong Clear Vision,Drama,1995
18,441,3,Dark Shadows: Vol. 9,Horror,1968
18,131,3,Arachnid,Drama,2002
18,167,5,The Chorus,Drama,2004
18,85,4,Elfen Lied,Drama,2005
18,490,4,The Passion of Ayn Rand,Romance,1999
18,306,3,Sesame Street: Sing Yourself Silly!,Comedy,2005
18,338,4,The Three Stooges: Three Smart Saps,Drama,1942
18,98,2,The Battle of Algiers: Bonus Material,Action,1965
18,420,2,Saturday Night Live: The Best of Dana Carvey,Horror,1999
18,18,5,Immortal Beloved,Drama,1994
18,471,4,City Lights,Drama,1931
18,269,3,Parenthood,Drama,1989
18,456,4,Emma (Miniseries),Drama,1996
18,216,4,Impostor,Drama,2000
18,294,5,Oasis,Drama,2002
18,370,4,Chaplin,Drama,1918
18,153,2,MTV Yoga,Drama,2002
18,172,3,Jack,Drama,2003
18,39,4,Love Reinvented,Drama,2000
18,154,5,Demon Warrior Koji,Action,2000
18,55,2,Jade,Drama,1995
18,340,4,Midnight: 2000 Seen By...,Horror,1998
18,3,2,Character,Drama,1997
18,238,3,Led Zeppelin: The Song Remains the Same,Drama,1976
18,249,5,The Hunters,Drama,1958
18,143,4,The Game,Drama,1997
18,5,3,The Rise and Fall of ECW,Drama,2004
18,402,3,Pan Tadeusz,Drama,1999
18,257,3,Charlotte's Web,Drama,1973
18,88,5,Record of Lodoss War: Chronicles of the Heroic Knight,Action,1998
18,337,4,Star 80,Sci-Fi,1983
18,392,2,Danielle Steel's Heartbeat,Drama,1993
18,253,5,A Night at the Opera,Horror,1935
18,265,5,The Jeff Corwin Experience: Costa Rica and the Amazon,Drama,2002
18,333,5,Mail Call: The Best of Season 2,Drama,2003
18,347,5,Iceman Cometh,Drama,1989
18,53,4,The Bonesetter,Drama,2003
18,324,3,Mother's Boys,Drama,1994
18,229,3,Peter Gabriel: Growing Up Live,Drama,2003
18,105,3,Obsessed,Drama,2002
18,491,3,Torn Curtain,Drama,1966
18,451,5,Batman the Animated Series: Vol. 3,Animation,1993
18,11,4,Full Frame: Documentary Shorts,Documentary,1999
18,411,5,Vendetta,Drama,1999
18,252,4,Stuart Little 2,Drama,2002
18,163,2,MTV: Making the Band 2: Best of Season 1,Drama,2002
19,390,1,The Fan,Drama,1981
19,287,5,Luther Vandross: Always and Forever: An Evening of Songs,Drama,1994
19,149,4,The Edward R. Murrow Collection,Action,2005
19,386,5,Princess Caraboo,Drama,1994
19,297,3,The Hebrew Hammer,Drama,2003
19,187,4,Death to Smoochy,Horror,2002
19,499,3,Under Suspicion,Drama,2000
19,413,5,Igby Goes Down,Drama,2002
19,153,3,MTV Yoga,Drama,2002
19,34,3,Ashtanga Yoga: Beginner's Practice with Nicki Doane,Drama,2003
19,406,4,Hostage,Drama,2005
19,118,4,Rambo: First Blood Part II,Drama,1985
19,86,3,Iron Monkey 2,Drama,1996
19,431,5,Millennium Actress,Drama,2002
19,326,3,The Plainsman,Drama,1937
19,373,3,Third World Cop,Documentary,2000
19,152,4,A Little Princess,Drama,1995
19,398,1,In the Realm of the Senses,Documentary,1976
19,240,2,Woman of the Year,Drama,1942
19,389,5,Steal,Drama,2002
19,186,3,Panic in the Streets,Drama,1950
19,168,3,Smokey and the Bandit Part 3,Drama,1983
19,464,5,The Return of Ruben Blades,Drama,1987
19,284,3,Sasquatch Hunters,Drama,2005
19,497,3,Broadway's Lost Treasures,Drama,2003
19,251,5,Midsomer Murders: Strangler's Wood,Thriller,2000
19,304,3,King of the Hill: Season 1,Drama,1997
19,160,5,Gormenghast,Drama,2000
19,250,5,Cast a Giant Shadow,Drama,1966
19,289,5,The Avengers,Drama,1998
19,12,3,My Favorite Brunette,Drama,1947
19,244,5,Stellvia,Drama,2004
19,333,4,Mail Call: The Best of Season 2,Drama,2003
19,418,2,The Deal,Drama,2004
19,128,1,Mr. Vampire,Drama,1985
19,94,3,G3: Live in Concert,Drama,2000
19,84,4,The Powerpuff Girls Movie,Drama,2002
19,452,4,Scorched,Drama,2002
19,467,3,Topper Returns,Drama,1941
19,282,3,Blue Seed: Beyond,Drama,2003
19,140,3,Lost in the Wild,Drama,1993
19,454,5,Xena: Warrior Princess: Season 3,Action,1995
19,231,2,Marooned in Iraq,Drama,2002
19,475,4,Surf Ninjas,Drama,1993
19,182,3,Moby: Play,Drama,2001
19,104,2,The Great Race,Drama,1965
20,283,5,If These Walls Could Talk,Drama,1996
20,117,3,Silk Stockings,Drama,1957
20,232,4,Gross Anatomy,Drama,1989
20,423,5,My Favorite Martian #1,Drama,1963
20,69,4,WWE: Armageddon 2003,Drama,2003
20,478,3,The Beverly Hillbillies,Drama,1962
20,67,3,Vampire Journals,Drama,1997
20,496,4,Primus: Hallucino-Genetics Live 2004,Drama,2004
20,45,3,The Love Letter,Drama,1999
20,40,4,Pitcher and the Pin-Up,Drama,2004
20,505,4,A Thousand Acres,Drama,1997
20,43,5,Silent Service,Drama,2000
20,143,5,The Game,Drama,1997
20,468,3,The Matrix: Revolutions,Drama,2003
20,386,4,Princess Caraboo,Drama,1994
20,452,2,Scorched,Drama,2002
20,110,4,Scandal,Drama,1989
20,464,3,The Return of Ruben Blades,Drama,1987
20,330,2,Wild Things,Drama,1998
20,499,4,Under Suspicion,Drama,2000
20,294,1,Oasis,Drama,2002
20,360,1,Lies,Drama,1999
20,20,3,Seeta Aur Geeta,Drama,1972
20,161,4,Ninotchka,Drama,1939
20,44,3,Spitfire Grill,Drama,1996
20,202,2,Ruby's Bucket of Blood,Drama,2001
20,460,3,Pink Narcissus,Drama,1971
20,227,4,The Carol Burnett Show: Show Stoppers,Drama,2001
20,170,4,Tomorrow,Drama,1972
20,465,3,Coolie No.1,Drama,1995
20,46,5,Rudolph the Red-Nosed Reindeer,Drama,1964
20,27,4,Sesame Street: Elmo's World: The Street We Live On,Documentary,1962
20,370,3,Chaplin,Drama,1918
20,144,3,Deepak Chopra: The Way of the Wizard & Alchemy,Fantasy,2000
20,426,2,Recess: School's Out,Drama,2001
20,325,3,Ghosts of Rwanda: Frontline,Horror,2004
20,233,5,Chato's Land,Drama,1971
20,231,4,Marooned in Iraq,Drama,2002
20,36,5,Lady Chatterley,Drama,1992
20,218,3,Triumph: Live at the US Festival,Drama,1983
20,30,5,Something's Gotta Give,Drama,2003
21,359,4,Absolutely Fabulous: Series 5,Drama,2003
21,147,2,Where Sleeping Dogs Lie,Drama,1992
21,122,3,Cube 2: Hypercube,Drama,2002
21,234,4,Animation Legend: Winsor McCay,Animation,1921
21,50,3,A Yank in the R.A.F.,Drama,1941
21,196,2,Peter Tosh: Stepping Razor: Red X,Drama,1992
21,462,2,Classic Cartoon Favorites: Starring Donald,Animation,2005
21,297,4,The Hebrew Hammer,Drama,2003
21,479,4,George Carlin: What Am I Doing in New Jersey?,Drama,1988
21,67,3,Vampire Journals,Drama,1997
21,104,3,The Great Race,Drama,1965
21,344,5,The Taming of the Shrew,Drama,1967
21,429,3,Zeus and Roxanne,Drama,1997
21,472,5,Mr. Jealousy,Drama,1998
21,456,2,Emma (Miniseries),Drama,1996
21,111,5,Duplex (Widescreen),Drama,2003
21,227,4,The Carol Burnett Show: Show Stoppers,Drama,2001
21,315,5,Combat! Season 3: Operation 2,Action,1964
21,294,2,Oasis,Drama,2002
21,501,1,Three Days of the Condor,Drama,1975
21,16,5,Screamers,Drama,1996
21,504,2,The Twilight Zone: Vol. 27,Drama,1964
21,148,4,Sweet November,Drama,2001
21,333,5,Mail Call: The Best of Season 2,Drama,2003
21,92,4,ECW: Cyberslam '99,Sci-Fi,2002
21,168,4,Smokey and the Bandit Part 3,Drama,1983
21,447,4,The Making of Fanny and Alexander,Drama,1986
21,130,5,Drowning on Dry Land,Drama,1999
21,263,4,Dragon Ball: Tournament Saga,Fantasy,2001
21,70,2,Tai Chi: The 24 Forms,Drama,1999
21,87,5,Louder Than Bombs,Drama,2002
21,289,4,The Avengers,Drama,1998
21,212,4,Querelle,Drama,1982
21,242,4,Neon Genesis Evangelion: The End of Evangelion,Drama,1995
21,115,5,Lord Peter Wimsey: Murder Must Advertise,Thriller,1973
21,184,5,Billy Blanks: Tae Bo: Cardio Circuit 1,Drama,2004
21,386,4,Princess Caraboo,Drama,1994
21,194,4,Arliss: The Best of Arliss,Drama,1996
21,349,4,The Swarm,Action,1978
21,364,5,Billy Blanks: Tae Bo: Contact 2,Drama,2004
21,157,2,Laird: White Knuckle Extreme,Drama,2004
22,140,4,Lost in the Wild,Drama,1993
22,489,4,Return to Paradise,Drama,1998
22,39,1,Love Reinvented,Drama,2000
22,198,4,Gupt,Drama,1997
22,73,3,Davy Crockett: 50th Anniversary Double Feature,Drama,1954
22,139,4,Allergies: A Natural Approach,Drama,2001
22,299,4,Bridget Jones's Diary,Drama,2001
22,93,3,They Came Back,Drama,2004
22,452,4,Scorched,Drama,2002
22,359,4,Absolutely Fabulous: Series 5,Drama,2003
22,208,4,The Three Stooges: Sing a Song of Six Pants,Drama,1947
22,147,4,Where Sleeping Dogs Lie,Drama,1992
22,280,4,Sarah Brightman: In Concert,Drama,1998
22,254,3,Westender,Drama,2003
22,314,5,Saturday Night Live: The Best of Jon Lovitz,Horror,1985
22,168,4,Smokey and the Bandit Part 3,Drama,1983
22,205,5,Troy: Bonus Material,Drama,2004
22,389,4,Steal,Drama,2002
22,157,4,Laird: White Knuckle Extreme,Drama,2004
22,83,3,Silkwood,Drama,1983
22,447,3,The Making of Fanny and Alexander,Drama,1986
22,371,5,The Trouble with Angels,Drama,1966
22,260,4,Marat / Sade,Drama,1967
22,430,3,Chobits,Drama,2002
22,279,2,Micki and Maude,Drama,1984
22,155,5,The Strongest Man in the World,Documentary,1975
22,224,4,Midsomer Murders: Blood Will Out,Thriller,1999
22,287,2,Luther Vandross: Always and Forever: An Evening of Songs,Drama,1994
22,333,4,Mail Call: The Best of Season 2,Drama,2003
22,194,3,Arliss: The Best of Arliss,Drama,1996
22,219,3,Neon Bible,Drama,1995
22,153,4,MTV Yoga,Drama,2002
22,402,3,Pan Tadeusz,Drama,1999
22,238,3,Led Zeppelin: The Song Remains the Same,Drama,1976
22,405,5,Wings of Desire,Drama,1987
22,300,1,Option Zero,Drama,1997
22,36,3,Lady Chatterley,Drama,1992
22,119,5,Travel the World by Train: Africa,Documentary,1999
22,49,4,Devo: The Complete Truth About De-evolution,Drama,2003
22,431,5,Millennium Actress,Drama,2002
22,66,5,Barbarian Queen 2,Drama,1989
22,499,5,Under Suspicion,Drama,2000
22,309,2,The Day of the Locust,Drama,1975
22,505,2,A Thousand Acres,Drama,1997
22,18,4,Immortal Beloved,Drama,1994
22,227,2,The Carol Burnett Show: Show Stoppers,Drama,2001
22,249,1,The Hunters,Drama,1958
22,323,4,Modern Vampires,Drama,1999
22,395,4,Captain Blood,Drama,1935
22,259,5,Animal,Drama,2004
22,422,4,The Unsinkable Molly Brown,Drama,1964
22,360,5,Lies,Drama,1999
22,242,4,Neon Genesis Evangelion: The End of Evangelion,Drama,1995
22,163,2,MTV: Making the Band 2: Best of Season 1,Drama,2002
23,18,4,Immortal Beloved,Drama,1994
23,235,2,Unhook the Stars,Sci-Fi,1996
23,367,4,Spun,Drama,2003
23,303,5,Les Liaisons Dangereuses,Drama,1959
23,359,4,Absolutely Fabulous: Series 5,Drama,2003
23,164,5,One Last Dance,Drama,2003
23,429,2,Zeus and Roxanne,Drama,1997
23,342,4,Noir,Drama,2001
23,79,3,The Killing,Thriller,1956
23,225,5,The Cookout,Drama,2004
23,437,5,Beyblade: Fierce Battle,Action,2005
23,12,5,My Favorite Brunette,Drama,1947
23,283,3,If These Walls Could Talk,Drama,1996
23,396,4,Arjuna: Complete Collection,Drama,2001
23,166,4,Fame,Drama,1980
23,180,3,Scratch,Drama,2002
23,338,4,The Three Stooges: Three Smart Saps,Drama,1942
23,273,5,Taxi,Drama,2004
23,161,3,Ninotchka,Drama,1939
23,76,3,I Love Lucy: Season 2,Drama,1952
23,255,3,The Hunchback of Notre Dame II,Drama,2001
23,246,2,The Boston Strangler,Drama,1968
23,19,5,By Dawn's Early Light,Drama,2000
23,9,3,Class of Nuke 'Em High 2,Drama,1991
23,142,3,The Tricky Master,Drama,2000
23,80,4,Winter Kills,Thriller,1979
23,411,3,Vendetta,Drama,1999
23,100,3,Sam the Iron Bridge,Drama,1993
23,61,4,Ricky Martin: One Night Only,Horror,1999
23,179,3,Bollywood Bound,Drama,2003
23,442,1,Mississippi Burning,Drama,1988
23,217,5,Cherry 2000,Drama,1988
23,502,3,Mitch Hedberg: Mitch All Together,Drama,2003
23,170,3,Tomorrow,Drama,1972
23,362,3,The Flintstones in Viva Rock Vegas,Drama,2000
23,410,4,Frank Lloyd Wright,Drama,1998
23,124,3,Cold Blooded,Drama,2000
23,248,5,Michael Moore's The Awful Truth: Season 2,Drama,2001
23,117,5,Silk Stockings,Drama,1957
23,378,3,Party Monster,Drama,2003
23,267,2,Touched by an Angel: Season 1,Drama,1994
24,70,5,Tai Chi: The 24 Forms,Drama,1999
24,20,5,Seeta Aur Geeta,Drama,1972
24,112,4,The Eye of Vichy,Drama,1993
24,311,3,Ed Wood,Drama,1994
24,269,5,Parenthood,Drama,1989
24,322,4,Flesh Gordon,Drama,1974
24,161,2,Ninotchka,Drama,1939
24,186,3,Panic in the Streets,Drama,1950
24,99,4,A Fishy Story,Drama,1989
24,271,4,Saludos Amigos,Drama,1943
24,331,5,Chasing Amy,Drama,1997
24,137,3,Naked Lies,Drama,1998
24,423,2,My Favorite Martian #1,Drama,1963
24,48,5,Justice League,Drama,2001
24,354,1,Sadomania,Drama,1981
24,500,3,Mail Call: The Best of Season 1,Drama,2002
24,301,4,Hard Ground,Drama,2003
24,159,5,Gentlemen of Fortune,Drama,1971
24,23,4,Clifford: Clifford Saves the Day! / Clifford's Fluffiest Friend Cleo,Drama,2001
24,475,5,Surf Ninjas,Drama,1993
24,31,3,Classic Albums: Meat Loaf: Bat Out of Hell,Drama,1999
24,368,2,The Best of Designing Women,Drama,1986
24,267,3,Touched by an Angel: Season 1,Drama,1994
24,54,3,We're Not Married,Drama,1952
24,49,3,Devo: The Complete Truth About De-evolution,Drama,2003
24,309,2,The Day of the Locust,Drama,1975
24,352,4,Pick a Card,Drama,1997
24,247,4,Oleanna,Drama,1994
24,374,2,The Little Girl Who Lives Down the Lane,Drama,1976
24,502,5,Mitch Hedberg: Mitch All Together,Drama,2003
24,323,3,Modern Vampires,Drama,1999
24,287,2,Luther Vandross: Always and Forever: An Evening of Songs,Drama,1994
24,171,4,Funny Face,Comedy,1957
24,398,1,In the Realm of the Senses,Documentary,1976
24,306,4,Sesame Street: Sing Yourself Silly!,Comedy,2005
24,139,1,Allergies: A Natural Approach,Drama,2001
24,336,2,The Driver,Drama,1978
24,503,5,Max and Ruby: Springtime for Max and Ruby,Drama,2005
24,33,3,Aqua Teen Hunger Force: Vol. 1,Action,2000
24,335,3,Fear No Evil,Horror,1981
24,494,5,Monty Python's The Meaning of Life: Special Edition,Drama,1983
24,461,3,Nightwalker #1: Midnight Detective,Horror,2000
24,344,4,The Taming of the Shrew,Drama,1967
24,307,5,Godsmack: Smack This!,Drama,2002
24,244,4,Stellvia,Drama,2004
24,305,2,Jack,Drama,1996
24,312,3,High Fidelity,Drama,2000
24,15,5,Neil Diamond: Greatest Hits Live,Drama,1988
24,491,3,Torn Curtain,Drama,1966
24,69,5,WWE: Armageddon 2003,Drama,2003
24,155,5,The Strongest Man in the World,Documentary,1975
24,240,4,Woman of the Year,Drama,1942
24,251,4,Midsomer Murders: Strangler's Wood,Thriller,2000
24,78,3,Jingle All the Way,Drama,1996
24,209,3,Star Trek: Deep Space Nine: Season 5,Sci-Fi,1996
24,445,3,Michael Collins,Drama,1996
24,470,3,Beneath Loch Ness,Drama,2001
24,152,2,A Little Princess,Drama,1995
24,113,2,Bruce Lee: A Warrior's Journey,Action,2000
24,162,5,John Cleese on How to Irritate People,Drama,1968
24,450,2,Isaac Stern: Life's Virtuoso,Drama,2000
24,184,5,Billy Blanks: Tae Bo: Cardio Circuit 1,Drama,2004
24,367,1,Spun,Drama,2003
24,329,4,Dogma,Drama,1999
24,181,3,The Last Shot,Drama,2004
24,178,5,Regular Guys,Drama,1996
24,220,3,Winston Churchill: The Wilderness Years,Drama,1983
25,161,1,Ninotchka,Drama,1939
25,59,5,Sex and the Beauties,Drama,2003
25,227,3,The Carol Burnett Show: Show Stoppers,Drama,2001
25,219,4,Neon Bible,Drama,1995
25,334,2,The Pacifier,Drama,2005
25,151,4,Sleepover Nightmare,Horror,2005
25,441,3,Dark Shadows: Vol. 9,Horror,1968
25,301,3,Hard Ground,Drama,2003
25,204,5,Venus Boyz,Drama,2002
25,157,4,Laird: White Knuckle Extreme,Drama,2004
25,77,3,Congo,Drama,1995
25,10,1,Fighter,Action,2001
25,189,5,Airplane II: The Sequel,Drama,1982
25,464,5,The Return of Ruben Blades,Drama,1987
25,89,4,Chain of Command,Drama,2000
25,403,3,Substitute 4: Failure is Not an Option,Drama,2000
25,445,3,Michael Collins,Drama,1996
25,266,3,Saudade Do Futuro,Drama,2000
25,97,5,Mostly Martha,Drama,2002
25,431,4,Millennium Actress,Drama,2002
25,376,3,Genesis: The Way We Walk: Live in Concert,Drama,2001
25,187,3,Death to Smoochy,Horror,2002
25,34,5,Ashtanga Yoga: Beginner's Practice with Nicki Doane,Drama,2003
25,310,5,Leila,Drama,2000
25,112,5,The Eye of Vichy,Drama,1993
25,193,4,Marilyn Manson: Fear of a Satanic Planet,Horror,2005
25,144,3,Deepak Chopra: The Way of the Wizard & Alchemy,Fantasy,2000
25,40,1,Pitcher and the Pin-Up,Drama,2004
25,155,4,The Strongest Man in the World,Documentary,1975
25,83,3,Silkwood,Drama,1983
25,61,4,Ricky Martin: One Night Only,Horror,1999
25,425,4,The 10th Kingdom,Fantasy,2000
25,283,2,If These Walls Could Talk,Drama,1996
25,228,4,Butch and Sundance: The Early Days,Drama,1979
25,94,4,G3: Live in Concert,Drama,2000
25,120,4,Plain Dirty,Drama,2004
25,212,5,Querelle,Drama,1982
25,321,4,Ju-Rei: The Uncanny,Drama,2004
25,277,3,Enigma: MCMXC A.D,Drama,2003
25,389,3,Steal,Drama,2002
25,477,4,George Carlin: Personal Favorites,Drama,1990
25,272,4,Female Yakuza Tale,Drama,1973
25,168,5,Smokey and the Bandit Part 3,Drama,1983
25,494,4,Monty Python's The Meaning of Life: Special Edition,Drama,1983
25,131,5,Arachnid,Drama,2002
25,435,5,Love Can Seriously Damage Your Health,Drama,1996
25,393,4,The Replacement Killers,Thriller,1998
25,3,1,Character,Drama,1997
25,186,5,Panic in the Streets,Drama,1950
25,262,3,Herbie Rides Again,Drama,1974
25,32,3,ABC Primetime: Mel Gibson's The Passion of the Christ,Romance,2004
25,351,3,Guns of the Magnificent Seven,Drama,1969
25,176,3,The History Channel Presents: Troy: Unearthing the Legend,Drama,2004
25,171,4,Funny Face,Comedy,1957
25,196,2,Peter Tosh: Stepping Razor: Red X,Drama,1992
25,475,2,Surf Ninjas,Drama,1993
25,159,4,Gentlemen of Fortune,Drama,1971
25,222,4,Yellow,Drama,1998
26,107,4,Magnolia: Bonus Material,Drama,2000
26,406,4,Hostage,Drama,2005
26,35,5,Ferngully 2: The Magical Rescue,Animation,2000
26,53,1,The Bonesetter,Drama,2003
26,361,5,The Phantom of the Opera: Special Edition,Drama,2004
26,258,5,Mann,Drama,1999
26,343,3,French and Saunders: Live,Drama,2000
26,239,5,Winnie the Pooh: Springtime with Roo,Drama,2004
26,423,3,My Favorite Martian #1,Drama,1963
26,377,2,Dick Francis: The Racing Game,Drama,1979
26,184,3,Billy Blanks: Tae Bo: Cardio Circuit 1,Drama,2004
26,321,5,Ju-Rei: The Uncanny,Drama,2004
26,120,2,Plain Dirty,Drama,2004
26,76,3,I Love Lucy: Season 2,Drama,1952
26,464,4,The Return of Ruben Blades,Drama,1987
26,201,4,Home Movie,Drama,2001
26,161,4,Ninotchka,Drama,1939
26,459,4,Basquiat,Drama,1996
26,349,4,The Swarm,Action,1978
26,270,3,Sex and the City: Season 4,Drama,2001
26,468,4,The Matrix: Revolutions,Drama,2003
26,502,2,Mitch Hedberg: Mitch All Together,Drama,2003
26,447,5,The Making of Fanny and Alexander,Drama,1986
26,305,3,Jack,Drama,1996
26,372,5,Jeans,Drama,1998
26,134,3,Spirit Lost,Drama,1996
26,150,4,Firetrap,Drama,2001
26,236,3,Cartoon Crazys Sci-Fi,Comedy,1998
26,295,2,Ace Ventura: When Nature Calls,Documentary,1995
26,374,1,The Little Girl Who Lives Down the Lane,Drama,1976
26,472,2,Mr. Jealousy,Drama,1998
26,81,3,Antarctica: IMAX,Drama,1991
26,29,4,Boycott,Drama,2001
26,111,5,Duplex (Widescreen),Drama,2003
26,67,3,Vampire Journals,Drama,1997
26,291,2,Chained Heat 3: Hell Mountain,Drama,2000
26,293,2,Lennon Legend: The Very Best of John Lennon,Fantasy,2003
26,354,4,Sadomania,Drama,1981
26,272,5,Female Yakuza Tale,Drama,1973
26,227,5,The Carol Burnett Show: Show Stoppers,Drama,2001
26,375,4,Nine Dead Gay Guys,Drama,2003
26,11,4,Full Frame: Documentary Shorts,Documentary,1999
26,364,5,Billy Blanks: Tae Bo: Contact 2,Drama,2004
26,301,4,Hard Ground,Drama,2003
26,196,4,Peter Tosh: Stepping Razor: Red X,Drama,1992
26,128,3,Mr. Vampire,Drama,1985
26,356,2,Look at Me,Drama,2005
26,98,3,The Battle of Algiers: Bonus Material,Action,1965
26,474,3,Legend of 1900,Fantasy,1998
26,399,4,Fangs,Drama,2001
26,279,5,Micki and Maude,Drama,1984
26,118,4,Rambo: First Blood Part II,Drama,1985
26,251,5,Midsomer Murders: Strangler's Wood,Thriller,2000
26,33,3,Aqua Teen Hunger Force: Vol. 1,Action,2000
26,122,3,Cube 2: Hypercube,Drama,2002
26,210,2,Onmyoji,Drama,2001
26,133,3,Viva La Bam: Season 1,Drama,2003
26,462,4,Classic Cartoon Favorites: Starring Donald,Animation,2005
26,160,4,Gormenghast,Drama,2000
26,308,5,The Legend of the 7 Golden Vampires/7 Brothers of Dracula,Fantasy,1974
26,327,4,Storefront Hitchcock,Drama,1997
26,302,3,The Isle,Drama,2001
26,310,5,Leila,Drama,2000
26,20,3,Seeta Aur Geeta,Drama,1972
26,61,5,Ricky Martin: One Night Only,Horror,1999
26,411,3,Vendetta,Drama,1999
26,336,4,The Driver,Drama,1978
26,152,5,A Little Princess,Drama,1995
26,116,4,Bear Cub,Drama,2004
27,206,3,Unconstitutional: The War on Our Civil Liberties,Action,2004
27,382,3,Buried in the Sand: The Deception of America,Drama,2004
27,377,3,Dick Francis: The Racing Game,Drama,1979
27,276,3,Cold Harvest,Drama,1998
27,322,4,Flesh Gordon,Drama,1974
27,219,3,Neon Bible,Drama,1995
27,313,3,Pay It Forward,Action,2000
27,215,3,That '70s Show: Season 1,Drama,1998
27,475,3,Surf Ninjas,Drama,1993
27,258,3,Mann,Drama,1999
27,303,3,Les Liaisons Dangereuses,Drama,1959
27,141,4,Goddess of Mercy,Drama,2004
27,177,2,Pressure,Drama,2002
27,323,3,Modern Vampires,Drama,1999
27,492,5,Mrs. Soffel,Drama,1984
27,25,3,Inspector Morse 31: Death Is Now My Neighbour,Horror,1997
27,302,2,The Isle,Drama,2001
27,89,2,Chain of Command,Drama,2000
27,399,2,Fangs,Drama,2001
27,4,5,Paula Abdul's Get Up & Dance,Drama,1994
27,27,5,Sesame Street: Elmo's World: The Street We Live On,Documentary,1962
27,201,2,Home Movie,Drama,2001
27,210,4,Onmyoji,Drama,2001
27,64,5,Outside the Law,Drama,2001
27,86,3,Iron Monkey 2,Drama,1996
27,291,3,Chained Heat 3: Hell Mountain,Drama,2000
27,222,5,Yellow,Drama,1998
27,450,1,Isaac Stern: Life's Virtuoso,Drama,2000
27,442,5,Mississippi Burning,Drama,1988
27,59,4,Sex and the Beauties,Drama,2003
27,309,5,The Day of the Locust,Drama,1975
27,202,2,Ruby's Bucket of Blood,Drama,2001
27,243,3,Pressure Point,Drama,1962
27,368,2,The Best of Designing Women,Drama,1986
27,238,3,Led Zeppelin: The Song Remains the Same,Drama,1976
27,73,4,Davy Crockett: 50th Anniversary Double Feature,Drama,1954
27,54,5,We're Not Married,Drama,1952
27,168,1,Smokey and the Bandit Part 3,Drama,1983
27,386,4,Princess Caraboo,Drama,1994
27,95,5,Dona Herlinda and Her Son,Drama,1985
27,137,5,Naked Lies,Drama,1998
28,400,3,Rio Lobo,Drama,1970
28,284,4,Sasquatch Hunters,Drama,2005
28,109,3,No Way Back,Drama,1996
28,57,4,Richard III,Drama,1995
28,391,3,The Monkees: Season 2,Drama,1967
28,205,3,Troy: Bonus Material,Drama,2004
28,480,3,Flypaper,Drama,1997
28,127,4,Fatal Beauty,Drama,1987
28,411,3,Vendetta,Drama,1999
28,358,4,The Onion Field,Drama,1979
28,11,4,Full Frame: Documentary Shorts,Documentary,1999
28,399,4,Fangs,Drama,2001
28,267,4,Touched by an Angel: Season 1,Drama,1994
28,314,3,Saturday Night Live: The Best of Jon Lovitz,Horror,1985
28,222,5,Yellow,Drama,1998
28,239,2,Winnie the Pooh: Springtime with Roo,Drama,2004
28,189,2,Airplane II: The Sequel,Drama,1982
28,140,2,Lost in the Wild,Drama,1993
28,318,5,Beyond Suspicion,Drama,1994
28,181,4,The Last Shot,Drama,2004
28,165,5,Richard Pryor: Live on the Sunset Strip,Drama,1982
28,429,2,Zeus and Roxanne,Drama,1997
28,454,5,Xena: Warrior Princess: Season 3,Action,1995
28,273,3,Taxi,Drama,2004
28,320,1,Eat Your Heart Out,Drama,1997
28,27,5,Sesame Street: Elmo's World: The Street We Live On,Documentary,1962
28,330,2,Wild Things,Drama,1998
28,335,3,Fear No Evil,Horror,1981
28,237,3,Broken Blossoms,Drama,1918
28,159,4,Gentlemen of Fortune,Drama,1971
28,172,3,Jack,Drama,2003
28,174,5,Adam-12: Season 1,Drama,1968
28,265,4,The Jeff Corwin Experience: Costa Rica and the Amazon,Drama,2002
28,305,4,Jack,Drama,1996
28,297,5,The Hebrew Hammer,Drama,2003
28,61,3,Ricky Martin: One Night Only,Horror,1999
28,505,3,A Thousand Acres,Drama,1997
28,328,5,Deftones: Live in Hawaii,Drama,2002
28,94,4,G3: Live in Concert,Drama,2000
28,341,2,Tremors 4: The Legend Begins,Fantasy,2004
28,458,2,Blast,Drama,2001
28,252,4,Stuart Little 2,Drama,2002
28,441,1,Dark Shadows: Vol. 9,Horror,1968
28,19,3,By Dawn's Early Light,Drama,2000
28,225,3,The Cookout,Drama,2004
28,210,3,Onmyoji,Drama,2001
28,124,2,Cold Blooded,Drama,2000
28,294,3,Oasis,Drama,2002
28,246,5,The Boston Strangler,Drama,1968
28,188,5,Dead Birds,Drama,2005
28,392,4,Danielle Steel's Heartbeat,Drama,1993
28,369,3,Playing Mona Lisa,Drama,2000
28,73,3,Davy Crockett: 50th Anniversary Double Feature,Drama,1954
28,91,4,WWE: Royal Rumble 2005,Drama,2005
29,367,4,Spun,Drama,2003
29,414,1,Girl,Drama,1999
29,420,5,Saturday Night Live: The Best of Dana Carvey,Horror,1999
29,193,4,Marilyn Manson: Fear of a Satanic Planet,Horror,2005
29,165,1,Richard Pryor: Live on the Sunset Strip,Drama,1982
29,41,5,Horror Vision,Horror,2000
29,227,3,The Carol Burnett Show: Show Stoppers,Drama,2001
29,80,5,Winter Kills,Thriller,1979
29,84,4,The Powerpuff Girls Movie,Drama,2002
29,442,2,Mississippi Burning,Drama,1988
29,108,4,Spartan,Drama,2004
29,269,4,Parenthood,Drama,1989
29,311,5,Ed Wood,Drama,1994
29,61,4,Ricky Martin: One Night Only,Horror,1999
29,282,2,Blue Seed: Beyond,Drama,2003
29,417,5,Transformers: Season 3: Part 1,Drama,1986
29,252,3,Stuart Little 2,Drama,2002
29,251,5,Midsomer Murders: Strangler's Wood,Thriller,2000
29,364,3,Billy Blanks: Tae Bo: Contact 2,Drama,2004
29,211,3,The Agronomist,Drama,2004
29,379,3,Crash Dive,Drama,1996
29,47,3,The Bad and the Beautiful,Drama,1952
29,159,3,Gentlemen of Fortune,Drama,1971
29,408,5,Nightbreed,Horror,1990
29,38,2,Daydream Obsession,Drama,2003
29,2,4,Isle of Man TT 2004 Review,Drama,2004
29,355,4,Sinful Nuns of St. Valentine,Romance,1973
29,226,5,Henry: Portrait of a Serial Killer 2,Thriller,1996
29,471,4,City Lights,Drama,1931
29,241,2,North by Northwest,Drama,1959
29,74,3,6ixtynin9,Drama,1999
29,385,4,The Santa Clause 2,Drama,2002
29,349,4,The Swarm,Action,1978
29,465,4,Coolie No.1,Drama,1995
29,225,5,The Cookout,Drama,2004
29,328,4,Deftones: Live in Hawaii,Drama,2002
29,57,4,Richard III,Drama,1995
29,180,1,Scratch,Drama,2002
29,60,3,The Libertine,Drama,1969
29,73,3,Davy Crockett: 50th Anniversary Double Feature,Drama,1954
29,351,1,Guns of the Magnificent Seven,Drama,1969
29,209,2,Star Trek: Deep Space Nine: Season 5,Sci-Fi,1996
29,393,3,The Replacement Killers,Thriller,1998
29,207,3,Denise Austin: Ultimate Fat Burner,Drama,2001
29,249,4,The Hunters,Drama,1958
29,308,3,The Legend of the 7 Golden Vampires/7 Brothers of Dracula,Fantasy,1974
29,234,4,Animation Legend: Winsor McCay,Animation,1921
29,97,3,Mostly Martha,Drama,2002
29,253,4,A Night at the Opera,Horror,1935
29,243,4,Pressure Point,Drama,1962
29,377,5,Dick Francis: The Racing Game,Drama,1979
30,290,3,Harold and Kumar Go to White Castle,Drama,2004
30,467,3,Topper Returns,Drama,1941
30,105,2,Obsessed,Drama,2002
30,44,2,Spitfire Grill,Drama,1996
30,352,3,Pick a Card,Drama,1997
30,190,3,Blood and Sand,Drama,1989
30,171,2,Funny Face,Comedy,1957
30,330,4,Wild Things,Drama,1998
30,155,2,The Strongest Man in the World,Documentary,1975
30,445,4,Michael Collins,Drama,1996
30,90,5,The Lemon Drop Kid,Drama,1951
30,177,4,Pressure,Drama,2002
30,103,3,Sanford and Son: Season 6,Drama,1976
30,60,3,The Libertine,Drama,1969
30,232,5,Gross Anatomy,Drama,1989
30,254,3,Westender,Drama,2003
30,358,5,The Onion Field,Drama,1979
30,27,2,Sesame Street: Elmo's World: The Street We Live On,Documentary,1962
30,395,4,Captain Blood,Drama,1935
30,364,5,Billy Blanks: Tae Bo: Contact 2,Drama,2004
30,180,3,Scratch,Drama,2002
30,227,3,The Carol Burnett Show: Show Stoppers,Drama,2001
30,425,4,The 10th Kingdom,Fantasy,2000
30,271,4,Saludos Amigos,Drama,1943
30,234,4,Animation Legend: Winsor McCay,Animation,1921
30,276,5,Cold Harvest,Drama,1998
30,410,3,Frank Lloyd Wright,Drama,1998
30,163,5,MTV: Making the Band 2: Best of Season 1,Drama,2002
30,207,1,Denise Austin: Ultimate Fat Burner,Drama,2001
30,299,5,Bridget Jones's Diary,Drama,2001
30,422,5,The Unsinkable Molly Brown,Drama,1964
30,110,3,Scandal,Drama,1989
30,341,2,Tremors 4: The Legend Begins,Fantasy,2004
30,167,3,The Chorus,Drama,2004
30,37,4,Zatoichi's Conspiracy,Drama,1973
30,314,3,Saturday Night Live: The Best of Jon Lovitz,Horror,1985
30,222,4,Yellow,Drama,1998
30,200,5,The Fall of the Roman Empire,Drama,1964
30,142,2,The Tricky Master,Drama,2000
30,376,1,Genesis: The Way We Walk: Live in Concert,Drama,2001
30,470,3,Beneath Loch Ness,Drama,2001
30,211,3,The Agronomist,Drama,2004
30,339,3,Rolling Stones: Rock and Roll Circus,Drama,1968
30,223,5,Chappelle's Show: Season 1,Drama,2003
30,361,3,The Phantom of the Opera: Special Edition,Drama,2004
30,206,3,Unconstitutional: The War on Our Civil Liberties,Action,2004
30,40,3,Pitcher and the Pin-Up,Drama,2004
30,237,3,Broken Blossoms,Drama,1918
30,174,4,Adam-12: Season 1,Drama,1968
30,336,5,The Driver,Drama,1978
30,109,4,No Way Back,Drama,1996
30,500,5,Mail Call: The Best of Season 1,Drama,2002
30,406,4,Hostage,Drama,2005
30,359,1,Absolutely Fabulous: Series 5,Drama,2003
30,306,3,Sesame Street: Sing Yourself Silly!,Comedy,2005
30,43,4,Silent Service,Drama,2000
30,214,4,Read-Along: Beauty and the Beast,Drama,2002
30,231,4,Marooned in Iraq,Drama,2002
30,353,5,Life or Something Like It,Drama,2002
30,91,2,WWE: Royal Rumble 2005,Drama,2005
30,79,4,The Killing,Thriller,1956
30,356,5,Look at Me,Drama,2005
30,250,2,Cast a Giant Shadow,Drama,1966
30,28,5,Lilo and Stitch,Drama,2002
30,464,5,The Return of Ruben Blades,Drama,1987
30,411,2,Vendetta,Drama,1999
30,486,4,Journey to the Center of the Earth,Drama,1959
30,459,4,Basquiat,Drama,1996
30,312,3,High Fidelity,Drama,2000
30,204,2,Venus Boyz,Drama,2002
30,420,3,Saturday Night Live: The Best of Dana Carvey,Horror,1999
30,34,3,Ashtanga Yoga: Beginner's Practice with Nicki Doane,Drama,2003
30,125,1,Nighthawks,Horror,1981
30,158,2,A Killer Within,Thriller,2004
30,382,2,Buried in the Sand: The Deception of America,Drama,2004
30,81,2,Antarctica: IMAX,Drama,1991
30,458,4,Blast,Drama,2001
30,282,5,Blue Seed: Beyond,Drama,2003
30,212,3,Querelle,Drama,1982
31,230,4,Unsolved Mysteries: Psychics,Drama,1987
31,200,5,The Fall of the Roman Empire,Drama,1964
31,362,5,The Flintstones in Viva Rock Vegas,Drama,2000
31,354,2,Sadomania,Drama,1981
31,498,4,Glory: Bonus Material,Drama,1989
31,194,4,Arliss: The Best of Arliss,Drama,1996
31,2,4,Isle of Man TT 2004 Review,Drama,2004
31,177,3,Pressure,Drama,2002
31,218,5,Triumph: Live at the US Festival,Drama,1983
31,434,2,Extreme Engineering: Tokyo's Sky City,Drama,2004
31,383,2,Hit Team,Drama,2001
31,380,4,Live Wire,Drama,1992
31,324,5,Mother's Boys,Drama,1994
31,115,2,Lord Peter Wimsey: Murder Must Advertise,Thriller,1973
31,411,3,Vendetta,Drama,1999
31,239,5,Winnie the Pooh: Springtime with Roo,Drama,2004
31,445,3,Michael Collins,Drama,1996
31,348,3,The Last Temptation of Christ,Drama,1988
31,389,4,Steal,Drama,2002
31,393,4,The Replacement Killers,Thriller,1998
31,276,5,Cold Harvest,Drama,1998
31,456,5,Emma (Miniseries),Drama,1996
31,39,4,Love Reinvented,Drama,2000
31,65,4,Lost in the Pershing Point Hotel,Drama,2000
31,504,4,The Twilight Zone: Vol. 27,Drama,1964
31,273,4,Taxi,Drama,2004
31,285,4,The Devil's Own,Horror,1997
31,195,3,Chasing Freedom,Drama,2004
31,355,5,Sinful Nuns of St. Valentine,Romance,1973
31,102,5,Notre Musique,Drama,2004
31,40,2,Pitcher and the Pin-Up,Drama,2004
31,439,4,Town Without Pity,Drama,1961
31,92,3,ECW: Cyberslam '99,Sci-Fi,2002
31,491,3,Torn Curtain,Drama,1966
31,320,4,Eat Your Heart Out,Drama,1997
31,470,4,Beneath Loch Ness,Drama,2001
31,492,3,Mrs. Soffel,Drama,1984
31,152,1,A Little Princess,Drama,1995
31,382,2,Buried in the Sand: The Deception of America,Drama,2004
31,150,5,Firetrap,Drama,2001
31,402,1,Pan Tadeusz,Drama,1999
31,227,5,The Carol Burnett Show: Show Stoppers,Drama,2001
31,356,4,Look at Me,Drama,2005
31,490,5,The Passion of Ayn Rand,Romance,1999
31,258,3,Mann,Drama,1999
31,262,1,Herbie Rides Again,Drama,1974
31,62,4,Ken Burns' America: Empire of the Air,Drama,1991
31,257,5,Charlotte's Web,Drama,1973
31,377,5,Dick Francis: The Racing Game,Drama,1979
31,193,3,Marilyn Manson: Fear of a Satanic Planet,Horror,2005
31,94,4,G3: Live in Concert,Drama,2000
31,245,3,Road Dogz,Drama,2002
31,287,3,Luther Vandross: Always and Forever: An Evening of Songs,Drama,1994
31,462,5,Classic Cartoon Favorites: Starring Donald,Animation,2005
31,452,2,Scorched,Drama,2002
31,109,2,No Way Back,Drama,1996
31,274,2,Crazy as Hell,Comedy,2002
31,235,2,Unhook the Stars,Sci-Fi,1996
31,206,4,Unconstitutional: The War on Our Civil Liberties,Action,2004
31,191,5,X2: X-Men United,Drama,2003
31,435,3,Love Can Seriously Damage Your Health,Drama,1996
31,422,2,The Unsinkable Molly Brown,Drama,1964
31,93,5,They Came Back,Drama,2004
31,272,5,Female Yakuza Tale,Drama,1973
31,77,3,Congo,Drama,1995
31,234,3,Animation Legend: Winsor McCay,Animation,1921
31,63,4,Crash Dive,Drama,1943
31,378,5,Party Monster,Drama,2003
31,368,3,The Best of Designing Women,Drama,1986
31,502,2,Mitch Hedberg: Mitch All Together,Drama,2003
31,281,4,The Legend,Fantasy,1993
31,192,4,The SoulTaker,Drama,2003
31,215,4,That '70s Show: Season 1,Drama,1998
31,44,3,Spitfire Grill,Drama,1996
31,104,5,The Great Race,Drama,1965
31,23,4,Clifford: Clifford Saves the Day! / Clifford's Fluffiest Friend Cleo,Drama,2001
31,10,3,Fighter,Action,2001
32,351,3,Guns of the Magnificent Seven,Drama,1969
32,214,2,Read-Along: Beauty and the Beast,Drama,2002
32,115,5,Lord Peter Wimsey: Murder Must Advertise,Thriller,1973
32,503,4,Max and Ruby: Springtime for Max and Ruby,Drama,2005
32,121,5,Beyonce: Live at Wembley,Drama,2003
32,342,3,Noir,Drama,2001
32,102,3,Notre Musique,Drama,2004
32,157,4,Laird: White Knuckle Extreme,Drama,2004
32,222,2,Yellow,Drama,1998
32,109,2,No Way Back,Drama,1996
32,197,5,Taking Lives,Drama,2004
32,335,2,Fear No Evil,Horror,1981
32,210,1,Onmyoji,Drama,2001
32,361,5,The Phantom of the Opera: Special Edition,Drama,2004
32,489,2,Return to Paradise,Drama,1998
32,480,4,Flypaper,Drama,1997
32,11,4,Full Frame: Documentary Shorts,Documentary,1999
32,213,1,Dinner Rush,Drama,2001
32,45,3,The Love Letter,Drama,1999
32,403,4,Substitute 4: Failure is Not an Option,Drama,2000
32,189,4,Airplane II: The Sequel,Drama,1982
32,18,5,Immortal Beloved,Drama,1994
32,372,3,Jeans,Drama,1998
32,215,4,That '70s Show: Season 1,Drama,1998
32,300,3,Option Zero,Drama,1997
32,168,2,Smokey and the Bandit Part 3,Drama,1983
32,227,2,The Carol Burnett Show: Show Stoppers,Drama,2001
32,81,2,Antarctica: IMAX,Drama,1991
32,352,5,Pick a Card,Drama,1997
32,498,2,Glory: Bonus Material,Drama,1989
32,378,4,Party Monster,Drama,2003
32,428,3,Barney: Barney's Colorful World: Live,Documentary,2004
32,467,3,Topper Returns,Drama,1941
32,491,5,Torn Curtain,Drama,1966
32,302,3,The Isle,Drama,2001
32,145,4,Get Out Your Handkerchiefs,Drama,1978
32,179,4,Bollywood Bound,Drama,2003
32,327,3,Storefront Hitchcock,Drama,1997
32,225,5,The Cookout,Drama,2004
32,388,2,Body Chemistry,Drama,1990
32,458,5,Blast,Drama,2001
32,59,4,Sex and the Beauties,Drama,2003
32,329,3,Dogma,Drama,1999
32,188,5,Dead Birds,Drama,2005
32,360,1,Lies,Drama,1999
32,286,3,Thunderbirds Are Go,Drama,1966
32,431,2,Millennium Actress,Drama,2002
33,338,4,The Three Stooges: Three Smart Saps,Drama,1942
33,241,4,North by Northwest,Drama,1959
33,431,2,Millennium Actress,Drama,2002
33,158,2,A Killer Within,Thriller,2004
33,222,3,Yellow,Drama,1998
33,427,5,Graveyard Shift,Drama,1990
33,391,5,The Monkees: Season 2,Drama,1967
33,182,2,Moby: Play,Drama,2001
33,340,4,Midnight: 2000 Seen By...,Horror,1998
33,266,3,Saudade Do Futuro,Drama,2000
33,4,3,Paula Abdul's Get Up & Dance,Drama,1994
33,382,2,Buried in the Sand: The Deception of America,Drama,2004
33,439,3,Town Without Pity,Drama,1961
33,278,2,100 Days Before the Command,Drama,1990
33,168,3,Smokey and the Bandit Part 3,Drama,1983
33,160,5,Gormenghast,Drama,2000
33,378,4,Party Monster,Drama,2003
33,95,5,Dona Herlinda and Her Son,Drama,1985
33,197,4,Taking Lives,Drama,2004
33,318,4,Beyond Suspicion,Drama,1994
33,280,4,Sarah Brightman: In Concert,Drama,1998
33,330,3,Wild Things,Drama,1998
33,281,1,The Legend,Fantasy,1993
33,194,4,Arliss: The Best of Arliss,Drama,1996
33,61,1,Ricky Martin: One Night Only,Horror,1999
33,184,5,Billy Blanks: Tae Bo: Cardio Circuit 1,Drama,2004
33,22,4,Chump Change,Drama,2000
33,492,2,Mrs. Soffel,Drama,1984
33,415,3,Reign in Darkness,Horror,2002
33,69,3,WWE: Armageddon 2003,Drama,2003
33,490,2,The Passion of Ayn Rand,Romance,1999
33,152,4,A Little Princess,Drama,1995
33,43,4,Silent Service,Drama,2000
33,11,2,Full Frame: Documentary Shorts,Documentary,1999
33,156,3,Husbands and Wives,Drama,1992
33,448,3,Oswald: Welcome to the Big City!,Drama,2001
33,57,5,Richard III,Drama,1995
33,459,4,Basquiat,Drama,1996
33,169,1,Cartoon Network Halloween: 9 Creepy Cartoon Capers,Animation,2004
33,273,3,Taxi,Drama,2004
33,143,4,The Game,Drama,1997
33,283,3,If These Walls Could Talk,Drama,1996
33,204,2,Venus Boyz,Drama,2002
33,166,3,Fame,Drama,1980
33,269,3,Parenthood,Drama,1989
33,470,2,Beneath Loch Ness,Drama,2001
34,444,4,The Inner Tour,Drama,2001
34,458,3,Blast,Drama,2001
34,207,3,Denise Austin: Ultimate Fat Burner,Drama,2001
34,73,3,Davy Crockett: 50th Anniversary Double Feature,Drama,1954
34,148,2,Sweet November,Drama,2001
34,221,2,Voyage to the Planets and Beyond,Sci-Fi,2005
34,194,4,Arliss: The Best of Arliss,Drama,1996
34,99,2,A Fishy Story,Drama,1989
34,125,3,Nighthawks,Horror,1981
34,70,5,Tai Chi: The 24 Forms,Drama,1999
34,403,3,Substitute 4: Failure is Not an Option,Drama,2000
34,279,1,Micki and Maude,Drama,1984
34,376,4,Genesis: The Way We Walk: Live in Concert,Drama,2001
34,27,4,Sesame Street: Elmo's World: The Street We Live On,Documentary,1962
34,443,3,Rabbit-Proof Fence,Drama,2002
34,340,3,Midnight: 2000 Seen By...,Horror,1998
34,176,2,The History Channel Presents: Troy: Unearthing the Legend,Drama,2004
34,35,3,Ferngully 2: The Magical Rescue,Animation,2000
34,297,3,The Hebrew Hammer,Drama,2003
34,453,4,Simple Men,Drama,1992
34,409,5,Godzilla vs. The Sea Monster,Drama,1966
34,480,4,Flypaper,Drama,1997
34,282,2,Blue Seed: Beyond,Drama,2003
34,295,5,Ace Ventura: When Nature Calls,Documentary,1995
34,199,4,The Deer Hunter,Drama,1978
34,326,4,The Plainsman,Drama,1937
34,462,3,Classic Cartoon Favorites: Starring Donald,Animation,2005
34,487,4,Doctor Who: Lost in Time: The Patrick Troughton Years,Drama,1968
34,172,3,Jack,Drama,2003
34,16,5,Screamers,Drama,1996
34,358,3,The Onion Field,Drama,1979
34,77,4,Congo,Drama,1995
34,36,5,Lady Chatterley,Drama,1992
34,153,5,MTV Yoga,Drama,2002
34,278,5,100 Days Before the Command,Drama,1990
34,470,2,Beneath Loch Ness,Drama,2001
34,195,5,Chasing Freedom,Drama,2004
34,484,4,Danielle Steel's Jewels,Drama,1992
34,131,4,Arachnid,Drama,2002
34,240,4,Woman of the Year,Drama,1942
34,245,3,Road Dogz,Drama,2002
34,273,3,Taxi,Drama,2004
34,149,3,The Edward R. Murrow Collection,Action,2005
34,159,5,Gentlemen of Fortune,Drama,1971
34,39,4,Love Reinvented,Drama,2000
34,234,4,Animation Legend: Winsor McCay,Animation,1921
34,196,4,Peter Tosh: Stepping Razor: Red X,Drama,1992
34,28,3,Lilo and Stitch,Drama,2002
34,135,1,GTO: Great Teacher Onizuka: Set 2,Drama,1998
34,178,4,Regular Guys,Drama,1996
34,94,4,G3: Live in Concert,Drama,2000
34,85,3,Elfen Lied,Drama,2005
34,202,2,Ruby's Bucket of Blood,Drama,2001
34,13,5,Lord of the Rings: The Return of the King: Extended Edition: Bonus Material,Drama,2003
34,118,3,Rambo: First Blood Part II,Drama,1985
34,111,4,Duplex (Widescreen),Drama,2003
34,266,3,Saudade Do Futuro,Drama,2000
34,168,2,Smokey and the Bandit Part 3,Drama,1983
34,380,4,Live Wire,Drama,1992
34,447,2,The Making of Fanny and Alexander,Drama,1986
34,503,4,Max and Ruby: Springtime for Max and Ruby,Drama,2005
34,439,4,Town Without Pity,Drama,1961
34,249,2,The Hunters,Drama,1958
34,24,2,My Bloody Valentine,Romance,1981
34,459,3,Basquiat,Drama,1996
34,165,3,Richard Pryor: Live on the Sunset Strip,Drama,1982
34,433,2,Untamed Heart,Drama,1993
34,280,2,Sarah Brightman: In Concert,Drama,1998
34,428,4,Barney: Barney's Colorful World: Live,Documentary,2004
34,505,5,A Thousand Acres,Drama,1997
34,95,5,Dona Herlinda and Her Son,Drama,1985
34,205,4,Troy: Bonus Material,Drama,2004
34,2,5,Isle of Man TT 2004 Review,Drama,2004
34,63,5,Crash Dive,Drama,1943
34,335,3,Fear No Evil,Horror,1981
34,290,4,Harold and Kumar Go to White Castle,Drama,2004
35,115,5,Lord Peter Wimsey: Murder Must Advertise,Thriller,1973
35,94,3,G3: Live in Concert,Drama,2000
35,381,3,Out for Justice,Drama,1991
35,497,4,Broadway's Lost Treasures,Drama,2003
35,239,3,Winnie the Pooh: Springtime with Roo,Drama,2004
35,85,3,Elfen Lied,Drama,2005
35,213,3,Dinner Rush,Drama,2001
35,186,4,Panic in the Streets,Drama,1950
35,330,5,Wild Things,Drama,1998
35,43,5,Silent Service,Drama,2000
35,442,5,Mississippi Burning,Drama,1988
35,281,3,The Legend,Fantasy,1993
35,54,3,We're Not Married,Drama,1952
35,20,2,Seeta Aur Geeta,Drama,1972
35,314,3,Saturday Night Live: The Best of Jon Lovitz,Horror,1985
35,257,3,Charlotte's Web,Drama,1973
35,233,3,Chato's Land,Drama,1971
35,323,3,Modern Vampires,Drama,1999
35,181,1,The Last Shot,Drama,2004
35,35,2,Ferngully 2: The Magical Rescue,Animation,2000
35,143,4,The Game,Drama,1997
35,246,4,The Boston Strangler,Drama,1968
35,198,4,Gupt,Drama,1997
35,82,3,The Frogmen,Drama,1951
35,42,4,Searching for Paradise,Drama,2002
35,491,5,Torn Curtain,Drama,1966
35,179,3,Bollywood Bound,Drama,2003
35,80,3,Winter Kills,Thriller,1979
35,452,2,Scorched,Drama,2002
35,222,4,Yellow,Drama,1998
35,254,1,Westender,Drama,2003
35,319,2,Straight to Hell,Drama,1987
35,173,4,The Devil's Brigade,Horror,1968
35,148,1,Sweet November,Drama,2001
35,346,3,Up and Down,Drama,2005
35,376,4,Genesis: The Way We Walk: Live in Concert,Drama,2001
35,307,3,Godsmack: Smack This!,Drama,2002
35,4,2,Paula Abdul's Get Up & Dance,Drama,1994
35,304,3,King of the Hill: Season 1,Drama,1997
35,24,4,My Bloody Valentine,Romance,1981
35,95,5,Dona Herlinda and Her Son,Drama,1985
35,209,4,Star Trek: Deep Space Nine: Season 5,Sci-Fi,1996
35,500,1,Mail Call: The Best of Season 1,Drama,2002
35,87,4,Louder Than Bombs,Drama,2002
35,262,3,Herbie Rides Again,Drama,1974
35,59,2,Sex and the Beauties,Drama,2003
35,387,3,Bizet's Carmen,Drama,1984
35,317,3,Mandela and de Klerk,Drama,1997
35,460,2,Pink Narcissus,Drama,1971
35,118,3,Rambo: First Blood Part II,Drama,1985
35,428,5,Barney: Barney's Colorful World: Live,Documentary,2004
35,217,2,Cherry 2000,Drama,1988
35,339,5,Rolling Stones: Rock and Roll Circus,Drama,1968
35,320,4,Eat Your Heart Out,Drama,1997
35,293,3,Lennon Legend: The Very Best of John Lennon,Fantasy,2003
35,448,3,Oswald: Welcome to the Big City!,Drama,2001
35,353,3,Life or Something Like It,Drama,2002
35,119,4,Travel the World by Train: Africa,Documentary,1999
35,506,4,Blank Generation / Dancin' Barefoot,Drama,1976
35,476,1,VeggieTales Classics: Where's God When I'm Scared?,Drama,2004
35,163,5,MTV: Making the Band 2: Best of Season 1,Drama,2002
35,70,1,Tai Chi: The 24 Forms,Drama,1999
35,33,3,Aqua Teen Hunger Force: Vol. 1,Action,2000
35,413,1,Igby Goes Down,Drama,2002
35,164,3,One Last Dance,Drama,2003
35,14,3,Nature: Antarctica,Documentary,1982
35,373,3,Third World Cop,Documentary,2000
35,93,4,They Came Back,Drama,2004
35,195,3,Chasing Freedom,Drama,2004
36,392,4,Danielle Steel's Heartbeat,Drama,1993
36,250,4,Cast a Giant Shadow,Drama,1966
36,458,2,Blast,Drama,2001
36,179,3,Bollywood Bound,Drama,2003
36,311,1,Ed Wood,Drama,1994
36,184,4,Billy Blanks: Tae Bo: Cardio Circuit 1,Drama,2004
36,150,5,Firetrap,Drama,2001
36,464,2,The Return of Ruben Blades,Drama,1987
36,152,4,A Little Princess,Drama,1995
36,89,3,Chain of Command,Drama,2000
36,372,5,Jeans,Drama,1998
36,341,2,Tremors 4: The Legend Begins,Fantasy,2004
36,158,5,A Killer Within,Thriller,2004
36,436,5,Girls Just Want to Have Fun,Comedy,1985
36,400,3,Rio Lobo,Drama,1970
36,460,4,Pink Narcissus,Drama,1971
36,245,5,Road Dogz,Drama,2002
36,356,2,Look at Me,Drama,2005
36,489,3,Return to Paradise,Drama,1998
36,42,4,Searching for Paradise,Drama,2002
36,14,5,Nature: Antarctica,Documentary,1982
36,352,3,Pick a Card,Drama,1997
36,337,3,Star 80,Sci-Fi,1983
36,490,5,The Passion of Ayn Rand,Romance,1999
36,424,4,Happiness,Drama,1998
36,427,5,Graveyard Shift,Drama,1990
36,224,5,Midsomer Murders: Blood Will Out,Thriller,1999
36,363,3,Stark Raving Mad,Sci-Fi,2002
36,107,3,Magnolia: Bonus Material,Drama,2000
36,236,3,Cartoon Crazys Sci-Fi,Comedy,1998
36,399,2,Fangs,Drama,2001
36,140,4,Lost in the Wild,Drama,1993
36,404,4,The Shaft,Drama,2001
36,92,4,ECW: Cyberslam '99,Sci-Fi,2002
36,213,3,Dinner Rush,Drama,2001
36,475,5,Surf Ninjas,Drama,1993
36,27,2,Sesame Street: Elmo's World: The Street We Live On,Documentary,1962
36,131,2,Arachnid,Drama,2002
36,45,3,The Love Letter,Drama,1999
36,148,4,Sweet November,Drama,2001
36,83,2,Silkwood,Drama,1983
36,255,5,The Hunchback of Notre Dame II,Drama,2001
36,156,3,Husbands and Wives,Drama,1992
36,268,2,The Final Countdown,Drama,1980
36,167,5,The Chorus,Drama,2004
36,450,4,Isaac Stern: Life's Virtuoso,Drama,2000
36,249,4,The Hunters,Drama,1958
36,221,3,Voyage to the Planets and Beyond,Sci-Fi,2005
36,504,4,The Twilight Zone: Vol. 27,Drama,1964
36,57,2,Richard III,Drama,1995
36,175,3,Reservoir Dogs,Drama,1992
36,174,2,Adam-12: Season 1,Drama,1968
36,497,5,Broadway's Lost Treasures,Drama,2003
36,70,5,Tai Chi: The 24 Forms,Drama,1999
36,90,3,The Lemon Drop Kid,Drama,1951
36,228,3,Butch and Sundance: The Early Days,Drama,1979
36,11,3,Full Frame: Documentary Shorts,Documentary,1999
36,171,5,Funny Face,Comedy,1957
36,123,4,Chain of Fools,Drama,2000
36,439,3,Town Without Pity,Drama,1961
36,289,4,The Avengers,Drama,1998
36,299,2,Bridget Jones's Diary,Drama,2001
36,271,3,Saludos Amigos,Drama,1943
36,237,2,Broken Blossoms,Drama,1918
36,463,1,The Twilight Zone: Vol. 12,Drama,1962
36,38,5,Daydream Obsession,Drama,2003
36,419,3,George Lopez: Why You Crying?,Drama,2005
36,305,3,Jack,Drama,1996
36,288,1,Saturday Night Live: The Best of Chris Kattan,Horror,2004
36,315,3,Combat! Season 3: Operation 2,Action,1964
36,382,3,Buried in the Sand: The Deception of America,Drama,2004
36,252,4,Stuart Little 2,Drama,2002
36,112,2,The Eye of Vichy,Drama,1993
37,151,3,Sleepover Nightmare,Horror,2005
37,313,3,Pay It Forward,Action,2000
37,328,4,Deftones: Live in Hawaii,Drama,2002
37,117,2,Silk Stockings,Drama,1957
37,469,4,First Night of My Life: 2000 Seen By...,Drama,1998
37,270,4,Sex and the City: Season 4,Drama,2001
37,494,5,Monty Python's The Meaning of Life: Special Edition,Drama,1983
37,340,2,Midnight: 2000 Seen By...,Horror,1998
37,404,4,The Shaft,Drama,2001
37,19,5,By Dawn's Early Light,Drama,2000
37,477,4,George Carlin: Personal Favorites,Drama,1990
37,421,4,Agatha Christie's Poirot: Sad Cypress,Drama,2003
37,189,4,Airplane II: The Sequel,Drama,1982
37,96,5,Inside the Space Station,Sci-Fi,2000
37,146,2,Cannibal Women in the Avocado Jungle of Death,Horror,1988
37,470,2,Beneath Loch Ness,Drama,2001
37,253,3,A Night at the Opera,Horror,1935
37,449,1,Jimmy Buffett: MiniMatinee #1,Drama,2003
37,349,5,The Swarm,Action,1978
37,431,5,Millennium Actress,Drama,2002
37,424,3,Happiness,Drama,1998
37,186,3,Panic in the Streets,Drama,1950
37,207,3,Denise Austin: Ultimate Fat Burner,Drama,2001
37,300,4,Option Zero,Drama,1997
37,128,4,Mr. Vampire,Drama,1985
37,87,4,Louder Than Bombs,Drama,2002
37,413,3,Igby Goes Down,Drama,2002
37,346,5,Up and Down,Drama,2005
37,51,4,Jonah: A VeggieTales Movie: Bonus Material,Drama,2002
37,52,3,The Weather Underground,Drama,2002
37,453,5,Simple Men,Drama,1992
37,471,2,City Lights,Drama,1931
37,32,3,ABC Primetime: Mel Gibson's The Passion of the Christ,Romance,2004
37,400,5,Rio Lobo,Drama,1970
37,100,3,Sam the Iron Bridge,Drama,1993
37,442,4,Mississippi Burning,Drama,1988
37,273,4,Taxi,Drama,2004
37,447,2,The Making of Fanny and Alexander,Drama,1986
37,374,3,The Little Girl Who Lives Down the Lane,Drama,1976
37,443,3,Rabbit-Proof Fence,Drama,2002
37,139,3,Allergies: A Natural Approach,Drama,2001
37,386,5,Princess Caraboo,Drama,1994
37,192,3,The SoulTaker,Drama,2003
37,132,5,Lucio Fulci: The Beyond,Drama,1981
38,89,3,Chain of Command,Drama,2000
38,182,2,Moby: Play,Drama,2001
38,238,3,Led Zeppelin: The Song Remains the Same,Drama,1976
38,391,3,The Monkees: Season 2,Drama,1967
38,448,5,Oswald: Welcome to the Big City!,Drama,2001
38,423,5,My Favorite Martian #1,Drama,1963
38,258,3,Mann,Drama,1999
38,243,5,Pressure Point,Drama,1962
38,32,2,ABC Primetime: Mel Gibson's The Passion of the Christ,Romance,2004
38,406,4,Hostage,Drama,2005
38,193,4,Marilyn Manson: Fear of a Satanic Planet,Horror,2005
38,205,2,Troy: Bonus Material,Drama,2004
38,120,3,Plain Dirty,Drama,2004
38,38,2,Daydream Obsession,Drama,2003
38,400,2,Rio Lobo,Drama,1970
38,354,1,Sadomania,Drama,1981
38,429,3,Zeus and Roxanne,Drama,1997
38,306,3,Sesame Street: Sing Yourself Silly!,Comedy,2005
38,168,3,Smokey and the Bandit Part 3,Drama,1983
38,140,4,Lost in the Wild,Drama,1993
38,457,1,Kill Bill: Vol. 2,Thriller,2004
38,83,3,Silkwood,Drama,1983
38,320,5,Eat Your Heart Out,Drama,1997
38,380,5,Live Wire,Drama,1992
38,69,5,WWE: Armageddon 2003,Drama,2003
38,474,2,Legend of 1900,Fantasy,1998
38,425,3,The 10th Kingdom,Fantasy,2000
38,273,1,Taxi,Drama,2004
38,497,4,Broadway's Lost Treasures,Drama,2003
38,42,5,Searching for Paradise,Drama,2002
38,126,2,Vampire Effect (aka Twins Effect),Drama,2003
38,337,2,Star 80,Sci-Fi,1983
38,73,3,Davy Crockett: 50th Anniversary Double Feature,Drama,1954
38,166,4,Fame,Drama,1980
38,79,3,The Killing,Thriller,1956
38,148,3,Sweet November,Drama,2001
38,430,3,Chobits,Drama,2002
38,114,3,Dominion Tank Police Part 1 & 2,Drama,1989
38,107,4,Magnolia: Bonus Material,Drama,2000
38,442,3,Mississippi Burning,Drama,1988
38,275,3,Evelyn,Drama,2002
38,201,1,Home Movie,Drama,2001
38,412,5,Jay Jay the Jet Plane: Adventures in Learning,Animation,1999
38,136,3,Cat and the Canary,Drama,1927
38,259,3,Animal,Drama,2004
38,506,4,Blank Generation / Dancin' Barefoot,Drama,1976
38,332,2,They Crawl,Drama,2002
38,99,3,A Fishy Story,Drama,1989
38,373,4,Third World Cop,Documentary,2000
38,110,3,Scandal,Drama,1989
38,242,2,Neon Genesis Evangelion: The End of Evangelion,Drama,1995
38,109,1,No Way Back,Drama,1996
38,341,4,Tremors 4: The Legend Begins,Fantasy,2004
38,449,3,Jimmy Buffett: MiniMatinee #1,Drama,2003
38,40,3,Pitcher and the Pin-Up,Drama,2004
38,21,2,Strange Relations,Drama,2002
38,333,3,Mail Call: The Best of Season 2,Drama,2003
38,351,3,Guns of the Magnificent Seven,Drama,1969
38,225,3,The Cookout,Drama,2004
38,503,3,Max and Ruby: Springtime for Max and Ruby,Drama,2005
38,78,4,Jingle All the Way,Drama,1996
38,298,5,Crunch: Pick Your Spot Pilates,Drama,2002
38,319,4,Straight to Hell,Drama,1987
38,183,5,IFilm: Deranged,Drama,2005
38,307,5,Godsmack: Smack This!,Drama,2002
39,34,4,Ashtanga Yoga: Beginner's Practice with Nicki Doane,Drama,2003
39,485,2,The Avengers '67,Drama,1967
39,119,2,Travel the World by Train: Africa,Documentary,1999
39,255,3,The Hunchback of Notre Dame II,Drama,2001
39,142,4,The Tricky Master,Drama,2000
39,257,4,Charlotte's Web,Drama,1973
39,39,2,Love Reinvented,Drama,2000
39,252,2,Stuart Little 2,Drama,2002
39,128,4,Mr. Vampire,Drama,1985
39,452,3,Scorched,Drama,2002
39,172,5,Jack,Drama,2003
39,176,4,The History Channel Presents: Troy: Unearthing the Legend,Drama,2004
39,27,5,Sesame Street: Elmo's World: The Street We Live On,Documentary,1962
39,368,2,The Best of Designing Women,Drama,1986
39,228,2,Butch and Sundance: The Early Days,Drama,1979
39,253,2,A Night at the Opera,Horror,1935
39,184,5,Billy Blanks: Tae Bo: Cardio Circuit 1,Drama,2004
39,354,5,Sadomania,Drama,1981
39,198,3,Gupt,Drama,1997
39,196,3,Peter Tosh: Stepping Razor: Red X,Drama,1992
39,162,2,John Cleese on How to Irritate People,Drama,1968
39,291,1,Chained Heat 3: Hell Mountain,Drama,2000
39,467,4,Topper Returns,Drama,1941
39,341,4,Tremors 4: The Legend Begins,Fantasy,2004
39,381,4,Out for Justice,Drama,1991
39,112,2,The Eye of Vichy,Drama,1993
39,261,5,The Big Clock,Drama,1948
39,328,3,Deftones: Live in Hawaii,Drama,2002
39,448,4,Oswald: Welcome to the Big City!,Drama,2001
39,356,2,Look at Me,Drama,2005
39,471,3,City Lights,Drama,1931
39,344,4,The Taming of the Shrew,Drama,1967
39,445,4,Michael Collins,Drama,1996
39,108,4,Spartan,Drama,2004
39,19,4,By Dawn's Early Light,Drama,2000
39,127,2,Fatal Beauty,Drama,1987
39,478,4,The Beverly Hillbillies,Drama,1962
39,474,4,Legend of 1900,Fantasy,1998
39,431,4,Millennium Actress,Drama,2002
39,483,4,Rush Hour 2,Drama,2001
39,60,2,The Libertine,Drama,1969
39,440,2,Just 4 Kicks,Drama,2003
39,49,1,Devo: The Complete Truth About De-evolution,Drama,2003
39,125,4,Nighthawks,Horror,1981
40,209,4,Star Trek: Deep Space Nine: Season 5,Sci-Fi,1996
40,349,4,The Swarm,Action,1978
40,400,5,Rio Lobo,Drama,1970
40,362,2,The Flintstones in Viva Rock Vegas,Drama,2000
40,414,2,Girl,Drama,1999
40,49,4,Devo: The Complete Truth About De-evolution,Drama,2003
40,192,3,The SoulTaker,Drama,2003
40,377,2,Dick Francis: The Racing Game,Drama,1979
40,294,3,Oasis,Drama,2002
40,425,3,The 10th Kingdom,Fantasy,2000
40,302,2,The Isle,Drama,2001
40,467,2,Topper Returns,Drama,1941
40,92,3,ECW: Cyberslam '99,Sci-Fi,2002
40,47,2,The Bad and the Beautiful,Drama,1952
40,252,2,Stuart Little 2,Drama,2002
40,343,4,French and Saunders: Live,Drama,2000
40,196,5,Peter Tosh: Stepping Razor: Red X,Drama,1992
40,33,4,Aqua Teen Hunger Force: Vol. 1,Action,2000
40,483,5,Rush Hour 2,Drama,2001
40,288,1,Saturday Night Live: The Best of Chris Kattan,Horror,2004
40,259,2,Animal,Drama,2004
40,79,4,The Killing,Thriller,1956
40,284,5,Sasquatch Hunters,Drama,2005
40,213,4,Dinner Rush,Drama,2001
40,197,2,Taking Lives,Drama,2004
40,56,5,Carandiru,Drama,2004
40,462,3,Classic Cartoon Favorites: Starring Donald,Animation,2005
40,307,4,Godsmack: Smack This!,Drama,2002
40,358,3,The Onion Field,Drama,1979
40,53,2,The Bonesetter,Drama,2003
40,156,5,Husbands and Wives,Drama,1992
40,498,4,Glory: Bonus Material,Drama,1989
40,430,2,Chobits,Drama,2002
40,279,3,Micki and Maude,Drama,1984
40,34,4,Ashtanga Yoga: Beginner's Practice with Nicki Doane,Drama,2003
40,32,4,ABC Primetime: Mel Gibson's The Passion of the Christ,Romance,2004
40,112,4,The Eye of Vichy,Drama,1993
40,198,3,Gupt,Drama,1997
40,158,5,A Killer Within,Thriller,2004
40,352,3,Pick a Card,Drama,1997
40,465,1,Coolie No.1,Drama,1995
40,496,4,Primus: Hallucino-Genetics Live 2004,Drama,2004
40,234,4,Animation Legend: Winsor McCay,Animation,1921
40,310,4,Leila,Drama,2000
40,373,3,Third World Cop,Documentary,2000
40,490,1,The Passion of Ayn Rand,Romance,1999
40,8,3,What the #$*! Do We Know!?,Drama,2004
40,2,3,Isle of Man TT 2004 Review,Drama,2004
40,411,3,Vendetta,Drama,1999
40,504,4,The Twilight Zone: Vol. 27,Drama,1964
40,225,3,The Cookout,Drama,2004
40,229,5,Peter Gabriel: Growing Up Live,Drama,2003
40,417,3,Transformers: Season 3: Part 1,Drama,1986
40,94,5,G3: Live in Concert,Drama,2000
40,262,4,Herbie Rides Again,Drama,1974
40,396,4,Arjuna: Complete Collection,Drama,2001
40,268,3,The Final Countdown,Drama,1980
40,37,2,Zatoichi's Conspiracy,Drama,1973
40,152,3,A Little Princess,Drama,1995
40,355,5,Sinful Nuns of St. Valentine,Romance,1973
40,272,3,Female Yakuza Tale,Drama,1973
40,336,3,The Driver,Drama,1978
40,315,3,Combat! Season 3: Operation 2,Action,1964
40,102,5,Notre Musique,Drama,2004
40,218,4,Triumph: Live at the US Festival,Drama,1983
40,179,5,Bollywood Bound,Drama,2003
40,186,1,Panic in the Streets,Drama,1950
40,64,3,Outside the Law,Drama,2001
41,373,2,Third World Cop,Documentary,2000
41,431,5,Millennium Actress,Drama,2002
41,112,4,The Eye of Vichy,Drama,1993
41,105,1,Obsessed,Drama,2002
41,501,3,Three Days of the Condor,Drama,1975
41,312,5,High Fidelity,Drama,2000
41,245,3,Road Dogz,Drama,2002
41,381,3,Out for Justice,Drama,1991
41,376,3,Genesis: The Way We Walk: Live in Concert,Drama,2001
41,415,4,Reign in Darkness,Horror,2002
41,402,3,Pan Tadeusz,Drama,1999
41,305,3,Jack,Drama,1996
41,422,3,The Unsinkable Molly Brown,Drama,1964
41,169,2,Cartoon Network Halloween: 9 Creepy Cartoon Capers,Animation,2004
41,345,2,Star Trek: Voyager: Season 5,Sci-Fi,1998
41,226,2,Henry: Portrait of a Serial Killer 2,Thriller,1996
41,491,4,Torn Curtain,Drama,1966
41,295,4,Ace Ventura: When Nature Calls,Documentary,1995
41,424,2,Happiness,Drama,1998
41,212,2,Querelle,Drama,1982
41,493,2,The Giallo Collection: Who Saw Her Die?,Drama,1972
41,36,5,Lady Chatterley,Drama,1992
41,26,3,Never Die Alone,Drama,2004
41,67,3,Vampire Journals,Drama,1997
41,177,3,Pressure,Drama,2002
41,446,4,The Underneath,Drama,1995
41,344,3,The Taming of the Shrew,Drama,1967
41,33,3,Aqua Teen Hunger Force: Vol. 1,Action,2000
41,482,2,Frida,Drama,2002
41,349,4,The Swarm,Action,1978
41,66,4,Barbarian Queen 2,Drama,1989
41,170,2,Tomorrow,Drama,1972
41,160,5,Gormenghast,Drama,2000
41,364,3,Billy Blanks: Tae Bo: Contact 2,Drama,2004
41,249,1,The Hunters,Drama,1958
41,2,5,Isle of Man TT 2004 Review,Drama,2004
41,303,3,Les Liaisons Dangereuses,Drama,1959
41,438,4,Bean: The Movie,Drama,1997
41,346,5,Up and Down,Drama,2005
41,91,2,WWE: Royal Rumble 2005,Drama,2005
41,251,4,Midsomer Murders: Strangler's Wood,Thriller,2000
41,489,5,Return to Paradise,Drama,1998
41,142,2,The Tricky Master,Drama,2000
41,214,5,Read-Along: Beauty and the Beast,Drama,2002
41,256,2,Ghost Dog: The Way of the Samurai,Horror,2000
41,185,3,Missing in Action 2: The Beginning / Missing in Action 3: Braddock,Action,1985
41,335,2,Fear No Evil,Horror,1981
41,272,4,Female Yakuza Tale,Drama,1973
41,130,2,Drowning on Dry Land,Drama,1999
41,255,3,The Hunchback of Notre Dame II,Drama,2001
41,333,2,Mail Call: The Best of Season 2,Drama,2003
41,114,2,Dominion Tank Police Part 1 & 2,Drama,1989
41,293,3,Lennon Legend: The Very Best of John Lennon,Fantasy,2003
41,124,3,Cold Blooded,Drama,2000
41,126,3,Vampire Effect (aka Twins Effect),Drama,2003
41,143,3,The Game,Drama,1997
41,29,3,Boycott,Drama,2001
41,20,3,Seeta Aur Geeta,Drama,1972
41,85,2,Elfen Lied,Drama,2005
41,92,3,ECW: Cyberslam '99,Sci-Fi,2002
42,325,4,Ghosts of Rwanda: Frontline,Horror,2004
42,244,4,Stellvia,Drama,2004
42,288,5,Saturday Night Live: The Best of Chris Kattan,Horror,2004
42,291,3,Chained Heat 3: Hell Mountain,Drama,2000
42,78,3,Jingle All the Way,Drama,1996
42,313,5,Pay It Forward,Action,2000
42,110,4,Scandal,Drama,1989
42,227,5,The Carol Burnett Show: Show Stoppers,Drama,2001
42,404,2,The Shaft,Drama,2001
42,64,3,Outside the Law,Drama,2001
42,395,5,Captain Blood,Drama,1935
42,263,3,Dragon Ball: Tournament Saga,Fantasy,2001
42,344,3,The Taming of the Shrew,Drama,1967
42,473,4,Princess Mononoke,Drama,1997
42,421,2,Agatha Christie's Poirot: Sad Cypress,Drama,2003
42,418,3,The Deal,Drama,2004
42,254,4,Westender,Drama,2003
42,400,4,Rio Lobo,Drama,1970
42,247,5,Oleanna,Drama,1994
42,451,5,Batman the Animated Series: Vol. 3,Animation,1993
42,269,2,Parenthood,Drama,1989
42,21,4,Strange Relations,Drama,2002
42,440,4,Just 4 Kicks,Drama,2003
42,273,5,Taxi,Drama,2004
42,351,4,Guns of the Magnificent Seven,Drama,1969
42,28,4,Lilo and Stitch,Drama,2002
42,158,4,A Killer Within,Thriller,2004
42,102,4,Notre Musique,Drama,2004
42,303,2,Les Liaisons Dangereuses,Drama,1959
42,106,4,Stevie Ray Vaughan and Double Trouble: Live at Montreux 1982 & 1985,Drama,2004
42,230,5,Unsolved Mysteries: Psychics,Drama,1987
42,143,3,The Game,Drama,1997
42,243,4,Pressure Point,Drama,1962
42,196,3,Peter Tosh: Stepping Razor: Red X,Drama,1992
42,445,1,Michael Collins,Drama,1996
42,25,4,Inspector Morse 31: Death Is Now My Neighbour,Horror,1997
42,173,4,The Devil's Brigade,Horror,1968
42,389,3,Steal,Drama,2002
42,92,2,ECW: Cyberslam '99,Sci-Fi,2002
42,403,2,Substitute 4: Failure is Not an Option,Drama,2000
42,184,4,Billy Blanks: Tae Bo: Cardio Circuit 1,Drama,2004
42,5,5,The Rise and Fall of ECW,Drama,2004
42,126,5,Vampire Effect (aka Twins Effect),Drama,2003
42,29,2,Boycott,Drama,2001
42,386,5,Princess Caraboo,Drama,1994
42,387,3,Bizet's Carmen,Drama,1984
42,299,3,Bridget Jones's Diary,Drama,2001
42,163,3,MTV: Making the Band 2: Best of Season 1,Drama,2002
42,341,4,Tremors 4: The Legend Begins,Fantasy,2004
42,12,5,My Favorite Brunette,Drama,1947
42,328,3,Deftones: Live in Hawaii,Drama,2002
42,250,3,Cast a Giant Shadow,Drama,1966
42,416,4,Elephant,Drama,2003
42,162,4,John Cleese on How to Irritate People,Drama,1968
42,119,5,Travel the World by Train: Africa,Documentary,1999
42,469,2,First Night of My Life: 2000 Seen By...,Drama,1998
42,153,4,MTV Yoga,Drama,2002
42,503,2,Max and Ruby: Springtime for Max and Ruby,Drama,2005
42,144,3,Deepak Chopra: The Way of the Wizard & Alchemy,Fantasy,2000
42,443,3,Rabbit-Proof Fence,Drama,2002
42,338,3,The Three Stooges: Three Smart Saps,Drama,1942
42,295,3,Ace Ventura: When Nature Calls,Documentary,1995
42,317,2,Mandela and de Klerk,Drama,1997
42,410,1,Frank Lloyd Wright,Drama,1998
42,301,3,Hard Ground,Drama,2003
42,345,3,Star Trek: Voyager: Season 5,Sci-Fi,1998
42,398,3,In the Realm of the Senses,Documentary,1976
42,36,5,Lady Chatterley,Drama,1992
42,435,2,Love Can Seriously Damage Your Health,Drama,1996
42,357,5,House of Sand and Fog,Drama,2003
42,200,5,The Fall of the Roman Empire,Drama,1964
42,96,1,Inside the Space Station,Sci-Fi,2000
42,156,4,Husbands and Wives,Drama,1992
42,505,3,A Thousand Acres,Drama,1997
42,491,1,Torn Curtain,Drama,1966
43,488,2,His Secret Life,Drama,2001
43,322,1,Flesh Gordon,Drama,1974
43,227,2,The Carol Burnett Show: Show Stoppers,Drama,2001
43,393,4,The Replacement Killers,Thriller,1998
43,198,4,Gupt,Drama,1997
43,307,5,Godsmack: Smack This!,Drama,2002
43,66,4,Barbarian Queen 2,Drama,1989
43,482,5,Frida,Drama,2002
43,106,4,Stevie Ray Vaughan and Double Trouble: Live at Montreux 1982 & 1985,Drama,2004
43,83,5,Silkwood,Drama,1983
43,14,5,Nature: Antarctica,Documentary,1982
43,74,4,6ixtynin9,Drama,1999
43,290,5,Harold and Kumar Go to White Castle,Drama,2004
43,387,3,Bizet's Carmen,Drama,1984
43,55,1,Jade,Drama,1995
43,315,4,Combat! Season 3: Operation 2,Action,1964
43,175,4,Reservoir Dogs,Drama,1992
43,347,2,Iceman Cometh,Drama,1989
43,156,2,Husbands and Wives,Drama,1992
43,100,4,Sam the Iron Bridge,Drama,1993
43,458,4,Blast,Drama,2001
43,174,4,Adam-12: Season 1,Drama,1968
43,15,2,Neil Diamond: Greatest Hits Live,Drama,1988
43,344,3,The Taming of the Shrew,Drama,1967
43,423,4,My Favorite Martian #1,Drama,1963
43,454,4,Xena: Warrior Princess: Season 3,Action,1995
43,263,5,Dragon Ball: Tournament Saga,Fantasy,2001
43,202,3,Ruby's Bucket of Blood,Drama,2001
43,158,4,A Killer Within,Thriller,2004
43,301,3,Hard Ground,Drama,2003
43,357,3,House of Sand and Fog,Drama,2003
43,133,5,Viva La Bam: Season 1,Drama,2003
43,65,2,Lost in the Pershing Point Hotel,Drama,2000
43,354,4,Sadomania,Drama,1981
43,302,4,The Isle,Drama,2001
43,379,3,Crash Dive,Drama,1996
43,91,5,WWE: Royal Rumble 2005,Drama,2005
43,41,4,Horror Vision,Horror,2000
43,491,4,Torn Curtain,Drama,1966
43,78,4,Jingle All the Way,Drama,1996
43,502,5,Mitch Hedberg: Mitch All Together,Drama,2003
43,236,5,Cartoon Crazys Sci-Fi,Comedy,1998
43,484,5,Danielle Steel's Jewels,Drama,1992
43,311,4,Ed Wood,Drama,1994
43,271,3,Saludos Amigos,Drama,1943
43,177,3,Pressure,Drama,2002
43,392,4,Danielle Steel's Heartbeat,Drama,1993
43,132,5,Lucio Fulci: The Beyond,Drama,1981
43,253,5,A Night at the Opera,Horror,1935
43,339,4,Rolling Stones: Rock and Roll Circus,Drama,1968
43,412,5,Jay Jay the Jet Plane: Adventures in Learning,Animation,1999
43,453,3,Simple Men,Drama,1992
43,192,5,The SoulTaker,Drama,2003
43,107,5,Magnolia: Bonus Material,Drama,2000
43,464,4,The Return of Ruben Blades,Drama,1987
43,274,4,Crazy as Hell,Comedy,2002
43,68,4,Invader Zim,Drama,2004
43,111,3,Duplex (Widescreen),Drama,2003
43,375,4,Nine Dead Gay Guys,Drama,2003
43,234,4,Animation Legend: Winsor McCay,Animation,1921
43,443,4,Rabbit-Proof Fence,Drama,2002
43,378,1,Party Monster,Drama,2003
43,39,2,Love Reinvented,Drama,2000
43,186,3,Panic in the Streets,Drama,1950
43,38,3,Daydream Obsession,Drama,2003
43,102,3,Notre Musique,Drama,2004
43,401,4,Halloween 5: The Revenge of Michael Myers,Drama,1989
43,17,5,7 Seconds,Drama,2005
43,32,5,ABC Primetime: Mel Gibson's The Passion of the Christ,Romance,2004
44,145,3,Get Out Your Handkerchiefs,Drama,1978
44,210,4,Onmyoji,Drama,2001
44,217,3,Cherry 2000,Drama,1988
44,398,5,In the Realm of the Senses,Documentary,1976
44,65,4,Lost in the Pershing Point Hotel,Drama,2000
44,251,3,Midsomer Murders: Strangler's Wood,Thriller,2000
44,424,5,Happiness,Drama,1998
44,374,5,The Little Girl Who Lives Down the Lane,Drama,1976
44,385,3,The Santa Clause 2,Drama,2002
44,493,4,The Giallo Collection: Who Saw Her Die?,Drama,1972
44,412,2,Jay Jay the Jet Plane: Adventures in Learning,Animation,1999
44,486,3,Journey to the Center of the Earth,Drama,1959
44,46,2,Rudolph the Red-Nosed Reindeer,Drama,1964
44,132,5,Lucio Fulci: The Beyond,Drama,1981
44,464,3,The Return of Ruben Blades,Drama,1987
44,316,4,Futurama: Monster Robot Maniac Fun Collection,Comedy,1999
44,247,4,Oleanna,Drama,1994
44,315,5,Combat! Season 3: Operation 2,Action,1964
44,248,3,Michael Moore's The Awful Truth: Season 2,Drama,2001
44,408,3,Nightbreed,Horror,1990
44,113,3,Bruce Lee: A Warrior's Journey,Action,2000
44,266,2,Saudade Do Futuro,Drama,2000
44,335,3,Fear No Evil,Horror,1981
44,289,4,The Avengers,Drama,1998
44,387,3,Bizet's Carmen,Drama,1984
44,123,4,Chain of Fools,Drama,2000
44,496,4,Primus: Hallucino-Genetics Live 2004,Drama,2004
44,422,4,The Unsinkable Molly Brown,Drama,1964
44,95,4,Dona Herlinda and Her Son,Drama,1985
44,75,3,Grind,Drama,1997
44,229,1,Peter Gabriel: Growing Up Live,Drama,2003
44,199,4,The Deer Hunter,Drama,1978
44,483,4,Rush Hour 2,Drama,2001
44,246,3,The Boston Strangler,Drama,1968
44,269,4,Parenthood,Drama,1989
44,18,4,Immortal Beloved,Drama,1994
44,260,4,Marat / Sade,Drama,1967
44,32,4,ABC Primetime: Mel Gibson's The Passion of the Christ,Romance,2004
44,411,5,Vendetta,Drama,1999
44,502,2,Mitch Hedberg: Mitch All Together,Drama,2003
44,359,3,Absolutely Fabulous: Series 5,Drama,2003
44,129,5,Darkwolf,Horror,2003
44,453,4,Simple Men,Drama,1992
44,265,3,The Jeff Corwin Experience: Costa Rica and the Amazon,Drama,2002
44,267,4,Touched by an Angel: Season 1,Drama,1994
44,116,3,Bear Cub,Drama,2004
45,40,4,Pitcher and the Pin-Up,Drama,2004
45,227,3,The Carol Burnett Show: Show Stoppers,Drama,2001
45,133,5,Viva La Bam: Season 1,Drama,2003
45,471,2,City Lights,Drama,1931
45,269,2,Parenthood,Drama,1989
45,353,5,Life or Something Like It,Drama,2002
45,352,2,Pick a Card,Drama,1997
45,343,5,French and Saunders: Live,Drama,2000
45,23,3,Clifford: Clifford Saves the Day! / Clifford's Fluffiest Friend Cleo,Drama,2001
45,55,3,Jade,Drama,1995
45,60,3,The Libertine,Drama,1969
45,146,2,Cannibal Women in the Avocado Jungle of Death,Horror,1988
45,245,5,Road Dogz,Drama,2002
45,315,4,Combat! Season 3: Operation 2,Action,1964
45,298,5,Crunch: Pick Your Spot Pilates,Drama,2002
45,90,5,The Lemon Drop Kid,Drama,1951
45,28,4,Lilo and Stitch,Drama,2002
45,50,2,A Yank in the R.A.F.,Drama,1941
45,165,2,Richard Pryor: Live on the Sunset Strip,Drama,1982
45,9,5,Class of Nuke 'Em High 2,Drama,1991
45,314,4,Saturday Night Live: The Best of Jon Lovitz,Horror,1985
45,74,4,6ixtynin9,Drama,1999
45,236,3,Cartoon Crazys Sci-Fi,Comedy,1998
45,262,3,Herbie Rides Again,Drama,1974
45,469,4,First Night of My Life: 2000 Seen By...,Drama,1998
45,263,1,Dragon Ball: Tournament Saga,Fantasy,2001
45,203,3,Sports Illustrated Swimsuit Edition: 1997,Drama,1997
45,81,4,Antarctica: IMAX,Drama,1991
45,267,4,Touched by an Angel: Season 1,Drama,1994
45,309,2,The Day of the Locust,Drama,1975
45,347,2,Iceman Cometh,Drama,1989
45,251,3,Midsomer Murders: Strangler's Wood,Thriller,2000
45,217,3,Cherry 2000,Drama,1988
45,156,5,Husbands and Wives,Drama,1992
45,411,2,Vendetta,Drama,1999
45,274,3,Crazy as Hell,Comedy,2002
45,26,5,Never Die Alone,Drama,2004
45,14,5,Nature: Antarctica,Documentary,1982
45,389,2,Steal,Drama,2002
45,376,4,Genesis: The Way We Walk: Live in Concert,Drama,2001
45,117,4,Silk Stockings,Drama,1957
45,137,4,Naked Lies,Drama,1998
45,488,2,His Secret Life,Drama,2001
45,162,3,John Cleese on How to Irritate People,Drama,1968
45,335,3,Fear No Evil,Horror,1981
45,186,4,Panic in the Streets,Drama,1950
45,123,3,Chain of Fools,Drama,2000
45,330,3,Wild Things,Drama,1998
45,505,3,A Thousand Acres,Drama,1997
45,373,2,Third World Cop,Documentary,2000
45,191,5,X2: X-Men United,Drama,2003
45,126,4,Vampire Effect (aka Twins Effect),Drama,2003
45,301,5,Hard Ground,Drama,2003
45,20,2,Seeta Aur Geeta,Drama,1972
45,499,5,Under Suspicion,Drama,2000
45,56,3,Carandiru,Drama,2004
45,66,4,Barbarian Queen 2,Drama,1989
45,170,5,Tomorrow,Drama,1972
45,2,5,Isle of Man TT 2004 Review,Drama,2004
45,183,3,IFilm: Deranged,Drama,2005
45,16,2,Screamers,Drama,1996
45,161,3,Ninotchka,Drama,1939
45,246,4,The Boston Strangler,Drama,1968
45,12,3,My Favorite Brunette,Drama,1947
45,387,3,Bizet's Carmen,Drama,1984
45,169,2,Cartoon Network Halloween: 9 Creepy Cartoon Capers,Animation,2004
45,109,2,No Way Back,Drama,1996
45,374,4,The Little Girl Who Lives Down the Lane,Drama,1976
45,365,5,R.E.M.: Tourfilm,Drama,1989
45,160,5,Gormenghast,Drama,2000
45,103,5,Sanford and Son: Season 6,Drama,1976
45,403,5,Substitute 4: Failure is Not an Option,Drama,2000
46,325,4,Ghosts of Rwanda: Frontline,Horror,2004
46,149,3,The Edward R. Murrow Collection,Action,2005
46,263,1,Dragon Ball: Tournament Saga,Fantasy,2001
46,75,1,Grind,Drama,1997
46,233,1,Chato's Land,Drama,1971
46,200,2,The Fall of the Roman Empire,Drama,1964
46,271,2,Saludos Amigos,Drama,1943
46,114,2,Dominion Tank Police Part 1 & 2,Drama,1989
46,53,4,The Bonesetter,Drama,2003
46,26,2,Never Die Alone,Drama,2004
46,119,2,Travel the World by Train: Africa,Documentary,1999
46,487,1,Doctor Who: Lost in Time: The Patrick Troughton Years,Drama,1968
46,258,3,Mann,Drama,1999
46,461,4,Nightwalker #1: Midnight Detective,Horror,2000
46,390,3,The Fan,Drama,1981
46,320,4,Eat Your Heart Out,Drama,1997
46,130,3,Drowning on Dry Land,Drama,1999
46,379,2,Crash Dive,Drama,1996
46,3,3,Character,Drama,1997
46,134,4,Spirit Lost,Drama,1996
46,402,5,Pan Tadeusz,Drama,1999
46,274,4,Crazy as Hell,Comedy,2002
46,190,5,Blood and Sand,Drama,1989
46,250,2,Cast a Giant Shadow,Drama,1966
46,438,2,Bean: The Movie,Drama,1997
46,433,1,Untamed Heart,Drama,1993
46,323,4,Modern Vampires,Drama,1999
46,241,2,North by Northwest,Drama,1959
46,1,5,Dinosaur Planet,Sci-Fi,2003
46,499,3,Under Suspicion,Drama,2000
46,212,5,Querelle,Drama,1982
46,494,3,Monty Python's The Meaning of Life: Special Edition,Drama,1983
46,106,3,Stevie Ray Vaughan and Double Trouble: Live at Montreux 1982 & 1985,Drama,2004
46,145,4,Get Out Your Handkerchiefs,Drama,1978
46,128,3,Mr. Vampire,Drama,1985
46,155,4,The Strongest Man in the World,Documentary,1975
46,252,2,Stuart Little 2,Drama,2002
46,409,4,Godzilla vs. The Sea Monster,Drama,1966
46,425,3,The 10th Kingdom,Fantasy,2000
46,322,3,Flesh Gordon,Drama,1974
46,120,2,Plain Dirty,Drama,2004
46,316,5,Futurama: Monster Robot Maniac Fun Collection,Comedy,1999
46,64,3,Outside the Law,Drama,2001
46,288,5,Saturday Night Live: The Best of Chris Kattan,Horror,2004
46,159,3,Gentlemen of Fortune,Drama,1971
46,416,3,Elephant,Drama,2003
46,393,5,The Replacement Killers,Thriller,1998
46,210,2,Onmyoji,Drama,2001
46,121,2,Beyonce: Live at Wembley,Drama,2003
46,86,4,Iron Monkey 2,Drama,1996
46,419,5,George Lopez: Why You Crying?,Drama,2005
46,482,4,Frida,Drama,2002
46,415,2,Reign in Darkness,Horror,2002
46,150,3,Firetrap,Drama,2001
46,418,5,The Deal,Drama,2004
46,216,2,Impostor,Drama,2000
46,326,4,The Plainsman,Drama,1937
46,101,4,Complete Shamanic Princess,Drama,1997
46,437,2,Beyblade: Fierce Battle,Action,2005
46,65,3,Lost in the Pershing Point Hotel,Drama,2000
46,353,1,Life or Something Like It,Drama,2002
46,283,4,If These Walls Could Talk,Drama,1996
46,33,4,Aqua Teen Hunger Force: Vol. 1,Action,2000
46,276,2,Cold Harvest,Drama,1998
46,324,4,Mother's Boys,Drama,1994
46,454,3,Xena: Warrior Princess: Season 3,Action,1995
46,146,3,Cannibal Women in the Avocado Jungle of Death,Horror,1988
46,199,2,The Deer Hunter,Drama,1978
46,362,4,The Flintstones in Viva Rock Vegas,Drama,2000
46,100,1,Sam the Iron Bridge,Drama,1993
46,169,2,Cartoon Network Halloween: 9 Creepy Cartoon Capers,Animation,2004
47,382,3,Buried in the Sand: The Deception of America,Drama,2004
47,186,2,Panic in the Streets,Drama,1950
47,151,3,Sleepover Nightmare,Horror,2005
47,76,1,I Love Lucy: Season 2,Drama,1952
47,44,4,Spitfire Grill,Drama,1996
47,437,1,Beyblade: Fierce Battle,Action,2005
47,405,3,Wings of Desire,Drama,1987
47,285,5,The Devil's Own,Horror,1997
47,21,2,Strange Relations,Drama,2002
47,122,4,Cube 2: Hypercube,Drama,2002
47,434,5,Extreme Engineering: Tokyo's Sky City,Drama,2004
47,75,1,Grind,Drama,1997
47,373,3,Third World Cop,Documentary,2000
47,196,1,Peter Tosh: Stepping Razor: Red X,Drama,1992
47,348,3,The Last Temptation of Christ,Drama,1988
47,172,3,Jack,Drama,2003
47,468,1,The Matrix: Revolutions,Drama,2003
47,226,5,Henry: Portrait of a Serial Killer 2,Thriller,1996
47,109,4,No Way Back,Drama,1996
47,268,2,The Final Countdown,Drama,1980
47,299,5,Bridget Jones's Diary,Drama,2001
47,375,1,Nine Dead Gay Guys,Drama,2003
47,487,2,Doctor Who: Lost in Time: The Patrick Troughton Years,Drama,1968
47,415,1,Reign in Darkness,Horror,2002
47,82,5,The Frogmen,Drama,1951
47,212,4,Querelle,Drama,1982
47,142,4,The Tricky Master,Drama,2000
47,432,4,Les Miserables in Concert,Drama,1996
47,143,4,The Game,Drama,1997
47,213,4,Dinner Rush,Drama,2001
47,104,4,The Great Race,Drama,1965
47,60,4,The Libertine,Drama,1969
47,380,3,Live Wire,Drama,1992
47,447,3,The Making of Fanny and Alexander,Drama,1986
47,358,4,The Onion Field,Drama,1979
47,115,4,Lord Peter Wimsey: Murder Must Advertise,Thriller,1973
47,290,2,Harold and Kumar Go to White Castle,Drama,2004
47,87,2,Louder Than Bombs,Drama,2002
47,485,5,The Avengers '67,Drama,1967
47,22,3,Chump Change,Drama,2000
48,332,4,They Crawl,Drama,2002
48,183,4,IFilm: Deranged,Drama,2005
48,57,4,Richard III,Drama,1995
48,178,4,Regular Guys,Drama,1996
48,431,5,Millennium Actress,Drama,2002
48,117,3,Silk Stockings,Drama,1957
48,43,3,Silent Service,Drama,2000
48,295,3,Ace Ventura: When Nature Calls,Documentary,1995
48,492,2,Mrs. Soffel,Drama,1984
48,294,3,Oasis,Drama,2002
48,293,4,Lennon Legend: The Very Best of John Lennon,Fantasy,2003
48,227,4,The Carol Burnett Show: Show Stoppers,Drama,2001
48,422,3,The Unsinkable Molly Brown,Drama,1964
48,266,5,Saudade Do Futuro,Drama,2000
48,194,1,Arliss: The Best of Arliss,Drama,1996
48,501,5,Three Days of the Condor,Drama,1975
48,489,4,Return to Paradise,Drama,1998
48,107,3,Magnolia: Bonus Material,Drama,2000
48,99,4,A Fishy Story,Drama,1989
48,246,3,The Boston Strangler,Drama,1968
48,123,1,Chain of Fools,Drama,2000
48,147,4,Where Sleeping Dogs Lie,Drama,1992
48,373,5,Third World Cop,Documentary,2000
48,286,5,Thunderbirds Are Go,Drama,1966
48,83,4,Silkwood,Drama,1983
48,86,5,Iron Monkey 2,Drama,1996
48,229,4,Peter Gabriel: Growing Up Live,Drama,2003
48,313,4,Pay It Forward,Action,2000
48,437,3,Beyblade: Fierce Battle,Action,2005
48,268,3,The Final Countdown,Drama,1980
48,475,3,Surf Ninjas,Drama,1993
48,256,4,Ghost Dog: The Way of the Samurai,Horror,2000
48,102,4,Notre Musique,Drama,2004
48,35,3,Ferngully 2: The Magical Rescue,Animation,2000
48,474,2,Legend of 1900,Fantasy,1998
48,408,5,Nightbreed,Horror,1990
48,201,2,Home Movie,Drama,2001
48,85,4,Elfen Lied,Drama,2005
48,271,4,Saludos Amigos,Drama,1943
48,94,3,G3: Live in Concert,Drama,2000
48,91,4,WWE: Royal Rumble 2005,Drama,2005
48,25,2,Inspector Morse 31: Death Is Now My Neighbour,Horror,1997
48,423,5,My Favorite Martian #1,Drama,1963
48,29,5,Boycott,Drama,2001
48,241,5,North by Northwest,Drama,1959
48,278,3,100 Days Before the Command,Drama,1990
48,30,1,Something's Gotta Give,Drama,2003
48,23,4,Clifford: Clifford Saves the Day! / Clifford's Fluffiest Friend Cleo,Drama,2001
48,109,2,No Way Back,Drama,1996
48,330,3,Wild Things,Drama,1998
48,3,5,Character,Drama,1997
48,261,5,The Big Clock,Drama,1948
48,379,5,Crash Dive,Drama,1996
48,385,4,The Santa Clause 2,Drama,2002
48,284,5,Sasquatch Hunters,Drama,2005
48,236,1,Cartoon Crazys Sci-Fi,Comedy,1998
48,221,2,Voyage to the Planets and Beyond,Sci-Fi,2005
48,218,3,Triumph: Live at the US Festival,Drama,1983
48,273,5,Taxi,Drama,2004
48,78,3,Jingle All the Way,Drama,1996
48,70,4,Tai Chi: The 24 Forms,Drama,1999
48,215,2,That '70s Show: Season 1,Drama,1998
48,203,4,Sports Illustrated Swimsuit Edition: 1997,Drama,1997
48,411,4,Vendetta,Drama,1999
48,352,4,Pick a Card,Drama,1997
48,340,3,Midnight: 2000 Seen By...,Horror,1998
48,426,4,Recess: School's Out,Drama,2001
48,326,2,The Plainsman,Drama,1937
48,369,3,Playing Mona Lisa,Drama,2000
48,409,5,Godzilla vs. The Sea Monster,Drama,1966
48,167,3,The Chorus,Drama,2004
48,334,3,The Pacifier,Drama,2005
48,21,4,Strange Relations,Drama,2002
48,73,5,Davy Crockett: 50th Anniversary Double Feature,Drama,1954
48,52,5,The Weather Underground,Drama,2002
48,446,4,The Underneath,Drama,1995
48,74,4,6ixtynin9,Drama,1999
48,31,5,Classic Albums: Meat Loaf: Bat Out of Hell,Drama,1999
49,275,4,Evelyn,Drama,2002
49,503,2,Max and Ruby: Springtime for Max and Ruby,Drama,2005
49,300,3,Option Zero,Drama,1997
49,477,2,George Carlin: Personal Favorites,Drama,1990
49,172,4,Jack,Drama,2003
49,164,3,One Last Dance,Drama,2003
49,100,5,Sam the Iron Bridge,Drama,1993
49,254,4,Westender,Drama,2003
49,63,2,Crash Dive,Drama,1943
49,153,4,MTV Yoga,Drama,2002
49,487,2,Doctor Who: Lost in Time: The Patrick Troughton Years,Drama,1968
49,423,4,My Favorite Martian #1,Drama,1963
49,87,3,Louder Than Bombs,Drama,2002
49,177,5,Pressure,Drama,2002
49,20,5,Seeta Aur Geeta,Drama,1972
49,98,3,The Battle of Algiers: Bonus Material,Action,1965
49,204,4,Venus Boyz,Drama,2002
49,431,1,Millennium Actress,Drama,2002
49,61,2,Ricky Martin: One Night Only,Horror,1999
49,55,4,Jade,Drama,1995
49,315,3,Combat! Season 3: Operation 2,Action,1964
49,304,4,King of the Hill: Season 1,Drama,1997
49,399,3,Fangs,Drama,2001
49,107,4,Magnolia: Bonus Material,Drama,2000
49,222,1,Yellow,Drama,1998
49,247,3,Oleanna,Drama,1994
49,67,4,Vampire Journals,Drama,1997
49,266,5,Saudade Do Futuro,Drama,2000
49,151,3,Sleepover Nightmare,Horror,2005
49,45,4,The Love Letter,Drama,1999
49,80,3,Winter Kills,Thriller,1979
49,144,4,Deepak Chopra: The Way of the Wizard & Alchemy,Fantasy,2000
49,250,3,Cast a Giant Shadow,Drama,1966
49,230,5,Unsolved Mysteries: Psychics,Drama,1987
49,340,3,Midnight: 2000 Seen By...,Horror,1998
49,270,3,Sex and the City: Season 4,Drama,2001
49,418,4,The Deal,Drama,2004
49,237,4,Broken Blossoms,Drama,1918
49,29,3,Boycott,Drama,2001
49,212,4,Querelle,Drama,1982
49,493,2,The Giallo Collection: Who Saw Her Die?,Drama,1972
49,448,4,Oswald: Welcome to the Big City!,Drama,2001
49,8,4,What the #$*! Do We Know!?,Drama,2004
49,110,3,Scandal,Drama,1989
49,183,3,IFilm: Deranged,Drama,2005
49,306,3,Sesame Street: Sing Yourself Silly!,Comedy,2005
49,294,2,Oasis,Drama,2002
49,328,4,Deftones: Live in Hawaii,Drama,2002
49,392,3,Danielle Steel's Heartbeat,Drama,1993
49,233,4,Chato's Land,Drama,1971
49,47,3,The Bad and the Beautiful,Drama,1952
49,364,4,Billy Blanks: Tae Bo: Contact 2,Drama,2004
49,227,1,The Carol Burnett Show: Show Stoppers,Drama,2001
49,256,2,Ghost Dog: The Way of the Samurai,Horror,2000
49,271,2,Saludos Amigos,Drama,1943
49,51,5,Jonah: A VeggieTales Movie: Bonus Material,Drama,2002
49,444,4,The Inner Tour,Drama,2001
49,420,3,Saturday Night Live: The Best of Dana Carvey,Horror,1999
49,57,3,Richard III,Drama,1995
49,354,4,Sadomania,Drama,1981
49,134,3,Spirit Lost,Drama,1996
49,351,4,Guns of the Magnificent Seven,Drama,1969
49,169,3,Cartoon Network Halloween: 9 Creepy Cartoon Capers,Animation,2004
50,295,3,Ace Ventura: When Nature Calls,Documentary,1995
50,325,5,Ghosts of Rwanda: Frontline,Horror,2004
50,132,4,Lucio Fulci: The Beyond,Drama,1981
50,13,3,Lord of the Rings: The Return of the King: Extended Edition: Bonus Material,Drama,2003
50,461,5,Nightwalker #1: Midnight Detective,Horror,2000
50,309,4,The Day of the Locust,Drama,1975
50,19,3,By Dawn's Early Light,Drama,2000
50,205,3,Troy: Bonus Material,Drama,2004
50,444,2,The Inner Tour,Drama,2001
50,94,2,G3: Live in Concert,Drama,2000
50,484,5,Danielle Steel's Jewels,Drama,1992
50,486,2,Journey to the Center of the Earth,Drama,1959
50,128,2,Mr. Vampire,Drama,1985
50,218,4,Triumph: Live at the US Festival,Drama,1983
50,61,5,Ricky Martin: One Night Only,Horror,1999
50,437,5,Beyblade: Fierce Battle,Action,2005
50,324,5,Mother's Boys,Drama,1994
50,430,5,Chobits,Drama,2002
50,209,2,Star Trek: Deep Space Nine: Season 5,Sci-Fi,1996
50,70,3,Tai Chi: The 24 Forms,Drama,1999
50,171,2,Funny Face,Comedy,1957
50,28,2,Lilo and Stitch,Drama,2002
50,434,5,Extreme Engineering: Tokyo's Sky City,Drama,2004
50,311,4,Ed Wood,Drama,1994
50,238,5,Led Zeppelin: The Song Remains the Same,Drama,1976
50,284,2,Sasquatch Hunters,Drama,2005
50,129,3,Darkwolf,Horror,2003
50,471,4,City Lights,Drama,1931
50,187,5,Death to Smoochy,Horror,2002
50,475,2,Surf Ninjas,Drama,1993
50,411,3,Vendetta,Drama,1999
50,384,4,Crossroads,Drama,1986
50,102,4,Notre Musique,Drama,2004
50,10,5,Fighter,Action,2001
50,1,3,Dinosaur Planet,Sci-Fi,2003
50,161,2,Ninotchka,Drama,1939
50,337,1,Star 80,Sci-Fi,1983
50,38,3,Daydream Obsession,Drama,2003
50,407,3,The Abductors,Drama,1972
50,116,3,Bear Cub,Drama,2004
50,192,5,The SoulTaker,Drama,2003
50,314,2,Saturday Night Live: The Best of Jon Lovitz,Horror,1985
50,275,3,Evelyn,Drama,2002
50,419,5,George Lopez: Why You Crying?,Drama,2005
50,260,3,Marat / Sade,Drama,1967
50,415,4,Reign in Darkness,Horror,2002
51,164,2,One Last Dance,Drama,2003
51,343,3,French and Saunders: Live,Drama,2000
51,227,2,The Carol Burnett Show: Show Stoppers,Drama,2001
51,160,3,Gormenghast,Drama,2000
51,54,4,We're Not Married,Drama,1952
51,50,4,A Yank in the R.A.F.,Drama,1941
51,89,2,Chain of Command,Drama,2000
51,225,5,The Cookout,Drama,2004
51,444,5,The Inner Tour,Drama,2001
51,182,3,Moby: Play,Drama,2001
51,429,4,Zeus and Roxanne,Drama,1997
51,376,4,Genesis: The Way We Walk: Live in Concert,Drama,2001
51,447,4,The Making of Fanny and Alexander,Drama,1986
51,159,4,Gentlemen of Fortune,Drama,1971
51,380,3,Live Wire,Drama,1992
51,132,3,Lucio Fulci: The Beyond,Drama,1981
51,70,4,Tai Chi: The 24 Forms,Drama,1999
51,496,2,Primus: Hallucino-Genetics Live 2004,Drama,2004
51,340,4,Midnight: 2000 Seen By...,Horror,1998
51,313,4,Pay It Forward,Action,2000
51,407,3,The Abductors,Drama,1972
51,47,5,The Bad and the Beautiful,Drama,1952
51,56,3,Carandiru,Drama,2004
51,80,3,Winter Kills,Thriller,1979
51,318,3,Beyond Suspicion,Drama,1994
51,424,4,Happiness,Drama,1998
51,65,3,Lost in the Pershing Point Hotel,Drama,2000
51,265,2,The Jeff Corwin Experience: Costa Rica and the Amazon,Drama,2002
51,267,4,Touched by an Angel: Season 1,Drama,1994
51,352,3,Pick a Card,Drama,1997
51,244,5,Stellvia,Drama,2004
51,221,4,Voyage to the Planets and Beyond,Sci-Fi,2005
51,25,4,Inspector Morse 31: Death Is Now My Neighbour,Horror,1997
51,351,5,Guns of the Magnificent Seven,Drama,1969
51,337,4,Star 80,Sci-Fi,1983
51,92,4,ECW: Cyberslam '99,Sci-Fi,2002
51,279,3,Micki and Maude,Drama,1984
51,67,5,Vampire Journals,Drama,1997
51,20,4,Seeta Aur Geeta,Drama,1972
51,119,2,Travel the World by Train: Africa,Documentary,1999
51,430,4,Chobits,Drama,2002
52,117,4,Silk Stockings,Drama,1957
52,227,5,The Carol Burnett Show: Show Stoppers,Drama,2001
52,151,4,Sleepover Nightmare,Horror,2005
52,437,5,Beyblade: Fierce Battle,Action,2005
52,137,2,Naked Lies,Drama,1998
52,34,3,Ashtanga Yoga: Beginner's Practice with Nicki Doane,Drama,2003
52,167,3,The Chorus,Drama,2004
52,81,3,Antarctica: IMAX,Drama,1991
52,461,4,Nightwalker #1: Midnight Detective,Horror,2000
52,312,4,High Fidelity,Drama,2000
52,427,4,Graveyard Shift,Drama,1990
52,401,5,Halloween 5: The Revenge of Michael Myers,Drama,1989
52,269,2,Parenthood,Drama,1989
52,320,2,Eat Your Heart Out,Drama,1997
52,452,1,Scorched,Drama,2002
52,495,2,Mission Kashmir,Action,2000
52,259,3,Animal,Drama,2004
52,55,3,Jade,Drama,1995
52,477,2,George Carlin: Personal Favorites,Drama,1990
52,134,4,Spirit Lost,Drama,1996
52,156,3,Husbands and Wives,Drama,1992
52,321,2,Ju-Rei: The Uncanny,Drama,2004
52,382,4,Buried in the Sand: The Deception of America,Drama,2004
52,415,3,Reign in Darkness,Horror,2002
52,433,5,Untamed Heart,Drama,1993
52,71,3,Maya Lin: A Strong Clear Vision,Drama,1995
52,163,3,MTV: Making the Band 2: Best of Season 1,Drama,2002
52,403,4,Substitute 4: Failure is Not an Option,Drama,2000
52,218,1,Triumph: Live at the US Festival,Drama,1983
52,464,5,The Return of Ruben Blades,Drama,1987
52,361,4,The Phantom of the Opera: Special Edition,Drama,2004
52,246,3,The Boston Strangler,Drama,1968
52,182,2,Moby: Play,Drama,2001
52,370,2,Chaplin,Drama,1918
52,303,2,Les Liaisons Dangereuses,Drama,1959
52,282,1,Blue Seed: Beyond,Drama,2003
52,147,2,Where Sleeping Dogs Lie,Drama,1992
52,396,1,Arjuna: Complete Collection,Drama,2001
52,344,3,The Taming of the Shrew,Drama,1967
52,221,3,Voyage to the Planets and Beyond,Sci-Fi,2005
52,10,5,Fighter,Action,2001
52,23,5,Clifford: Clifford Saves the Day! / Clifford's Fluffiest Friend Cleo,Drama,2001
52,501,3,Three Days of the Condor,Drama,1975
52,48,3,Justice League,Drama,2001
52,389,5,Steal,Drama,2002
52,70,3,Tai Chi: The 24 Forms,Drama,1999
52,499,4,Under Suspicion,Drama,2000
52,431,3,Millennium Actress,Drama,2002
52,203,4,Sports Illustrated Swimsuit Edition: 1997,Drama,1997
52,283,4,If These Walls Could Talk,Drama,1996
52,302,3,The Isle,Drama,2001
52,322,5,Flesh Gordon,Drama,1974
52,406,2,Hostage,Drama,2005
52,253,4,A Night at the Opera,Horror,1935
52,51,5,Jonah: A VeggieTales Movie: Bonus Material,Drama,2002
52,486,4,Journey to the Center of the Earth,Drama,1959
52,87,3,Louder Than Bombs,Drama,2002
52,217,4,Cherry 2000,Drama,1988
52,393,5,The Replacement Killers,Thriller,1998
52,224,4,Midsomer Murders: Blood Will Out,Thriller,1999
52,188,4,Dead Birds,Drama,2005
52,346,4,Up and Down,Drama,2005
52,85,4,Elfen Lied,Drama,2005
52,328,3,Deftones: Live in Hawaii,Drama,2002
52,195,2,Chasing Freedom,Drama,2004
52,243,4,Pressure Point,Drama,1962
52,103,2,Sanford and Son: Season 6,Drama,1976
52,372,3,Jeans,Drama,1998
52,6,5,Sick,Drama,1997
52,208,3,The Three Stooges: Sing a Song of Six Pants,Drama,1947
52,140,2,Lost in the Wild,Drama,1993
52,475,4,Surf Ninjas,Drama,1993
52,9,3,Class of Nuke 'Em High 2,Drama,1991
52,315,4,Combat! Season 3: Operation 2,Action,1964
52,82,2,The Frogmen,Drama,1951
53,338,3,The Three Stooges: Three Smart Saps,Drama,1942
53,139,3,Allergies: A Natural Approach,Drama,2001
53,431,3,Millennium Actress,Drama,2002
53,430,5,Chobits,Drama,2002
53,224,4,Midsomer Murders: Blood Will Out,Thriller,1999
53,368,5,The Best of Designing Women,Drama,1986
53,289,4,The Avengers,Drama,1998
53,238,5,Led Zeppelin: The Song Remains the Same,Drama,1976
53,257,4,Charlotte's Web,Drama,1973
53,56,3,Carandiru,Drama,2004
53,283,3,If These Walls Could Talk,Drama,1996
53,93,5,They Came Back,Drama,2004
53,259,5,Animal,Drama,2004
53,196,5,Peter Tosh: Stepping Razor: Red X,Drama,1992
53,316,2,Futurama: Monster Robot Maniac Fun Collection,Comedy,1999
53,197,1,Taking Lives,Drama,2004
53,195,2,Chasing Freedom,Drama,2004
53,62,4,Ken Burns' America: Empire of the Air,Drama,1991
53,241,3,North by Northwest,Drama,1959
53,303,4,Les Liaisons Dangereuses,Drama,1959
53,46,3,Rudolph the Red-Nosed Reindeer,Drama,1964
53,179,1,Bollywood Bound,Drama,2003
53,192,4,The SoulTaker,Drama,2003
53,408,4,Nightbreed,Horror,1990
53,33,5,Aqua Teen Hunger Force: Vol. 1,Action,2000
53,134,4,Spirit Lost,Drama,1996
53,334,4,The Pacifier,Drama,2005
53,82,3,The Frogmen,Drama,1951
53,1,4,Dinosaur Planet,Sci-Fi,2003
53,116,4,Bear Cub,Drama,2004
53,4,4,Paula Abdul's Get Up & Dance,Drama,1994
53,385,3,The Santa Clause 2,Drama,2002
53,91,4,WWE: Royal Rumble 2005,Drama,2005
53,498,4,Glory: Bonus Material,Drama,1989
53,353,5,Life or Something Like It,Drama,2002
53,288,3,Saturday Night Live: The Best of Chris Kattan,Horror,2004
53,494,2,Monty Python's The Meaning of Life: Special Edition,Drama,1983
53,129,3,Darkwolf,Horror,2003
53,296,4,In His Life: The John Lennon Story,Drama,2000
53,302,4,The Isle,Drama,2001
53,160,4,Gormenghast,Drama,2000
53,9,4,Class of Nuke 'Em High 2,Drama,1991
53,76,1,I Love Lucy: Season 2,Drama,1952
53,133,3,Viva La Bam: Season 1,Drama,2003
53,162,4,John Cleese on How to Irritate People,Drama,1968
53,427,5,Graveyard Shift,Drama,1990
53,99,3,A Fishy Story,Drama,1989
53,214,5,Read-Along: Beauty and the Beast,Drama,2002
53,422,4,The Unsinkable Molly Brown,Drama,1964
53,119,4,Travel the World by Train: Africa,Documentary,1999
53,25,3,Inspector Morse 31: Death Is Now My Neighbour,Horror,1997
53,137,3,Naked Lies,Drama,1998
53,469,4,First Night of My Life: 2000 Seen By...,Drama,1998
53,472,3,Mr. Jealousy,Drama,1998
53,223,5,Chappelle's Show: Season 1,Drama,2003
53,188,5,Dead Birds,Drama,2005
53,199,5,The Deer Hunter,Drama,1978
53,125,2,Nighthawks,Horror,1981
53,244,2,Stellvia,Drama,2004
54,384,4,Crossroads,Drama,1986
54,62,3,Ken Burns' America: Empire of the Air,Drama,1991
54,82,5,The Frogmen,Drama,1951
54,220,3,Winston Churchill: The Wilderness Years,Drama,1983
54,27,3,Sesame Street: Elmo's World: The Street We Live On,Documentary,1962
54,506,5,Blank Generation / Dancin' Barefoot,Drama,1976
54,199,4,The Deer Hunter,Drama,1978
54,125,3,Nighthawks,Horror,1981
54,69,4,WWE: Armageddon 2003,Drama,2003
54,110,3,Scandal,Drama,1989
54,14,2,Nature: Antarctica,Documentary,1982
54,227,3,The Carol Burnett Show: Show Stoppers,Drama,2001
54,176,2,The History Channel Presents: Troy: Unearthing the Legend,Drama,2004
54,314,4,Saturday Night Live: The Best of Jon Lovitz,Horror,1985
54,439,4,Town Without Pity,Drama,1961
54,23,5,Clifford: Clifford Saves the Day! / Clifford's Fluffiest Friend Cleo,Drama,2001
54,348,5,The Last Temptation of Christ,Drama,1988
54,365,3,R.E.M.: Tourfilm,Drama,1989
54,352,4,Pick a Card,Drama,1997
54,356,4,Look at Me,Drama,2005
54,10,4,Fighter,Action,2001
54,496,3,Primus: Hallucino-Genetics Live 2004,Drama,2004
54,195,2,Chasing Freedom,Drama,2004
54,182,4,Moby: Play,Drama,2001
54,395,1,Captain Blood,Drama,1935
54,472,3,Mr. Jealousy,Drama,1998
54,402,1,Pan Tadeusz,Drama,1999
54,290,2,Harold and Kumar Go to White Castle,Drama,2004
54,8,2,What the #$*! Do We Know!?,Drama,2004
54,262,5,Herbie Rides Again,Drama,1974
54,43,4,Silent Service,Drama,2000
54,90,3,The Lemon Drop Kid,Drama,1951
54,309,4,The Day of the Locust,Drama,1975
54,179,5,Bollywood Bound,Drama,2003
54,302,3,The Isle,Drama,2001
54,393,2,The Replacement Killers,Thriller,1998
54,105,3,Obsessed,Drama,2002
54,124,3,Cold Blooded,Drama,2000
54,278,2,100 Days Before the Command,Drama,1990
54,129,4,Darkwolf,Horror,2003
54,1,4,Dinosaur Planet,Sci-Fi,2003
54,427,4,Graveyard Shift,Drama,1990
54,132,4,Lucio Fulci: The Beyond,Drama,1981
54,121,4,Beyonce: Live at Wembley,Drama,2003
54,136,3,Cat and the Canary,Drama,1927
54,12,4,My Favorite Brunette,Drama,1947
54,101,3,Complete Shamanic Princess,Drama,1997
54,52,3,The Weather Underground,Drama,2002
54,56,5,Carandiru,Drama,2004
54,388,1,Body Chemistry,Drama,1990
54,339,5,Rolling Stones: Rock and Roll Circus,Drama,1968
54,460,3,Pink Narcissus,Drama,1971
54,55,3,Jade,Drama,1995
54,17,4,7 Seconds,Drama,2005
54,449,2,Jimmy Buffett: MiniMatinee #1,Drama,2003
54,148,3,Sweet November,Drama,2001
54,369,2,Playing Mona Lisa,Drama,2000
54,49,3,Devo: The Complete Truth About De-evolution,Drama,2003
54,430,3,Chobits,Drama,2002
54,185,5,Missing in Action 2: The Beginning / Missing in Action 3: Braddock,Action,1985
54,265,5,The Jeff Corwin Experience: Costa Rica and the Amazon,Drama,2002
54,163,1,MTV: Making the Band 2: Best of Season 1,Drama,2002
54,155,4,The Strongest Man in the World,Documentary,1975
54,130,5,Drowning on Dry Land,Drama,1999
54,416,4,Elephant,Drama,2003
54,95,3,Dona Herlinda and Her Son,Drama,1985
54,172,3,Jack,Drama,2003
54,318,3,Beyond Suspicion,Drama,1994
55,380,3,Live Wire,Drama,1992
55,227,2,The Carol Burnett Show: Show Stoppers,Drama,2001
55,91,5,WWE: Royal Rumble 2005,Drama,2005
55,63,2,Crash Dive,Drama,1943
55,484,3,Danielle Steel's Jewels,Drama,1992
55,462,5,Classic Cartoon Favorites: Starring Donald,Animation,2005
55,116,2,Bear Cub,Drama,2004
55,289,4,The Avengers,Drama,1998
55,401,2,Halloween 5: The Revenge of Michael Myers,Drama,1989
55,187,4,Death to Smoochy,Horror,2002
55,36,5,Lady Chatterley,Drama,1992
55,457,3,Kill Bill: Vol. 2,Thriller,2004
55,177,2,Pressure,Drama,2002
55,372,4,Jeans,Drama,1998
55,296,2,In His Life: The John Lennon Story,Drama,2000
55,274,1,Crazy as Hell,Comedy,2002
55,316,3,Futurama: Monster Robot Maniac Fun Collection,Comedy,1999
55,210,4,Onmyoji,Drama,2001
55,357,3,House of Sand and Fog,Drama,2003
55,55,4,Jade,Drama,1995
55,87,5,Louder Than Bombs,Drama,2002
55,271,3,Saludos Amigos,Drama,1943
55,412,3,Jay Jay the Jet Plane: Adventures in Learning,Animation,1999
55,349,3,The Swarm,Action,1978
55,231,3,Marooned in Iraq,Drama,2002
55,353,3,Life or Something Like It,Drama,2002
55,82,5,The Frogmen,Drama,1951
55,3,4,Character,Drama,1997
55,277,3,Enigma: MCMXC A.D,Drama,2003
55,391,5,The Monkees: Season 2,Drama,1967
55,408,5,Nightbreed,Horror,1990
55,108,4,Spartan,Drama,2004
55,468,3,The Matrix: Revolutions,Drama,2003
55,355,5,Sinful Nuns of St. Valentine,Romance,1973
55,123,2,Chain of Fools,Drama,2000
55,413,1,Igby Goes Down,Drama,2002
55,480,4,Flypaper,Drama,1997
55,85,3,Elfen Lied,Drama,2005
55,74,1,6ixtynin9,Drama,1999
55,445,3,Michael Collins,Drama,1996
55,241,4,North by Northwest,Drama,1959
55,451,3,Batman the Animated Series: Vol. 3,Animation,1993
55,245,4,Road Dogz,Drama,2002
55,272,3,Female Yakuza Tale,Drama,1973
55,506,3,Blank Generation / Dancin' Barefoot,Drama,1976
55,253,5,A Night at the Opera,Horror,1935
55,417,5,Transformers: Season 3: Part 1,Drama,1986
55,92,3,ECW: Cyberslam '99,Sci-Fi,2002
55,81,4,Antarctica: IMAX,Drama,1991
55,495,5,Mission Kashmir,Action,2000
55,31,2,Classic Albums: Meat Loaf: Bat Out of Hell,Drama,1999
55,25,4,Inspector Morse 31: Death Is Now My Neighbour,Horror,1997
55,492,4,Mrs. Soffel,Drama,1984
55,328,4,Deftones: Live in Hawaii,Drama,2002
55,65,2,Lost in the Pershing Point Hotel,Drama,2000
55,344,3,The Taming of the Shrew,Drama,1967
55,294,3,Oasis,Drama,2002
55,7,4,8 Man,Drama,1992
55,39,3,Love Reinvented,Drama,2000
55,200,3,The Fall of the Roman Empire,Drama,1964
55,267,4,Touched by an Angel: Season 1,Drama,1994
55,288,2,Saturday Night Live: The Best of Chris Kattan,Horror,2004
55,340,2,Midnight: 2000 Seen By...,Horror,1998
55,252,5,Stuart Little 2,Drama,2002
55,131,3,Arachnid,Drama,2002
55,117,2,Silk Stockings,Drama,1957
55,407,2,The Abductors,Drama,1972
56,173,5,The Devil's Brigade,Horror,1968
56,411,3,Vendetta,Drama,1999
56,473,4,Princess Mononoke,Drama,1997
56,31,4,Classic Albums: Meat Loaf: Bat Out of Hell,Drama,1999
56,280,4,Sarah Brightman: In Concert,Drama,1998
56,378,5,Party Monster,Drama,2003
56,80,3,Winter Kills,Thriller,1979
56,306,3,Sesame Street: Sing Yourself Silly!,Comedy,2005
56,348,3,The Last Temptation of Christ,Drama,1988
56,160,1,Gormenghast,Drama,2000
56,89,3,Chain of Command,Drama,2000
56,455,3,Cardcaptor Sakura: The Movie,Drama,1999
56,339,5,Rolling Stones: Rock and Roll Circus,Drama,1968
56,205,4,Troy: Bonus Material,Drama,2004
56,45,4,The Love Letter,Drama,1999
56,63,2,Crash Dive,Drama,1943
56,68,3,Invader Zim,Drama,2004
56,253,5,A Night at the Opera,Horror,1935
56,386,5,Princess Caraboo,Drama,1994
56,263,3,Dragon Ball: Tournament Saga,Fantasy,2001
56,249,1,The Hunters,Drama,1958
56,254,3,Westender,Drama,2003
56,267,3,Touched by an Angel: Season 1,Drama,1994
56,311,3,Ed Wood,Drama,1994
56,238,5,Led Zeppelin: The Song Remains the Same,Drama,1976
56,58,4,Dragonheart,Drama,1996
56,289,2,The Avengers,Drama,1998
56,137,5,Naked Lies,Drama,1998
56,491,5,Torn Curtain,Drama,1966
56,197,1,Taking Lives,Drama,2004
56,119,5,Travel the World by Train: Africa,Documentary,1999
56,423,3,My Favorite Martian #1,Drama,1963
56,399,2,Fangs,Drama,2001
56,131,2,Arachnid,Drama,2002
56,318,3,Beyond Suspicion,Drama,1994
56,22,3,Chump Change,Drama,2000
56,61,4,Ricky Martin: One Night Only,Horror,1999
56,293,5,Lennon Legend: The Very Best of John Lennon,Fantasy,2003
56,2,3,Isle of Man TT 2004 Review,Drama,2004
56,285,2,The Devil's Own,Horror,1997
56,96,3,Inside the Space Station,Sci-Fi,2000
56,221,5,Voyage to the Planets and Beyond,Sci-Fi,2005
56,387,3,Bizet's Carmen,Drama,1984
56,398,4,In the Realm of the Senses,Documentary,1976
56,424,4,Happiness,Drama,1998
56,405,4,Wings of Desire,Drama,1987
56,363,5,Stark Raving Mad,Sci-Fi,2002
56,346,2,Up and Down,Drama,2005
56,451,2,Batman the Animated Series: Vol. 3,Animation,1993
56,499,2,Under Suspicion,Drama,2000
56,292,4,Saturday Night Live: The Best of Gilda Radner,Horror,2005
56,319,4,Straight to Hell,Drama,1987
56,136,4,Cat and the Canary,Drama,1927
56,100,3,Sam the Iron Bridge,Drama,1993
56,129,3,Darkwolf,Horror,2003
56,15,4,Neil Diamond: Greatest Hits Live,Drama,1988
56,42,5,Searching for Paradise,Drama,2002
56,170,2,Tomorrow,Drama,1972
56,495,2,Mission Kashmir,Action,2000
56,465,4,Coolie No.1,Drama,1995
56,118,5,Rambo: First Blood Part II,Drama,1985
56,94,2,G3: Live in Concert,Drama,2000
56,30,3,Something's Gotta Give,Drama,2003
56,87,2,Louder Than Bombs,Drama,2002
56,325,4,Ghosts of Rwanda: Frontline,Horror,2004
56,240,1,Woman of the Year,Drama,1942
56,251,2,Midsomer Murders: Strangler's Wood,Thriller,2000
56,138,5,Star Trek: Voyager: Season 1,Sci-Fi,1995
56,145,4,Get Out Your Handkerchiefs,Drama,1978
56,135,3,GTO: Great Teacher Onizuka: Set 2,Drama,1998
56,97,3,Mostly Martha,Drama,2002
56,206,3,Unconstitutional: The War on Our Civil Liberties,Action,2004
57,137,3,Naked Lies,Drama,1998
57,412,2,Jay Jay the Jet Plane: Adventures in Learning,Animation,1999
57,220,3,Winston Churchill: The Wilderness Years,Drama,1983
57,54,3,We're Not Married,Drama,1952
57,209,4,Star Trek: Deep Space Nine: Season 5,Sci-Fi,1996
57,405,4,Wings of Desire,Drama,1987
57,219,3,Neon Bible,Drama,1995
57,166,5,Fame,Drama,1980
57,465,5,Coolie No.1,Drama,1995
57,268,3,The Final Countdown,Drama,1980
57,483,3,Rush Hour 2,Drama,2001
57,295,4,Ace Ventura: When Nature Calls,Documentary,1995
57,246,3,The Boston Strangler,Drama,1968
57,354,1,Sadomania,Drama,1981
57,199,5,The Deer Hunter,Drama,1978
57,386,2,Princess Caraboo,Drama,1994
57,115,5,Lord Peter Wimsey: Murder Must Advertise,Thriller,1973
57,157,4,Laird: White Knuckle Extreme,Drama,2004
57,194,3,Arliss: The Best of Arliss,Drama,1996
57,353,5,Life or Something Like It,Drama,2002
57,18,4,Immortal Beloved,Drama,1994
57,183,4,IFilm: Deranged,Drama,2005
57,250,2,Cast a Giant Shadow,Drama,1966
57,418,1,The Deal,Drama,2004
57,471,3,City Lights,Drama,1931
57,17,5,7 Seconds,Drama,2005
57,381,1,Out for Justice,Drama,1991
57,309,4,The Day of the Locust,Drama,1975
57,257,4,Charlotte's Web,Drama,1973
57,214,5,Read-Along: Beauty and the Beast,Drama,2002
57,57,5,Richard III,Drama,1995
57,34,4,Ashtanga Yoga: Beginner's Practice with Nicki Doane,Drama,2003
57,332,3,They Crawl,Drama,2002
57,371,3,The Trouble with Angels,Drama,1966
57,121,2,Beyonce: Live at Wembley,Drama,2003
57,237,3,Broken Blossoms,Drama,1918
57,349,2,The Swarm,Action,1978
57,127,3,Fatal Beauty,Drama,1987
57,348,3,The Last Temptation of Christ,Drama,1988
57,79,3,The Killing,Thriller,1956
57,319,4,Straight to Hell,Drama,1987
57,160,3,Gormenghast,Drama,2000
57,245,5,Road Dogz,Drama,2002
57,24,4,My Bloody Valentine,Romance,1981
57,259,3,Animal,Drama,2004
57,253,2,A Night at the Opera,Horror,1935
57,168,3,Smokey and the Bandit Part 3,Drama,1983
57,287,5,Luther Vandross: Always and Forever: An Evening of Songs,Drama,1994
57,449,4,Jimmy Buffett: MiniMatinee #1,Drama,2003
57,395,4,Captain Blood,Drama,1935
57,442,4,Mississippi Burning,Drama,1988
57,273,5,Taxi,Drama,2004
57,343,5,French and Saunders: Live,Drama,2000
57,308,4,The Legend of the 7 Golden Vampires/7 Brothers of Dracula,Fantasy,1974
57,361,3,The Phantom of the Opera: Special Edition,Drama,2004
57,122,5,Cube 2: Hypercube,Drama,2002
57,417,1,Transformers: Season 3: Part 1,Drama,1986
57,443,5,Rabbit-Proof Fence,Drama,2002
57,387,4,Bizet's Carmen,Drama,1984
57,254,5,Westender,Drama,2003
57,167,2,The Chorus,Drama,2004
57,134,5,Spirit Lost,Drama,1996
57,431,4,Millennium Actress,Drama,2002
57,445,3,Michael Collins,Drama,1996
57,9,3,Class of Nuke 'Em High 2,Drama,1991
57,203,3,Sports Illustrated Swimsuit Edition: 1997,Drama,1997
57,376,3,Genesis: The Way We Walk: Live in Concert,Drama,2001
57,315,2,Combat! Season 3: Operation 2,Action,1964
57,10,5,Fighter,Action,2001
57,438,2,Bean: The Movie,Drama,1997
57,105,2,Obsessed,Drama,2002
57,477,5,George Carlin: Personal Favorites,Drama,1990
57,189,2,Airplane II: The Sequel,Drama,1982
58,230,3,Unsolved Mysteries: Psychics,Drama,1987
58,414,4,Girl,Drama,1999
58,449,3,Jimmy Buffett: MiniMatinee #1,Drama,2003
58,304,2,King of the Hill: Season 1,Drama,1997
58,312,3,High Fidelity,Drama,2000
58,468,2,The Matrix: Revolutions,Drama,2003
58,215,5,That '70s Show: Season 1,Drama,1998
58,460,3,Pink Narcissus,Drama,1971
58,173,4,The Devil's Brigade,Horror,1968
58,360,5,Lies,Drama,1999
58,60,4,The Libertine,Drama,1969
58,416,5,Elephant,Drama,2003
58,492,3,Mrs. Soffel,Drama,1984
58,71,4,Maya Lin: A Strong Clear Vision,Drama,1995
58,371,4,The Trouble with Angels,Drama,1966
58,176,3,The History Channel Presents: Troy: Unearthing the Legend,Drama,2004
58,229,3,Peter Gabriel: Growing Up Live,Drama,2003
58,290,5,Harold and Kumar Go to White Castle,Drama,2004
58,311,3,Ed Wood,Drama,1994
58,314,2,Saturday Night Live: The Best of Jon Lovitz,Horror,1985
58,220,3,Winston Churchill: The Wilderness Years,Drama,1983
58,467,3,Topper Returns,Drama,1941
58,57,4,Richard III,Drama,1995
58,499,4,Under Suspicion,Drama,2000
58,219,4,Neon Bible,Drama,1995
58,131,3,Arachnid,Drama,2002
58,393,4,The Replacement Killers,Thriller,1998
58,471,3,City Lights,Drama,1931
58,277,2,Enigma: MCMXC A.D,Drama,2003
58,15,3,Neil Diamond: Greatest Hits Live,Drama,1988
58,99,5,A Fishy Story,Drama,1989
58,121,2,Beyonce: Live at Wembley,Drama,2003
58,324,1,Mother's Boys,Drama,1994
58,318,5,Beyond Suspicion,Drama,1994
58,431,4,Millennium Actress,Drama,2002
58,181,4,The Last Shot,Drama,2004
58,260,3,Marat / Sade,Drama,1967
58,182,4,Moby: Play,Drama,2001
58,362,4,The Flintstones in Viva Rock Vegas,Drama,2000
58,407,5,The Abductors,Drama,1972
58,388,5,Body Chemistry,Drama,1990
58,163,4,MTV: Making the Band 2: Best of Season 1,Drama,2002
58,53,3,The Bonesetter,Drama,2003
58,202,4,Ruby's Bucket of Blood,Drama,2001
58,271,3,Saludos Amigos,Drama,1943
58,489,5,Return to Paradise,Drama,1998
58,443,3,Rabbit-Proof Fence,Drama,2002
58,461,3,Nightwalker #1: Midnight Detective,Horror,2000
58,442,2,Mississippi Burning,Drama,1988
58,47,3,The Bad and the Beautiful,Drama,1952
58,139,3,Allergies: A Natural Approach,Drama,2001
58,227,3,The Carol Burnett Show: Show Stoppers,Drama,2001
58,184,2,Billy Blanks: Tae Bo: Cardio Circuit 1,Drama,2004
58,358,5,The Onion Field,Drama,1979
58,307,3,Godsmack: Smack This!,Drama,2002
58,265,3,The Jeff Corwin Experience: Costa Rica and the Amazon,Drama,2002
58,315,4,Combat! Season 3: Operation 2,Action,1964
58,505,5,A Thousand Acres,Drama,1997
58,46,3,Rudolph the Red-Nosed Reindeer,Drama,1964
58,359,3,Absolutely Fabulous: Series 5,Drama,2003
59,244,3,Stellvia,Drama,2004
59,262,5,Herbie Rides Again,Drama,1974
59,334,4,The Pacifier,Drama,2005
59,472,4,Mr. Jealousy,Drama,1998
59,115,4,Lord Peter Wimsey: Murder Must Advertise,Thriller,1973
59,487,5,Doctor Who: Lost in Time: The Patrick Troughton Years,Drama,1968
59,296,4,In His Life: The John Lennon Story,Drama,2000
59,214,2,Read-Along: Beauty and the Beast,Drama,2002
59,402,4,Pan Tadeusz,Drama,1999
59,27,4,Sesame Street: Elmo's World: The Street We Live On,Documentary,1962
59,372,3,Jeans,Drama,1998
59,100,4,Sam the Iron Bridge,Drama,1993
59,465,3,Coolie No.1,Drama,1995
59,246,2,The Boston Strangler,Drama,1968
59,142,2,The Tricky Master,Drama,2000
59,109,2,No Way Back,Drama,1996
59,219,4,Neon Bible,Drama,1995
59,496,1,Primus: Hallucino-Genetics Live 2004,Drama,2004
59,236,3,Cartoon Crazys Sci-Fi,Comedy,1998
59,108,3,Spartan,Drama,2004
59,104,3,The Great Race,Drama,1965
59,397,1,A Night in Casablanca,Horror,1946
59,230,4,Unsolved Mysteries: Psychics,Drama,1987
59,136,2,Cat and the Canary,Drama,1927
59,428,5,Barney: Barney's Colorful World: Live,Documentary,2004
59,201,3,Home Movie,Drama,2001
59,18,3,Immortal Beloved,Drama,1994
59,57,4,Richard III,Drama,1995
59,240,4,Woman of the Year,Drama,1942
59,430,4,Chobits,Drama,2002
59,68,3,Invader Zim,Drama,2004
59,255,4,The Hunchback of Notre Dame II,Drama,2001
59,348,4,The Last Temptation of Christ,Drama,1988
59,497,3,Broadway's Lost Treasures,Drama,2003
59,34,4,Ashtanga Yoga: Beginner's Practice with Nicki Doane,Drama,2003
59,203,5,Sports Illustrated Swimsuit Edition: 1997,Drama,1997
59,8,4,What the #$*! Do We Know!?,Drama,2004
59,30,5,Something's Gotta Give,Drama,2003
59,157,4,Laird: White Knuckle Extreme,Drama,2004
59,50,2,A Yank in the R.A.F.,Drama,1941
59,421,3,Agatha Christie's Poirot: Sad Cypress,Drama,2003
59,363,4,Stark Raving Mad,Sci-Fi,2002
59,242,5,Neon Genesis Evangelion: The End of Evangelion,Drama,1995
59,126,5,Vampire Effect (aka Twins Effect),Drama,2003
59,401,5,Halloween 5: The Revenge of Michael Myers,Drama,1989
59,284,2,Sasquatch Hunters,Drama,2005
59,146,3,Cannibal Women in the Avocado Jungle of Death,Horror,1988
59,344,5,The Taming of the Shrew,Drama,1967
59,93,3,They Came Back,Drama,2004
59,349,4,The Swarm,Action,1978
59,176,2,The History Channel Presents: Troy: Unearthing the Legend,Drama,2004
59,415,5,Reign in Darkness,Horror,2002
59,427,4,Graveyard Shift,Drama,1990
59,130,3,Drowning on Dry Land,Drama,1999
59,224,2,Midsomer Murders: Blood Will Out,Thriller,1999
59,154,4,Demon Warrior Koji,Action,2000
59,184,4,Billy Blanks: Tae Bo: Cardio Circuit 1,Drama,2004
59,323,4,Modern Vampires,Drama,1999
59,354,4,Sadomania,Drama,1981
59,132,3,Lucio Fulci: The Beyond,Drama,1981
59,351,3,Guns of the Magnificent Seven,Drama,1969
59,170,3,Tomorrow,Drama,1972
59,140,3,Lost in the Wild,Drama,1993
60,352,4,Pick a Card,Drama,1997
60,468,2,The Matrix: Revolutions,Drama,2003
60,256,5,Ghost Dog: The Way of the Samurai,Horror,2000
60,324,4,Mother's Boys,Drama,1994
60,92,3,ECW: Cyberslam '99,Sci-Fi,2002
60,57,1,Richard III,Drama,1995
60,217,5,Cherry 2000,Drama,1988
60,154,3,Demon Warrior Koji,Action,2000
60,255,4,The Hunchback of Notre Dame II,Drama,2001
60,409,4,Godzilla vs. The Sea Monster,Drama,1966
60,266,5,Saudade Do Futuro,Drama,2000
60,215,3,That '70s Show: Season 1,Drama,1998
60,201,3,Home Movie,Drama,2001
60,296,5,In His Life: The John Lennon Story,Drama,2000
60,155,3,The Strongest Man in the World,Documentary,1975
60,101,4,Complete Shamanic Princess,Drama,1997
60,274,3,Crazy as Hell,Comedy,2002
60,105,2,Obsessed,Drama,2002
60,310,4,Leila,Drama,2000
60,152,4,A Little Princess,Drama,1995
60,34,5,Ashtanga Yoga: Beginner's Practice with Nicki Doane,Drama,2003
60,478,5,The Beverly Hillbillies,Drama,1962
60,504,3,The Twilight Zone: Vol. 27,Drama,1964
60,498,2,Glory: Bonus Material,Drama,1989
60,472,3,Mr. Jealousy,Drama,1998
60,107,2,Magnolia: Bonus Material,Drama,2000
60,10,3,Fighter,Action,2001
60,452,3,Scorched,Drama,2002
60,355,4,Sinful Nuns of St. Valentine,Romance,1973
60,462,1,Classic Cartoon Favorites: Starring Donald,Animation,2005
60,111,3,Duplex (Widescreen),Drama,2003
60,416,3,Elephant,Drama,2003
60,371,5,The Trouble with Angels,Drama,1966
60,231,2,Marooned in Iraq,Drama,2002
60,17,4,7 Seconds,Drama,2005
60,236,3,Cartoon Crazys Sci-Fi,Comedy,1998
60,22,5,Chump Change,Drama,2000
60,89,4,Chain of Command,Drama,2000
60,287,4,Luther Vandross: Always and Forever: An Evening of Songs,Drama,1994
60,20,3,Seeta Aur Geeta,Drama,1972
60,412,1,Jay Jay the Jet Plane: Adventures in Learning,Animation,1999
60,378,4,Party Monster,Drama,2003
60,176,4,The History Channel Presents: Troy: Unearthing the Legend,Drama,2004
60,70,2,Tai Chi: The 24 Forms,Drama,1999
61,275,3,Evelyn,Drama,2002
61,92,4,ECW: Cyberslam '99,Sci-Fi,2002
61,137,2,Naked Lies,Drama,1998
61,78,4,Jingle All the Way,Drama,1996
61,220,3,Winston Churchill: The Wilderness Years,Drama,1983
61,403,4,Substitute 4: Failure is Not an Option,Drama,2000
61,254,3,Westender,Drama,2003
61,256,4,Ghost Dog: The Way of the Samurai,Horror,2000
61,294,3,Oasis,Drama,2002
61,321,2,Ju-Rei: The Uncanny,Drama,2004
61,102,3,Notre Musique,Drama,2004
61,310,5,Leila,Drama,2000
61,157,4,Laird: White Knuckle Extreme,Drama,2004
61,415,3,Reign in Darkness,Horror,2002
61,3,5,Character,Drama,1997
61,298,5,Crunch: Pick Your Spot Pilates,Drama,2002
61,188,2,Dead Birds,Drama,2005
61,174,3,Adam-12: Season 1,Drama,1968
61,15,1,Neil Diamond: Greatest Hits Live,Drama,1988
61,79,5,The Killing,Thriller,1956
61,280,4,Sarah Brightman: In Concert,Drama,1998
61,37,4,Zatoichi's Conspiracy,Drama,1973
61,460,1,Pink Narcissus,Drama,1971
61,53,3,The Bonesetter,Drama,2003
61,467,4,Topper Returns,Drama,1941
61,52,1,The Weather Underground,Drama,2002
61,77,4,Congo,Drama,1995
61,121,3,Beyonce: Live at Wembley,Drama,2003
61,130,1,Drowning on Dry Land,Drama,1999
61,245,3,Road Dogz,Drama,2002
61,111,4,Duplex (Widescreen),Drama,2003
61,257,2,Charlotte's Web,Drama,1973
61,396,3,Arjuna: Complete Collection,Drama,2001
61,185,3,Missing in Action 2: The Beginning / Missing in Action 3: Braddock,Action,1985
61,88,1,Record of Lodoss War: Chronicles of the Heroic Knight,Action,1998
61,207,4,Denise Austin: Ultimate Fat Burner,Drama,2001
61,62,4,Ken Burns' America: Empire of the Air,Drama,1991
61,65,5,Lost in the Pershing Point Hotel,Drama,2000
61,416,4,Elephant,Drama,2003
61,386,4,Princess Caraboo,Drama,1994
61,232,2,Gross Anatomy,Drama,1989
61,414,4,Girl,Drama,1999
61,500,3,Mail Call: The Best of Season 1,Drama,2002
61,309,3,The Day of the Locust,Drama,1975
61,73,2,Davy Crockett: 50th Anniversary Double Feature,Drama,1954
61,356,5,Look at Me,Drama,2005
61,170,2,Tomorrow,Drama,1972
61,382,4,Buried in the Sand: The Deception of America,Drama,2004
61,420,2,Saturday Night Live: The Best of Dana Carvey,Horror,1999
61,336,5,The Driver,Drama,1978
61,55,4,Jade,Drama,1995
61,23,3,Clifford: Clifford Saves the Day! / Clifford's Fluffiest Friend Cleo,Drama,2001
61,476,2,VeggieTales Classics: Where's God When I'm Scared?,Drama,2004
62,308,5,The Legend of the 7 Golden Vampires/7 Brothers of Dracula,Fantasy,1974
62,437,4,Beyblade: Fierce Battle,Action,2005
62,311,2,Ed Wood,Drama,1994
62,293,3,Lennon Legend: The Very Best of John Lennon,Fantasy,2003
62,292,4,Saturday Night Live: The Best of Gilda Radner,Horror,2005
62,423,3,My Favorite Martian #1,Drama,1963
62,434,3,Extreme Engineering: Tokyo's Sky City,Drama,2004
62,14,1,Nature: Antarctica,Documentary,1982
62,493,3,The Giallo Collection: Who Saw Her Die?,Drama,1972
62,351,4,Guns of the Magnificent Seven,Drama,1969
62,185,5,Missing in Action 2: The Beginning / Missing in Action 3: Braddock,Action,1985
62,211,4,The Agronomist,Drama,2004
62,342,5,Noir,Drama,2001
62,115,3,Lord Peter Wimsey: Murder Must Advertise,Thriller,1973
62,209,2,Star Trek: Deep Space Nine: Season 5,Sci-Fi,1996
62,470,3,Beneath Loch Ness,Drama,2001
62,428,4,Barney: Barney's Colorful World: Live,Documentary,2004
62,455,3,Cardcaptor Sakura: The Movie,Drama,1999
62,199,3,The Deer Hunter,Drama,1978
62,382,2,Buried in the Sand: The Deception of America,Drama,2004
62,142,2,The Tricky Master,Drama,2000
62,64,3,Outside the Law,Drama,2001
62,136,3,Cat and the Canary,Drama,1927
62,101,2,Complete Shamanic Princess,Drama,1997
62,57,5,Richard III,Drama,1995
62,276,4,Cold Harvest,Drama,1998
62,251,5,Midsomer Murders: Strangler's Wood,Thriller,2000
62,369,2,Playing Mona Lisa,Drama,2000
62,278,4,100 Days Before the Command,Drama,1990
62,213,3,Dinner Rush,Drama,2001
62,237,4,Broken Blossoms,Drama,1918
62,85,5,Elfen Lied,Drama,2005
62,228,1,Butch and Sundance: The Early Days,Drama,1979
62,392,3,Danielle Steel's Heartbeat,Drama,1993
62,99,3,A Fishy Story,Drama,1989
62,166,3,Fame,Drama,1980
62,472,1,Mr. Jealousy,Drama,1998
62,113,5,Bruce Lee: A Warrior's Journey,Action,2000
62,66,5,Barbarian Queen 2,Drama,1989
62,238,4,Led Zeppelin: The Song Remains the Same,Drama,1976
62,362,2,The Flintstones in Viva Rock Vegas,Drama,2000
62,370,4,Chaplin,Drama,1918
62,3,5,Character,Drama,1997
62,8,4,What the #$*! Do We Know!?,Drama,2004
62,154,3,Demon Warrior Koji,Action,2000
62,83,5,Silkwood,Drama,1983
62,70,3,Tai Chi: The 24 Forms,Drama,1999
62,465,3,Coolie No.1,Drama,1995
62,103,4,Sanford and Son: Season 6,Drama,1976
62,9,4,Class of Nuke 'Em High 2,Drama,1991
62,378,4,Party Monster,Drama,2003
62,396,4,Arjuna: Complete Collection,Drama,2001
62,361,4,The Phantom of the Opera: Special Edition,Drama,2004
62,11,3,Full Frame: Documentary Shorts,Documentary,1999
63,300,3,Option Zero,Drama,1997
63,326,5,The Plainsman,Drama,1937
63,290,4,Harold and Kumar Go to White Castle,Drama,2004
63,317,4,Mandela and de Klerk,Drama,1997
63,217,4,Cherry 2000,Drama,1988
63,480,3,Flypaper,Drama,1997
63,369,3,Playing Mona Lisa,Drama,2000
63,150,3,Firetrap,Drama,2001
63,473,3,Princess Mononoke,Drama,1997
63,111,3,Duplex (Widescreen),Drama,2003
63,145,4,Get Out Your Handkerchiefs,Drama,1978
63,91,4,WWE: Royal Rumble 2005,Drama,2005
63,250,3,Cast a Giant Shadow,Drama,1966
63,22,3,Chump Change,Drama,2000
63,287,4,Luther Vandross: Always and Forever: An Evening of Songs,Drama,1994
63,98,2,The Battle of Algiers: Bonus Material,Action,1965
63,337,3,Star 80,Sci-Fi,1983
63,263,3,Dragon Ball: Tournament Saga,Fantasy,2001
63,362,5,The Flintstones in Viva Rock Vegas,Drama,2000
63,200,2,The Fall of the Roman Empire,Drama,1964
63,162,3,John Cleese on How to Irritate People,Drama,1968
63,25,3,Inspector Morse 31: Death Is Now My Neighbour,Horror,1997
63,273,3,Taxi,Drama,2004
63,215,5,That '70s Show: Season 1,Drama,1998
63,102,3,Notre Musique,Drama,2004
63,28,2,Lilo and Stitch,Drama,2002
63,328,5,Deftones: Live in Hawaii,Drama,2002
63,53,4,The Bonesetter,Drama,2003
63,391,4,The Monkees: Season 2,Drama,1967
63,244,4,Stellvia,Drama,2004
63,87,2,Louder Than Bombs,Drama,2002
63,278,3,100 Days Before the Command,Drama,1990
63,186,4,Panic in the Streets,Drama,1950
63,438,3,Bean: The Movie,Drama,1997
63,225,4,The Cookout,Drama,2004
63,403,4,Substitute 4: Failure is Not an Option,Drama,2000
63,89,2,Chain of Command,Drama,2000
63,322,2,Flesh Gordon,Drama,1974
63,283,1,If These Walls Could Talk,Drama,1996
63,42,4,Searching for Paradise,Drama,2002
63,234,5,Animation Legend: Winsor McCay,Animation,1921
63,39,3,Love Reinvented,Drama,2000
63,377,3,Dick Francis: The Racing Game,Drama,1979
63,312,5,High Fidelity,Drama,2000
63,113,4,Bruce Lee: A Warrior's Journey,Action,2000
63,432,2,Les Miserables in Concert,Drama,1996
63,297,5,The Hebrew Hammer,Drama,2003
63,19,4,By Dawn's Early Light,Drama,2000
63,66,3,Barbarian Queen 2,Drama,1989
63,304,3,King of the Hill: Season 1,Drama,1997
63,333,4,Mail Call: The Best of Season 2,Drama,2003
63,191,3,X2: X-Men United,Drama,2003
63,260,5,Marat / Sade,Drama,1967
63,129,5,Darkwolf,Horror,2003
63,14,4,Nature: Antarctica,Documentary,1982
63,381,4,Out for Justice,Drama,1991
63,207,2,Denise Austin: Ultimate Fat Burner,Drama,2001
63,159,3,Gentlemen of Fortune,Drama,1971
63,383,2,Hit Team,Drama,2001
63,345,3,Star Trek: Voyager: Season 5,Sci-Fi,1998
63,415,4,Reign in Darkness,Horror,2002
63,280,2,Sarah Brightman: In Concert,Drama,1998
63,471,4,City Lights,Drama,1931
63,50,2,A Yank in the R.A.F.,Drama,1941
63,143,4,The Game,Drama,1997
63,435,4,Love Can Seriously Damage Your Health,Drama,1996
63,41,5,Horror Vision,Horror,2000
63,363,5,Stark Raving Mad,Sci-Fi,2002
63,496,5,Primus: Hallucino-Genetics Live 2004,Drama,2004
63,251,4,Midsomer Murders: Strangler's Wood,Thriller,2000
63,124,4,Cold Blooded,Drama,2000
63,163,3,MTV: Making the Band 2: Best of Season 1,Drama,2002
64,239,3,Winnie the Pooh: Springtime with Roo,Drama,2004
64,472,4,Mr. Jealousy,Drama,1998
64,174,3,Adam-12: Season 1,Drama,1968
64,146,5,Cannibal Women in the Avocado Jungle of Death,Horror,1988
64,485,5,The Avengers '67,Drama,1967
64,176,5,The History Channel Presents: Troy: Unearthing the Legend,Drama,2004
64,45,5,The Love Letter,Drama,1999
64,210,3,Onmyoji,Drama,2001
64,101,3,Complete Shamanic Princess,Drama,1997
64,27,3,Sesame Street: Elmo's World: The Street We Live On,Documentary,1962
64,381,4,Out for Justice,Drama,1991
64,341,5,Tremors 4: The Legend Begins,Fantasy,2004
64,279,5,Micki and Maude,Drama,1984
64,426,4,Recess: School's Out,Drama,2001
64,126,2,Vampire Effect (aka Twins Effect),Drama,2003
64,144,1,Deepak Chopra: The Way of the Wizard & Alchemy,Fantasy,2000
64,11,4,Full Frame: Documentary Shorts,Documentary,1999
64,191,5,X2: X-Men United,Drama,2003
64,15,3,Neil Diamond: Greatest Hits Live,Drama,1988
64,218,5,Triumph: Live at the US Festival,Drama,1983
64,256,2,Ghost Dog: The Way of the Samurai,Horror,2000
64,286,2,Thunderbirds Are Go,Drama,1966
64,81,3,Antarctica: IMAX,Drama,1991
64,296,3,In His Life: The John Lennon Story,Drama,2000
64,442,4,Mississippi Burning,Drama,1988
64,506,3,Blank Generation / Dancin' Barefoot,Drama,1976
64,447,2,The Making of Fanny and Alexander,Drama,1986
64,488,5,His Secret Life,Drama,2001
64,444,1,The Inner Tour,Drama,2001
64,259,2,Animal,Drama,2004
64,404,2,The Shaft,Drama,2001
64,459,4,Basquiat,Drama,1996
64,417,4,Transformers: Season 3: Part 1,Drama,1986
64,486,5,Journey to the Center of the Earth,Drama,1959
64,172,5,Jack,Drama,2003
64,225,5,The Cookout,Drama,2004
64,194,4,Arliss: The Best of Arliss,Drama,1996
64,306,2,Sesame Street: Sing Yourself Silly!,Comedy,2005
64,180,4,Scratch,Drama,2002
64,361,4,The Phantom of the Opera: Special Edition,Drama,2004
64,420,4,Saturday Night Live: The Best of Dana Carvey,Horror,1999
64,201,3,Home Movie,Drama,2001
64,217,4,Cherry 2000,Drama,1988
64,428,2,Barney: Barney's Colorful World: Live,Documentary,2004
65,255,2,The Hunchback of Notre Dame II,Drama,2001
65,290,4,Harold and Kumar Go to White Castle,Drama,2004
65,391,5,The Monkees: Season 2,Drama,1967
65,273,5,Taxi,Drama,2004
65,151,1,Sleepover Nightmare,Horror,2005
65,285,5,The Devil's Own,Horror,1997
65,268,2,The Final Countdown,Drama,1980
65,69,4,WWE: Armageddon 2003,Drama,2003
65,224,4,Midsomer Murders: Blood Will Out,Thriller,1999
65,506,4,Blank Generation / Dancin' Barefoot,Drama,1976
65,112,3,The Eye of Vichy,Drama,1993
65,409,3,Godzilla vs. The Sea Monster,Drama,1966
65,98,4,The Battle of Algiers: Bonus Material,Action,1965
65,248,3,Michael Moore's The Awful Truth: Season 2,Drama,2001
65,491,1,Torn Curtain,Drama,1966
65,257,3,Charlotte's Web,Drama,1973
65,449,3,Jimmy Buffett: MiniMatinee #1,Drama,2003
65,66,2,Barbarian Queen 2,Drama,1989
65,121,2,Beyonce: Live at Wembley,Drama,2003
65,448,1,Oswald: Welcome to the Big City!,Drama,2001
65,434,3,Extreme Engineering: Tokyo's Sky City,Drama,2004
65,77,4,Congo,Drama,1995
65,153,4,MTV Yoga,Drama,2002
65,192,3,The SoulTaker,Drama,2003
65,462,5,Classic Cartoon Favorites: Starring Donald,Animation,2005
65,87,4,Louder Than Bombs,Drama,2002
65,195,2,Chasing Freedom,Drama,2004
65,209,3,Star Trek: Deep Space Nine: Season 5,Sci-Fi,1996
65,80,5,Winter Kills,Thriller,1979
65,359,4,Absolutely Fabulous: Series 5,Drama,2003
65,134,3,Spirit Lost,Drama,1996
65,241,5,North by Northwest,Drama,1959
65,1,2,Dinosaur Planet,Sci-Fi,2003
65,407,3,The Abductors,Drama,1972
65,502,1,Mitch Hedberg: Mitch All Together,Drama,2003
65,59,4,Sex and the Beauties,Drama,2003
65,250,2,Cast a Giant Shadow,Drama,1966
65,205,3,Troy: Bonus Material,Drama,2004
65,485,2,The Avengers '67,Drama,1967
65,131,4,Arachnid,Drama,2002
65,282,3,Blue Seed: Beyond,Drama,2003
65,393,2,The Replacement Killers,Thriller,1998
65,168,3,Smokey and the Bandit Part 3,Drama,1983
65,496,4,Primus: Hallucino-Genetics Live 2004,Drama,2004
65,165,4,Richard Pryor: Live on the Sunset Strip,Drama,1982
65,447,5,The Making of Fanny and Alexander,Drama,1986
65,144,5,Deepak Chopra: The Way of the Wizard & Alchemy,Fantasy,2000
65,356,3,Look at Me,Drama,2005
65,47,3,The Bad and the Beautiful,Drama,1952
65,5,2,The Rise and Fall of ECW,Drama,2004
65,176,2,The History Channel Presents: Troy: Unearthing the Legend,Drama,2004
65,50,5,A Yank in the R.A.F.,Drama,1941
65,438,2,Bean: The Movie,Drama,1997
65,317,3,Mandela and de Klerk,Drama,1997
65,389,3,Steal,Drama,2002
65,118,3,Rambo: First Blood Part II,Drama,1985
65,130,2,Drowning on Dry Land,Drama,1999
65,280,1,Sarah Brightman: In Concert,Drama,1998
65,416,2,Elephant,Drama,2003
65,136,3,Cat and the Canary,Drama,1927
65,208,4,The Three Stooges: Sing a Song of Six Pants,Drama,1947
65,335,5,Fear No Evil,Horror,1981
65,331,4,Chasing Amy,Drama,1997
65,453,4,Simple Men,Drama,1992
65,139,5,Allergies: A Natural Approach,Drama,2001
65,160,4,Gormenghast,Drama,2000
65,115,5,Lord Peter Wimsey: Murder Must Advertise,Thriller,1973
65,459,3,Basquiat,Drama,1996
66,232,4,Gross Anatomy,Drama,1989
66,317,2,Mandela and de Klerk,Drama,1997
66,129,4,Darkwolf,Horror,2003
66,417,5,Transformers: Season 3: Part 1,Drama,1986
66,177,4,Pressure,Drama,2002
66,224,2,Midsomer Murders: Blood Will Out,Thriller,1999
66,400,3,Rio Lobo,Drama,1970
66,310,3,Leila,Drama,2000
66,145,3,Get Out Your Handkerchiefs,Drama,1978
66,108,3,Spartan,Drama,2004
66,332,4,They Crawl,Drama,2002
66,85,4,Elfen Lied,Drama,2005
66,344,5,The Taming of the Shrew,Drama,1967
66,281,4,The Legend,Fantasy,1993
66,136,1,Cat and the Canary,Drama,1927
66,467,2,Topper Returns,Drama,1941
66,359,3,Absolutely Fabulous: Series 5,Drama,2003
66,2,4,Isle of Man TT 2004 Review,Drama,2004
66,473,5,Princess Mononoke,Drama,1997
66,502,4,Mitch Hedberg: Mitch All Together,Drama,2003
66,16,4,Screamers,Drama,1996
66,403,4,Substitute 4: Failure is Not an Option,Drama,2000
66,74,3,6ixtynin9,Drama,1999
66,176,4,The History Channel Presents: Troy: Unearthing the Legend,Drama,2004
66,282,5,Blue Seed: Beyond,Drama,2003
66,373,3,Third World Cop,Documentary,2000
66,66,3,Barbarian Queen 2,Drama,1989
66,407,3,The Abductors,Drama,1972
66,194,5,Arliss: The Best of Arliss,Drama,1996
66,208,2,The Three Stooges: Sing a Song of Six Pants,Drama,1947
66,506,5,Blank Generation / Dancin' Barefoot,Drama,1976
66,355,2,Sinful Nuns of St. Valentine,Romance,1973
66,253,3,A Night at the Opera,Horror,1935
66,26,4,Never Die Alone,Drama,2004
66,393,5,The Replacement Killers,Thriller,1998
66,483,2,Rush Hour 2,Drama,2001
66,152,2,A Little Princess,Drama,1995
66,462,4,Classic Cartoon Favorites: Starring Donald,Animation,2005
66,201,5,Home Movie,Drama,2001
66,191,5,X2: X-Men United,Drama,2003
66,101,3,Complete Shamanic Princess,Drama,1997
66,198,1,Gupt,Drama,1997
66,477,4,George Carlin: Personal Favorites,Drama,1990
66,272,4,Female Yakuza Tale,Drama,1973
67,375,3,Nine Dead Gay Guys,Drama,2003
67,435,5,Love Can Seriously Damage Your Health,Drama,1996
67,293,3,Lennon Legend: The Very Best of John Lennon,Fantasy,2003
67,272,4,Female Yakuza Tale,Drama,1973
67,342,3,Noir,Drama,2001
67,15,1,Neil Diamond: Greatest Hits Live,Drama,1988
67,91,2,WWE: Royal Rumble 2005,Drama,2005
67,250,3,Cast a Giant Shadow,Drama,1966
67,133,5,Viva La Bam: Season 1,Drama,2003
67,205,4,Troy: Bonus Material,Drama,2004
67,461,4,Nightwalker #1: Midnight Detective,Horror,2000
67,392,1,Danielle Steel's Heartbeat,Drama,1993
67,423,5,My Favorite Martian #1,Drama,1963
67,363,4,Stark Raving Mad,Sci-Fi,2002
67,483,3,Rush Hour 2,Drama,2001
67,445,5,Michael Collins,Drama,1996
67,1,5,Dinosaur Planet,Sci-Fi,2003
67,265,5,The Jeff Corwin Experience: Costa Rica and the Amazon,Drama,2002
67,357,3,House of Sand and Fog,Drama,2003
67,82,2,The Frogmen,Drama,1951
67,301,5,Hard Ground,Drama,2003
67,114,2,Dominion Tank Police Part 1 & 2,Drama,1989
67,352,5,Pick a Card,Drama,1997
67,145,4,Get Out Your Handkerchiefs,Drama,1978
67,13,2,Lord of the Rings: The Return of the King: Extended Edition: Bonus Material,Drama,2003
67,221,2,Voyage to the Planets and Beyond,Sci-Fi,2005
67,416,2,Elephant,Drama,2003
67,253,4,A Night at the Opera,Horror,1935
67,12,3,My Favorite Brunette,Drama,1947
67,247,2,Oleanna,Drama,1994
67,109,3,No Way Back,Drama,1996
67,365,2,R.E.M.: Tourfilm,Drama,1989
67,425,4,The 10th Kingdom,Fantasy,2000
67,431,3,Millennium Actress,Drama,2002
67,481,3,Building the Great Pyramid,Drama,2002
67,63,2,Crash Dive,Drama,1943
67,48,3,Justice League,Drama,2001
67,117,3,Silk Stockings,Drama,1957
67,495,4,Mission Kashmir,Action,2000
67,500,4,Mail Call: The Best of Season 1,Drama,2002
67,188,4,Dead Birds,Drama,2005
67,308,3,The Legend of the 7 Golden Vampires/7 Brothers of Dracula,Fantasy,1974
67,226,1,Henry: Portrait of a Serial Killer 2,Thriller,1996
67,58,5,Dragonheart,Drama,1996
67,421,2,Agatha Christie's Poirot: Sad Cypress,Drama,2003
67,439,2,Town Without Pity,Drama,1961
67,216,3,Impostor,Drama,2000
68,438,5,Bean: The Movie,Drama,1997
68,375,3,Nine Dead Gay Guys,Drama,2003
68,448,3,Oswald: Welcome to the Big City!,Drama,2001
68,248,5,Michael Moore's The Awful Truth: Season 2,Drama,2001
68,43,3,Silent Service,Drama,2000
68,277,3,Enigma: MCMXC A.D,Drama,2003
68,70,3,Tai Chi: The 24 Forms,Drama,1999
68,97,3,Mostly Martha,Drama,2002
68,37,1,Zatoichi's Conspiracy,Drama,1973
68,96,5,Inside the Space Station,Sci-Fi,2000
68,440,4,Just 4 Kicks,Drama,2003
68,32,2,ABC Primetime: Mel Gibson's The Passion of the Christ,Romance,2004
68,100,5,Sam the Iron Bridge,Drama,1993
68,178,4,Regular Guys,Drama,1996
68,274,3,Crazy as Hell,Comedy,2002
68,488,4,His Secret Life,Drama,2001
68,101,3,Complete Shamanic Princess,Drama,1997
68,280,2,Sarah Brightman: In Concert,Drama,1998
68,384,3,Crossroads,Drama,1986
68,234,3,Animation Legend: Winsor McCay,Animation,1921
68,425,2,The 10th Kingdom,Fantasy,2000
68,34,4,Ashtanga Yoga: Beginner's Practice with Nicki Doane,Drama,2003
68,252,5,Stuart Little 2,Drama,2002
68,458,3,Blast,Drama,2001
68,221,1,Voyage to the Planets and Beyond,Sci-Fi,2005
68,148,3,Sweet November,Drama,2001
68,317,2,Mandela and de Klerk,Drama,1997
68,387,3,Bizet's Carmen,Drama,1984
68,171,3,Funny Face,Comedy,1957
68,140,2,Lost in the Wild,Drama,1993
68,431,2,Millennium Actress,Drama,2002
68,111,4,Duplex (Widescreen),Drama,2003
68,276,3,Cold Harvest,Drama,1998
68,112,5,The Eye of Vichy,Drama,1993
68,463,4,The Twilight Zone: Vol. 12,Drama,1962
68,217,3,Cherry 2000,Drama,1988
68,194,3,Arliss: The Best of Arliss,Drama,1996
68,293,3,Lennon Legend: The Very Best of John Lennon,Fantasy,2003
68,447,4,The Making of Fanny and Alexander,Drama,1986
68,139,4,Allergies: A Natural Approach,Drama,2001
68,69,5,WWE: Armageddon 2003,Drama,2003
68,336,3,The Driver,Drama,1978
68,411,4,Vendetta,Drama,1999
68,278,4,100 Days Before the Command,Drama,1990
68,429,4,Zeus and Roxanne,Drama,1997
68,473,3,Princess Mononoke,Drama,1997
68,501,4,Three Days of the Condor,Drama,1975
68,405,3,Wings of Desire,Drama,1987
68,292,2,Saturday Night Live: The Best of Gilda Radner,Horror,2005
68,8,5,What the #$*! Do We Know!?,Drama,2004
68,434,4,Extreme Engineering: Tokyo's Sky City,Drama,2004
68,230,4,Unsolved Mysteries: Psychics,Drama,1987
68,46,3,Rudolph the Red-Nosed Reindeer,Drama,1964
68,161,4,Ninotchka,Drama,1939
68,93,3,They Came Back,Drama,2004
68,202,2,Ruby's Bucket of Blood,Drama,2001
68,116,3,Bear Cub,Drama,2004
68,33,4,Aqua Teen Hunger Force: Vol. 1,Action,2000
68,102,3,Notre Musique,Drama,2004
68,242,1,Neon Genesis Evangelion: The End of Evangelion,Drama,1995
68,308,3,The Legend of the 7 Golden Vampires/7 Brothers of Dracula,Fantasy,1974
68,386,1,Princess Caraboo,Drama,1994
68,193,3,Marilyn Manson: Fear of a Satanic Planet,Horror,2005
68,273,5,Taxi,Drama,2004
68,238,2,Led Zeppelin: The Song Remains the Same,Drama,1976
68,469,4,First Night of My Life: 2000 Seen By...,Drama,1998
68,420,5,Saturday Night Live: The Best of Dana Carvey,Horror,1999
68,349,5,The Swarm,Action,1978
68,312,3,High Fidelity,Drama,2000
68,482,2,Frida,Drama,2002
69,173,5,The Devil's Brigade,Horror,1968
69,349,5,The Swarm,Action,1978
69,216,2,Impostor,Drama,2000
69,307,3,Godsmack: Smack This!,Drama,2002
69,85,4,Elfen Lied,Drama,2005
69,147,2,Where Sleeping Dogs Lie,Drama,1992
69,49,5,Devo: The Complete Truth About De-evolution,Drama,2003
69,484,4,Danielle Steel's Jewels,Drama,1992
69,408,5,Nightbreed,Horror,1990
69,303,4,Les Liaisons Dangereuses,Drama,1959
69,35,4,Ferngully 2: The Magical Rescue,Animation,2000
69,299,3,Bridget Jones's Diary,Drama,2001
69,489,3,Return to Paradise,Drama,1998
69,40,3,Pitcher and the Pin-Up,Drama,2004
69,398,5,In the Realm of the Senses,Documentary,1976
69,423,4,My Favorite Martian #1,Drama,1963
69,492,5,Mrs. Soffel,Drama,1984
69,438,3,Bean: The Movie,Drama,1997
69,304,5,King of the Hill: Season 1,Drama,1997
69,91,3,WWE: Royal Rumble 2005,Drama,2005
69,138,4,Star Trek: Voyager: Season 1,Sci-Fi,1995
69,124,5,Cold Blooded,Drama,2000
69,223,5,Chappelle's Show: Season 1,Drama,2003
69,249,5,The Hunters,Drama,1958
69,382,4,Buried in the Sand: The Deception of America,Drama,2004
69,102,4,Notre Musique,Drama,2004
69,291,5,Chained Heat 3: Hell Mountain,Drama,2000
69,443,4,Rabbit-Proof Fence,Drama,2002
69,11,3,Full Frame: Documentary Shorts,Documentary,1999
69,16,4,Screamers,Drama,1996
69,457,5,Kill Bill: Vol. 2,Thriller,2004
69,426,5,Recess: School's Out,Drama,2001
69,207,4,Denise Austin: Ultimate Fat Burner,Drama,2001
69,380,2,Live Wire,Drama,1992
69,272,1,Female Yakuza Tale,Drama,1973
69,351,4,Guns of the Magnificent Seven,Drama,1969
69,56,2,Carandiru,Drama,2004
69,224,4,Midsomer Murders: Blood Will Out,Thriller,1999
69,431,5,Millennium Actress,Drama,2002
69,437,3,Beyblade: Fierce Battle,Action,2005
69,267,2,Touched by an Angel: Season 1,Drama,1994
69,171,2,Funny Face,Comedy,1957
69,134,2,Spirit Lost,Drama,1996
69,166,3,Fame,Drama,1980
70,262,4,Herbie Rides Again,Drama,1974
70,180,4,Scratch,Drama,2002
70,340,5,Midnight: 2000 Seen By...,Horror,1998
70,360,4,Lies,Drama,1999
70,37,4,Zatoichi's Conspiracy,Drama,1973
70,425,2,The 10th Kingdom,Fantasy,2000
70,135,4,GTO: Great Teacher Onizuka: Set 2,Drama,1998
70,170,4,Tomorrow,Drama,1972
70,412,1,Jay Jay the Jet Plane: Adventures in Learning,Animation,1999
70,404,2,The Shaft,Drama,2001
70,53,1,The Bonesetter,Drama,2003
70,62,3,Ken Burns' America: Empire of the Air,Drama,1991
70,84,4,The Powerpuff Girls Movie,Drama,2002
70,166,3,Fame,Drama,1980
70,151,4,Sleepover Nightmare,Horror,2005
70,351,1,Guns of the Magnificent Seven,Drama,1969
70,423,5,My Favorite Martian #1,Drama,1963
70,280,4,Sarah Brightman: In Concert,Drama,1998
70,381,2,Out for Justice,Drama,1991
70,305,3,Jack,Drama,1996
70,147,5,Where Sleeping Dogs Lie,Drama,1992
70,47,5,The Bad and the Beautiful,Drama,1952
70,194,5,Arliss: The Best of Arliss,Drama,1996
70,341,3,Tremors 4: The Legend Begins,Fantasy,2004
70,103,5,Sanford and Son: Season 6,Drama,1976
70,248,5,Michael Moore's The Awful Truth: Season 2,Drama,2001
70,270,2,Sex and the City: Season 4,Drama,2001
70,424,5,Happiness,Drama,1998
70,64,5,Outside the Law,Drama,2001
70,407,3,The Abductors,Drama,1972
70,73,4,Davy Crockett: 50th Anniversary Double Feature,Drama,1954
70,467,5,Topper Returns,Drama,1941
70,388,3,Body Chemistry,Drama,1990
70,441,5,Dark Shadows: Vol. 9,Horror,1968
70,198,3,Gupt,Drama,1997
70,338,2,The Three Stooges: Three Smart Saps,Drama,1942
70,42,2,Searching for Paradise,Drama,2002
70,175,3,Reservoir Dogs,Drama,1992
70,298,4,Crunch: Pick Your Spot Pilates,Drama,2002
70,217,1,Cherry 2000,Drama,1988
70,39,5,Love Reinvented,Drama,2000
70,320,5,Eat Your Heart Out,Drama,1997
70,258,4,Mann,Drama,1999
70,476,4,VeggieTales Classics: Where's God When I'm Scared?,Drama,2004
70,469,3,First Night of My Life: 2000 Seen By...,Drama,1998
70,108,2,Spartan,Drama,2004
70,22,4,Chump Change,Drama,2000
70,336,5,The Driver,Drama,1978
70,434,3,Extreme Engineering: Tokyo's Sky City,Drama,2004
70,260,2,Marat / Sade,Drama,1967
70,102,3,Notre Musique,Drama,2004
70,173,4,The Devil's Brigade,Horror,1968
70,247,4,Oleanna,Drama,1994
70,177,5,Pressure,Drama,2002
70,433,4,Untamed Heart,Drama,1993
70,471,3,City Lights,Drama,1931
71,426,2,Recess: School's Out,Drama,2001
71,291,3,Chained Heat 3: Hell Mountain,Drama,2000
71,491,1,Torn Curtain,Drama,1966
71,50,2,A Yank in the R.A.F.,Drama,1941
71,445,5,Michael Collins,Drama,1996
71,421,4,Agatha Christie's Poirot: Sad Cypress,Drama,2003
71,414,2,Girl,Drama,1999
71,316,4,Futurama: Monster Robot Maniac Fun Collection,Comedy,1999
71,202,4,Ruby's Bucket of Blood,Drama,2001
71,75,5,Grind,Drama,1997
71,353,5,Life or Something Like It,Drama,2002
71,397,4,A Night in Casablanca,Horror,1946
71,407,2,The Abductors,Drama,1972
71,217,5,Cherry 2000,Drama,1988
71,451,5,Batman the Animated Series: Vol. 3,Animation,1993
71,182,5,Moby: Play,Drama,2001
71,23,3,Clifford: Clifford Saves the Day! / Clifford's Fluffiest Friend Cleo,Drama,2001
71,323,2,Modern Vampires,Drama,1999
71,280,3,Sarah Brightman: In Concert,Drama,1998
71,289,3,The Avengers,Drama,1998
71,357,3,House of Sand and Fog,Drama,2003
71,416,5,Elephant,Drama,2003
71,70,3,Tai Chi: The 24 Forms,Drama,1999
71,232,3,Gross Anatomy,Drama,1989
71,302,4,The Isle,Drama,2001
71,173,3,The Devil's Brigade,Horror,1968
71,368,2,The Best of Designing Women,Drama,1986
71,501,4,Three Days of the Condor,Drama,1975
71,374,3,The Little Girl Who Lives Down the Lane,Drama,1976
71,385,4,The Santa Clause 2,Drama,2002
71,67,5,Vampire Journals,Drama,1997
71,331,4,Chasing Amy,Drama,1997
71,235,4,Unhook the Stars,Sci-Fi,1996
71,3,4,Character,Drama,1997
71,127,4,Fatal Beauty,Drama,1987
71,411,1,Vendetta,Drama,1999
71,342,3,Noir,Drama,2001
71,199,3,The Deer Hunter,Drama,1978
71,33,3,Aqua Teen Hunger Force: Vol. 1,Action,2000
71,500,3,Mail Call: The Best of Season 1,Drama,2002
71,161,3,Ninotchka,Drama,1939
71,493,3,The Giallo Collection: Who Saw Her Die?,Drama,1972
71,52,3,The Weather Underground,Drama,2002
71,265,4,The Jeff Corwin Experience: Costa Rica and the Amazon,Drama,2002
71,240,4,Woman of the Year,Drama,1942
71,294,3,Oasis,Drama,2002
71,310,3,Leila,Drama,2000
71,196,5,Peter Tosh: Stepping Razor: Red X,Drama,1992
71,313,2,Pay It Forward,Action,2000
71,98,3,The Battle of Algiers: Bonus Material,Action,1965
71,219,3,Neon Bible,Drama,1995
71,502,3,Mitch Hedberg: Mitch All Together,Drama,2003
71,77,5,Congo,Drama,1995
71,283,4,If These Walls Could Talk,Drama,1996
71,259,2,Animal,Drama,2004
71,104,5,The Great Race,Drama,1965
71,55,3,Jade,Drama,1995
71,341,2,Tremors 4: The Legend Begins,Fantasy,2004
71,436,5,Girls Just Want to Have Fun,Comedy,1985
71,383,2,Hit Team,Drama,2001
71,134,3,Spirit Lost,Drama,1996
71,106,3,Stevie Ray Vaughan and Double Trouble: Live at Montreux 1982 & 1985,Drama,2004
71,1,4,Dinosaur Planet,Sci-Fi,2003
71,109,1,No Way Back,Drama,1996
71,162,3,John Cleese on How to Irritate People,Drama,1968
71,423,3,My Favorite Martian #1,Drama,1963
71,169,5,Cartoon Network Halloween: 9 Creepy Cartoon Capers,Animation,2004
71,238,3,Led Zeppelin: The Song Remains the Same,Drama,1976
71,403,3,Substitute 4: Failure is Not an Option,Drama,2000
71,477,4,George Carlin: Personal Favorites,Drama,1990
71,279,4,Micki and Maude,Drama,1984
72,281,3,The Legend,Fantasy,1993
72,308,5,The Legend of the 7 Golden Vampires/7 Brothers of Dracula,Fantasy,1974
72,28,4,Lilo and Stitch,Drama,2002
72,126,5,Vampire Effect (aka Twins Effect),Drama,2003
72,414,3,Girl,Drama,1999
72,374,5,The Little Girl Who Lives Down the Lane,Drama,1976
72,339,3,Rolling Stones: Rock and Roll Circus,Drama,1968
72,38,3,Daydream Obsession,Drama,2003
72,196,5,Peter Tosh: Stepping Razor: Red X,Drama,1992
72,177,3,Pressure,Drama,2002
72,111,3,Duplex (Widescreen),Drama,2003
72,490,4,The Passion of Ayn Rand,Romance,1999
72,355,2,Sinful Nuns of St. Valentine,Romance,1973
72,280,2,Sarah Brightman: In Concert,Drama,1998
72,29,3,Boycott,Drama,2001
72,289,2,The Avengers,Drama,1998
72,77,3,Congo,Drama,1995
72,435,2,Love Can Seriously Damage Your Health,Drama,1996
72,474,5,Legend of 1900,Fantasy,1998
72,437,5,Beyblade: Fierce Battle,Action,2005
72,473,2,Princess Mononoke,Drama,1997
72,301,5,Hard Ground,Drama,2003
72,461,4,Nightwalker #1: Midnight Detective,Horror,2000
72,458,4,Blast,Drama,2001
72,353,2,Life or Something Like It,Drama,2002
72,409,2,Godzilla vs. The Sea Monster,Drama,1966
72,272,3,Female Yakuza Tale,Drama,1973
72,240,3,Woman of the Year,Drama,1942
72,498,3,Glory: Bonus Material,Drama,1989
72,425,4,The 10th Kingdom,Fantasy,2000
72,443,3,Rabbit-Proof Fence,Drama,2002
72,318,3,Beyond Suspicion,Drama,1994
72,104,3,The Great Race,Drama,1965
72,381,5,Out for Justice,Drama,1991
72,39,1,Love Reinvented,Drama,2000
72,182,4,Moby: Play,Drama,2001
72,2,4,Isle of Man TT 2004 Review,Drama,2004
72,132,4,Lucio Fulci: The Beyond,Drama,1981
72,422,4,The Unsinkable Molly Brown,Drama,1964
72,88,5,Record of Lodoss War: Chronicles of the Heroic Knight,Action,1998
72,433,4,Untamed Heart,Drama,1993
72,288,2,Saturday Night Live: The Best of Chris Kattan,Horror,2004
72,312,4,High Fidelity,Drama,2000
72,93,3,They Came Back,Drama,2004
72,84,3,The Powerpuff Girls Movie,Drama,2002
72,243,4,Pressure Point,Drama,1962
72,186,3,Panic in the Streets,Drama,1950
72,494,3,Monty Python's The Meaning of Life: Special Edition,Drama,1983
72,114,3,Dominion Tank Police Part 1 & 2,Drama,1989
72,109,2,No Way Back,Drama,1996
72,258,4,Mann,Drama,1999
72,115,3,Lord Peter Wimsey: Murder Must Advertise,Thriller,1973
72,50,4,A Yank in the R.A.F.,Drama,1941
72,356,2,Look at Me,Drama,2005
72,317,2,Mandela and de Klerk,Drama,1997
72,306,3,Sesame Street: Sing Yourself Silly!,Comedy,2005
72,144,3,Deepak Chopra: The Way of the Wizard & Alchemy,Fantasy,2000
73,355,5,Sinful Nuns of St. Valentine,Romance,1973
73,358,5,The Onion Field,Drama,1979
73,180,4,Scratch,Drama,2002
73,379,2,Crash Dive,Drama,1996
73,278,4,100 Days Before the Command,Drama,1990
73,351,2,Guns of the Magnificent Seven,Drama,1969
73,111,5,Duplex (Widescreen),Drama,2003
73,484,4,Danielle Steel's Jewels,Drama,1992
73,22,4,Chump Change,Drama,2000
73,11,3,Full Frame: Documentary Shorts,Documentary,1999
73,391,5,The Monkees: Season 2,Drama,1967
73,82,3,The Frogmen,Drama,1951
73,347,2,Iceman Cometh,Drama,1989
73,287,4,Luther Vandross: Always and Forever: An Evening of Songs,Drama,1994
73,190,5,Blood and Sand,Drama,1989
73,404,5,The Shaft,Drama,2001
73,78,5,Jingle All the Way,Drama,1996
73,243,5,Pressure Point,Drama,1962
73,81,3,Antarctica: IMAX,Drama,1991
73,175,3,Reservoir Dogs,Drama,1992
73,237,2,Broken Blossoms,Drama,1918
73,31,3,Classic Albums: Meat Loaf: Bat Out of Hell,Drama,1999
73,3,1,Character,Drama,1997
73,501,5,Three Days of the Condor,Drama,1975
73,77,2,Congo,Drama,1995
73,471,2,City Lights,Drama,1931
73,374,3,The Little Girl Who Lives Down the Lane,Drama,1976
73,433,2,Untamed Heart,Drama,1993
73,489,4,Return to Paradise,Drama,1998
73,282,2,Blue Seed: Beyond,Drama,2003
73,247,4,Oleanna,Drama,1994
73,342,5,Noir,Drama,2001
73,428,3,Barney: Barney's Colorful World: Live,Documentary,2004
73,415,3,Reign in Darkness,Horror,2002
73,194,3,Arliss: The Best of Arliss,Drama,1996
73,356,2,Look at Me,Drama,2005
73,339,3,Rolling Stones: Rock and Roll Circus,Drama,1968
73,283,4,If These Walls Could Talk,Drama,1996
73,36,2,Lady Chatterley,Drama,1992
73,435,3,Love Can Seriously Damage Your Health,Drama,1996
73,132,4,Lucio Fulci: The Beyond,Drama,1981
73,446,4,The Underneath,Drama,1995
73,228,1,Butch and Sundance: The Early Days,Drama,1979
73,173,4,The Devil's Brigade,Horror,1968
73,436,5,Girls Just Want to Have Fun,Comedy,1985
73,163,3,MTV: Making the Band 2: Best of Season 1,Drama,2002
73,42,1,Searching for Paradise,Drama,2002
73,409,3,Godzilla vs. The Sea Monster,Drama,1966
73,186,3,Panic in the Streets,Drama,1950
73,227,5,The Carol Burnett Show: Show Stoppers,Drama,2001
73,419,2,George Lopez: Why You Crying?,Drama,2005
73,452,3,Scorched,Drama,2002
73,61,5,Ricky Martin: One Night Only,Horror,1999
73,146,4,Cannibal Women in the Avocado Jungle of Death,Horror,1988
73,98,4,The Battle of Algiers: Bonus Material,Action,1965
73,495,3,Mission Kashmir,Action,2000
73,462,5,Classic Cartoon Favorites: Starring Donald,Animation,2005
73,84,4,The Powerpuff Girls Movie,Drama,2002
73,407,5,The Abductors,Drama,1972
73,152,5,A Little Princess,Drama,1995
73,296,4,In His Life: The John Lennon Story,Drama,2000
73,464,3,The Return of Ruben Blades,Drama,1987
73,456,4,Emma (Miniseries),Drama,1996
73,123,3,Chain of Fools,Drama,2000
73,252,4,Stuart Little 2,Drama,2002
73,223,2,Chappelle's Show: Season 1,Drama,2003
73,465,3,Coolie No.1,Drama,1995
73,164,4,One Last Dance,Drama,2003
73,261,4,The Big Clock,Drama,1948
73,92,3,ECW: Cyberslam '99,Sci-Fi,2002
73,147,4,Where Sleeping Dogs Lie,Drama,1992
73,376,5,Genesis: The Way We Walk: Live in Concert,Drama,2001
73,399,3,Fangs,Drama,2001
73,364,2,Billy Blanks: Tae Bo: Contact 2,Drama,2004
73,420,4,Saturday Night Live: The Best of Dana Carvey,Horror,1999
73,25,4,Inspector Morse 31: Death Is Now My Neighbour,Horror,1997
73,244,4,Stellvia,Drama,2004
73,445,2,Michael Collins,Drama,1996
73,369,2,Playing Mona Lisa,Drama,2000
73,224,4,Midsomer Murders: Blood Will Out,Thriller,1999
74,49,4,Devo: The Complete Truth About De-evolution,Drama,2003
74,141,3,Goddess of Mercy,Drama,2004
74,190,5,Blood and Sand,Drama,1989
74,386,3,Princess Caraboo,Drama,1994
74,127,1,Fatal Beauty,Drama,1987
74,102,5,Notre Musique,Drama,2004
74,233,4,Chato's Land,Drama,1971
74,377,3,Dick Francis: The Racing Game,Drama,1979
74,351,4,Guns of the Magnificent Seven,Drama,1969
74,274,4,Crazy as Hell,Comedy,2002
74,107,5,Magnolia: Bonus Material,Drama,2000
74,345,2,Star Trek: Voyager: Season 5,Sci-Fi,1998
74,73,5,Davy Crockett: 50th Anniversary Double Feature,Drama,1954
74,368,5,The Best of Designing Women,Drama,1986
74,81,3,Antarctica: IMAX,Drama,1991
74,114,4,Dominion Tank Police Part 1 & 2,Drama,1989
74,159,4,Gentlemen of Fortune,Drama,1971
74,33,5,Aqua Teen Hunger Force: Vol. 1,Action,2000
74,435,3,Love Can Seriously Damage Your Health,Drama,1996
74,337,1,Star 80,Sci-Fi,1983
74,191,1,X2: X-Men United,Drama,2003
74,448,4,Oswald: Welcome to the Big City!,Drama,2001
74,286,5,Thunderbirds Are Go,Drama,1966
74,440,2,Just 4 Kicks,Drama,2003
74,472,3,Mr. Jealousy,Drama,1998
74,87,3,Louder Than Bombs,Drama,2002
74,211,2,The Agronomist,Drama,2004
74,397,4,A Night in Casablanca,Horror,1946
74,272,1,Female Yakuza Tale,Drama,1973
74,18,4,Immortal Beloved,Drama,1994
74,246,3,The Boston Strangler,Drama,1968
74,128,5,Mr. Vampire,Drama,1985
74,181,4,The Last Shot,Drama,2004
74,391,2,The Monkees: Season 2,Drama,1967
74,214,4,Read-Along: Beauty and the Beast,Drama,2002
74,459,3,Basquiat,Drama,1996
74,43,5,Silent Service,Drama,2000
74,334,4,The Pacifier,Drama,2005
74,209,5,Star Trek: Deep Space Nine: Season 5,Sci-Fi,1996
74,21,3,Strange Relations,Drama,2002
74,256,2,Ghost Dog: The Way of the Samurai,Horror,2000
74,302,3,The Isle,Drama,2001
74,35,4,Ferngully 2: The Magical Rescue,Animation,2000
74,7,2,8 Man,Drama,1992
74,319,4,Straight to Hell,Drama,1987
74,289,4,The Avengers,Drama,1998
74,379,5,Crash Dive,Drama,1996
74,152,2,A Little Princess,Drama,1995
74,456,4,Emma (Miniseries),Drama,1996
74,213,3,Dinner Rush,Drama,2001
74,88,3,Record of Lodoss War: Chronicles of the Heroic Knight,Action,1998
74,77,5,Congo,Drama,1995
74,483,4,Rush Hour 2,Drama,2001
74,369,5,Playing Mona Lisa,Drama,2000
74,208,3,The Three Stooges: Sing a Song of Six Pants,Drama,1947
74,300,5,Option Zero,Drama,1997
74,108,3,Spartan,Drama,2004
74,178,4,Regular Guys,Drama,1996
74,430,2,Chobits,Drama,2002
74,204,2,Venus Boyz,Drama,2002
74,65,3,Lost in the Pershing Point Hotel,Drama,2000
74,205,5,Troy: Bonus Material,Drama,2004
74,239,5,Winnie the Pooh: Springtime with Roo,Drama,2004
74,148,4,Sweet November,Drama,2001
75,485,5,The Avengers '67,Drama,1967
75,309,3,The Day of the Locust,Drama,1975
75,501,4,Three Days of the Condor,Drama,1975
75,386,4,Princess Caraboo,Drama,1994
75,363,3,Stark Raving Mad,Sci-Fi,2002
75,374,5,The Little Girl Who Lives Down the Lane,Drama,1976
75,481,2,Building the Great Pyramid,Drama,2002
75,355,1,Sinful Nuns of St. Valentine,Romance,1973
75,490,4,The Passion of Ayn Rand,Romance,1999
75,495,3,Mission Kashmir,Action,2000
75,335,1,Fear No Evil,Horror,1981
75,172,4,Jack,Drama,2003
75,276,4,Cold Harvest,Drama,1998
75,138,5,Star Trek: Voyager: Season 1,Sci-Fi,1995
75,303,3,Les Liaisons Dangereuses,Drama,1959
75,281,1,The Legend,Fantasy,1993
75,314,2,Saturday Night Live: The Best of Jon Lovitz,Horror,1985
75,6,1,Sick,Drama,1997
75,203,5,Sports Illustrated Swimsuit Edition: 1997,Drama,1997
75,323,5,Modern Vampires,Drama,1999
75,252,5,Stuart Little 2,Drama,2002
75,391,4,The Monkees: Season 2,Drama,1967
75,449,2,Jimmy Buffett: MiniMatinee #1,Drama,2003
75,179,3,Bollywood Bound,Drama,2003
75,401,4,Halloween 5: The Revenge of Michael Myers,Drama,1989
75,118,1,Rambo: First Blood Part II,Drama,1985
75,458,4,Blast,Drama,2001
75,396,4,Arjuna: Complete Collection,Drama,2001
75,400,5,Rio Lobo,Drama,1970
75,265,5,The Jeff Corwin Experience: Costa Rica and the Amazon,Drama,2002
75,37,4,Zatoichi's Conspiracy,Drama,1973
75,254,4,Westender,Drama,2003
75,457,4,Kill Bill: Vol. 2,Thriller,2004
75,163,4,MTV: Making the Band 2: Best of Season 1,Drama,2002
75,256,1,Ghost Dog: The Way of the Samurai,Horror,2000
75,67,4,Vampire Journals,Drama,1997
75,140,1,Lost in the Wild,Drama,1993
75,368,1,The Best of Designing Women,Drama,1986
75,279,4,Micki and Maude,Drama,1984
75,75,4,Grind,Drama,1997
75,372,2,Jeans,Drama,1998
75,2,5,Isle of Man TT 2004 Review,Drama,2004
75,49,5,Devo: The Complete Truth About De-evolution,Drama,2003
75,176,4,The History Channel Presents: Troy: Unearthing the Legend,Drama,2004
75,273,3,Taxi,Drama,2004
75,365,4,R.E.M.: Tourfilm,Drama,1989
75,32,4,ABC Primetime: Mel Gibson's The Passion of the Christ,Romance,2004
75,364,4,Billy Blanks: Tae Bo: Contact 2,Drama,2004
75,40,2,Pitcher and the Pin-Up,Drama,2004
75,454,3,Xena: Warrior Princess: Season 3,Action,1995
75,20,4,Seeta Aur Geeta,Drama,1972
75,502,4,Mitch Hedberg: Mitch All Together,Drama,2003
75,361,4,The Phantom of the Opera: Special Edition,Drama,2004
75,139,2,Allergies: A Natural Approach,Drama,2001
75,475,3,Surf Ninjas,Drama,1993
75,353,3,Life or Something Like It,Drama,2002
75,105,5,Obsessed,Drama,2002
75,242,4,Neon Genesis Evangelion: The End of Evangelion,Drama,1995
75,393,4,The Replacement Killers,Thriller,1998
75,73,5,Davy Crockett: 50th Anniversary Double Feature,Drama,1954
75,409,5,Godzilla vs. The Sea Monster,Drama,1966
75,482,1,Frida,Drama,2002
75,257,3,Charlotte's Web,Drama,1973
75,25,4,Inspector Morse 31: Death Is Now My Neighbour,Horror,1997
75,247,4,Oleanna,Drama,1994
75,117,1,Silk Stockings,Drama,1957
75,382,2,Buried in the Sand: The Deception of America,Drama,2004
76,108,2,Spartan,Drama,2004
76,81,4,Antarctica: IMAX,Drama,1991
76,316,5,Futurama: Monster Robot Maniac Fun Collection,Comedy,1999
76,56,3,Carandiru,Drama,2004
76,129,4,Darkwolf,Horror,2003
76,273,3,Taxi,Drama,2004
76,415,4,Reign in Darkness,Horror,2002
76,249,2,The Hunters,Drama,1958
76,241,3,North by Northwest,Drama,1959
76,88,2,Record of Lodoss War: Chronicles of the Heroic Knight,Action,1998
76,225,4,The Cookout,Drama,2004
76,433,4,Untamed Heart,Drama,1993
76,132,4,Lucio Fulci: The Beyond,Drama,1981
76,291,3,Chained Heat 3: Hell Mountain,Drama,2000
76,357,5,House of Sand and Fog,Drama,2003
76,212,3,Querelle,Drama,1982
76,388,5,Body Chemistry,Drama,1990
76,493,5,The Giallo Collection: Who Saw Her Die?,Drama,1972
76,419,2,George Lopez: Why You Crying?,Drama,2005
76,238,4,Led Zeppelin: The Song Remains the Same,Drama,1976
76,26,5,Never Die Alone,Drama,2004
76,341,3,Tremors 4: The Legend Begins,Fantasy,2004
76,230,4,Unsolved Mysteries: Psychics,Drama,1987
76,155,2,The Strongest Man in the World,Documentary,1975
76,465,2,Coolie No.1,Drama,1995
76,24,3,My Bloody Valentine,Romance,1981
76,145,2,Get Out Your Handkerchiefs,Drama,1978
76,101,4,Complete Shamanic Princess,Drama,1997
76,131,4,Arachnid,Drama,2002
76,190,2,Blood and Sand,Drama,1989
76,370,2,Chaplin,Drama,1918
76,447,2,The Making of Fanny and Alexander,Drama,1986
76,64,5,Outside the Law,Drama,2001
76,356,1,Look at Me,Drama,2005
76,418,4,The Deal,Drama,2004
76,402,5,Pan Tadeusz,Drama,1999
76,165,2,Richard Pryor: Live on the Sunset Strip,Drama,1982
76,444,2,The Inner Tour,Drama,2001
76,319,4,Straight to Hell,Drama,1987
76,39,4,Love Reinvented,Drama,2000
76,262,3,Herbie Rides Again,Drama,1974
76,51,3,Jonah: A VeggieTales Movie: Bonus Material,Drama,2002
76,125,4,Nighthawks,Horror,1981
76,358,3,The Onion Field,Drama,1979
76,332,3,They Crawl,Drama,2002
76,408,5,Nightbreed,Horror,1990
76,317,5,Mandela and de Klerk,Drama,1997
76,320,5,Eat Your Heart Out,Drama,1997
76,269,3,Parenthood,Drama,1989
76,226,1,Henry: Portrait of a Serial Killer 2,Thriller,1996
76,195,5,Chasing Freedom,Drama,2004
76,421,3,Agatha Christie's Poirot: Sad Cypress,Drama,2003
76,118,4,Rambo: First Blood Part II,Drama,1985
76,99,4,A Fishy Story,Drama,1989
76,119,3,Travel the World by Train: Africa,Documentary,1999
76,243,5,Pressure Point,Drama,1962
76,228,4,Butch and Sundance: The Early Days,Drama,1979
76,353,3,Life or Something Like It,Drama,2002
76,424,3,Happiness,Drama,1998
76,389,2,Steal,Drama,2002
76,112,1,The Eye of Vichy,Drama,1993
76,76,5,I Love Lucy: Season 2,Drama,1952
76,60,5,The Libertine,Drama,1969
76,381,4,Out for Justice,Drama,1991
76,169,5,Cartoon Network Halloween: 9 Creepy Cartoon Capers,Animation,2004
76,368,5,The Best of Designing Women,Drama,1986
76,428,4,Barney: Barney's Colorful World: Live,Documentary,2004
76,384,3,Crossroads,Drama,1986
76,162,5,John Cleese on How to Irritate People,Drama,1968
76,113,5,Bruce Lee: A Warrior's Journey,Action,2000
76,328,4,Deftones: Live in Hawaii,Drama,2002
76,446,3,The Underneath,Drama,1995
76,121,4,Beyonce: Live at Wembley,Drama,2003
76,201,4,Home Movie,Drama,2001
76,458,3,Blast,Drama,2001
76,232,4,Gross Anatomy,Drama,1989
76,383,5,Hit Team,Drama,2001
76,242,5,Neon Genesis Evangelion: The End of Evangelion,Drama,1995
76,87,4,Louder Than Bombs,Drama,2002
77,314,3,Saturday Night Live: The Best of Jon Lovitz,Horror,1985
77,463,5,The Twilight Zone: Vol. 12,Drama,1962
77,13,5,Lord of the Rings: The Return of the King: Extended Edition: Bonus Material,Drama,2003
77,46,2,Rudolph the Red-Nosed Reindeer,Drama,1964
77,34,4,Ashtanga Yoga: Beginner's Practice with Nicki Doane,Drama,2003
77,35,3,Ferngully 2: The Magical Rescue,Animation,2000
77,445,4,Michael Collins,Drama,1996
77,258,4,Mann,Drama,1999
77,248,3,Michael Moore's The Awful Truth: Season 2,Drama,2001
77,378,3,Party Monster,Drama,2003
77,79,5,The Killing,Thriller,1956
77,290,3,Harold and Kumar Go to White Castle,Drama,2004
77,373,3,Third World Cop,Documentary,2000
77,85,2,Elfen Lied,Drama,2005
77,158,5,A Killer Within,Thriller,2004
77,322,5,Flesh Gordon,Drama,1974
77,83,4,Silkwood,Drama,1983
77,201,3,Home Movie,Drama,2001
77,404,1,The Shaft,Drama,2001
77,460,4,Pink Narcissus,Drama,1971
77,430,5,Chobits,Drama,2002
77,53,3,The Bonesetter,Drama,2003
77,324,4,Mother's Boys,Drama,1994
77,504,2,The Twilight Zone: Vol. 27,Drama,1964
77,130,3,Drowning on Dry Land,Drama,1999
77,206,4,Unconstitutional: The War on Our Civil Liberties,Action,2004
77,124,3,Cold Blooded,Drama,2000
77,473,4,Princess Mononoke,Drama,1997
77,303,5,Les Liaisons Dangereuses,Drama,1959
77,129,2,Darkwolf,Horror,2003
77,461,4,Nightwalker #1: Midnight Detective,Horror,2000
77,346,3,Up and Down,Drama,2005
77,502,3,Mitch Hedberg: Mitch All Together,Drama,2003
77,486,4,Journey to the Center of the Earth,Drama,1959
77,272,2,Female Yakuza Tale,Drama,1973
77,469,3,First Night of My Life: 2000 Seen By...,Drama,1998
77,377,3,Dick Francis: The Racing Game,Drama,1979
77,118,4,Rambo: First Blood Part II,Drama,1985
77,282,5,Blue Seed: Beyond,Drama,2003
77,88,1,Record of Lodoss War: Chronicles of the Heroic Knight,Action,1998
77,66,3,Barbarian Queen 2,Drama,1989
77,405,3,Wings of Desire,Drama,1987
77,32,3,ABC Primetime: Mel Gibson's The Passion of the Christ,Romance,2004
77,309,4,The Day of the Locust,Drama,1975
77,484,2,Danielle Steel's Jewels,Drama,1992
77,69,3,WWE: Armageddon 2003,Drama,2003
77,480,3,Flypaper,Drama,1997
77,225,4,The Cookout,Drama,2004
77,339,4,Rolling Stones: Rock and Roll Circus,Drama,1968
77,497,3,Broadway's Lost Treasures,Drama,2003
77,86,5,Iron Monkey 2,Drama,1996
77,448,3,Oswald: Welcome to the Big City!,Drama,2001
77,131,3,Arachnid,Drama,2002
77,352,4,Pick a Card,Drama,1997
77,68,3,Invader Zim,Drama,2004
77,230,4,Unsolved Mysteries: Psychics,Drama,1987
77,357,5,House of Sand and Fog,Drama,2003
77,489,3,Return to Paradise,Drama,1998
77,435,2,Love Can Seriously Damage Your Health,Drama,1996
77,10,3,Fighter,Action,2001
77,421,3,Agatha Christie's Poirot: Sad Cypress,Drama,2003
77,103,4,Sanford and Son: Season 6,Drama,1976
77,335,2,Fear No Evil,Horror,1981
77,474,5,Legend of 1900,Fantasy,1998
77,90,3,The Lemon Drop Kid,Drama,1951
77,40,4,Pitcher and the Pin-Up,Drama,2004
77,393,5,The Replacement Killers,Thriller,1998
77,243,4,Pressure Point,Drama,1962
77,87,4,Louder Than Bombs,Drama,2002
77,369,4,Playing Mona Lisa,Drama,2000
77,214,4,Read-Along: Beauty and the Beast,Drama,2002
77,65,3,Lost in the Pershing Point Hotel,Drama,2000
77,367,3,Spun,Drama,2003
77,178,1,Regular Guys,Drama,1996
77,151,4,Sleepover Nightmare,Horror,2005
77,333,3,Mail Call: The Best of Season 2,Drama,2003
77,499,4,Under Suspicion,Drama,2000
77,269,3,Parenthood,Drama,1989
77,239,5,Winnie the Pooh: Springtime with Roo,Drama,2004
78,52,3,The Weather Underground,Drama,2002
78,272,2,Female Yakuza Tale,Drama,1973
78,26,3,Never Die Alone,Drama,2004
78,456,5,Emma (Miniseries),Drama,1996
78,412,4,Jay Jay the Jet Plane: Adventures in Learning,Animation,1999
78,91,4,WWE: Royal Rumble 2005,Drama,2005
78,388,1,Body Chemistry,Drama,1990
78,117,3,Silk Stockings,Drama,1957
78,114,2,Dominion Tank Police Part 1 & 2,Drama,1989
78,79,2,The Killing,Thriller,1956
78,317,2,Mandela and de Klerk,Drama,1997
78,7,4,8 Man,Drama,1992
78,67,4,Vampire Journals,Drama,1997
78,214,2,Read-Along: Beauty and the Beast,Drama,2002
78,460,4,Pink Narcissus,Drama,1971
78,215,4,That '70s Show: Season 1,Drama,1998
78,146,4,Cannibal Women in the Avocado Jungle of Death,Horror,1988
78,357,2,House of Sand and Fog,Drama,2003
78,437,3,Beyblade: Fierce Battle,Action,2005
78,31,4,Classic Albums: Meat Loaf: Bat Out of Hell,Drama,1999
78,203,3,Sports Illustrated Swimsuit Edition: 1997,Drama,1997
78,143,4,The Game,Drama,1997
78,289,2,The Avengers,Drama,1998
78,318,4,Beyond Suspicion,Drama,1994
78,390,5,The Fan,Drama,1981
78,207,4,Denise Austin: Ultimate Fat Burner,Drama,2001
78,484,2,Danielle Steel's Jewels,Drama,1992
78,275,2,Evelyn,Drama,2002
78,110,2,Scandal,Drama,1989
78,293,4,Lennon Legend: The Very Best of John Lennon,Fantasy,2003
78,81,3,Antarctica: IMAX,Drama,1991
78,234,3,Animation Legend: Winsor McCay,Animation,1921
78,446,4,The Underneath,Drama,1995
78,241,1,North by Northwest,Drama,1959
78,332,3,They Crawl,Drama,2002
78,84,2,The Powerpuff Girls Movie,Drama,2002
78,19,2,By Dawn's Early Light,Drama,2000
78,130,3,Drowning on Dry Land,Drama,1999
78,292,5,Saturday Night Live: The Best of Gilda Radner,Horror,2005
78,480,4,Flypaper,Drama,1997
78,128,2,Mr. Vampire,Drama,1985
78,115,5,Lord Peter Wimsey: Murder Must Advertise,Thriller,1973
78,212,2,Querelle,Drama,1982
78,474,5,Legend of 1900,Fantasy,1998
78,331,2,Chasing Amy,Drama,1997
78,470,4,Beneath Loch Ness,Drama,2001
78,469,5,First Night of My Life: 2000 Seen By...,Drama,1998
78,297,3,The Hebrew Hammer,Drama,2003
78,344,5,The Taming of the Shrew,Drama,1967
78,48,3,Justice League,Drama,2001
78,15,3,Neil Diamond: Greatest Hits Live,Drama,1988
78,256,2,Ghost Dog: The Way of the Samurai,Horror,2000
78,461,5,Nightwalker #1: Midnight Detective,Horror,2000
78,452,3,Scorched,Drama,2002
78,377,5,Dick Francis: The Racing Game,Drama,1979
78,453,3,Simple Men,Drama,1992
78,308,3,The Legend of the 7 Golden Vampires/7 Brothers of Dracula,Fantasy,1974
78,506,5,Blank Generation / Dancin' Barefoot,Drama,1976
78,403,3,Substitute 4: Failure is Not an Option,Drama,2000
79,315,4,Combat! Season 3: Operation 2,Action,1964
79,122,4,Cube 2: Hypercube,Drama,2002
79,289,3,The Avengers,Drama,1998
79,110,5,Scandal,Drama,1989
79,221,2,Voyage to the Planets and Beyond,Sci-Fi,2005
79,71,5,Maya Lin: A Strong Clear Vision,Drama,1995
79,61,4,Ricky Martin: One Night Only,Horror,1999
79,284,3,Sasquatch Hunters,Drama,2005
79,192,5,The SoulTaker,Drama,2003
79,239,5,Winnie the Pooh: Springtime with Roo,Drama,2004
79,104,4,The Great Race,Drama,1965
79,124,4,Cold Blooded,Drama,2000
79,428,2,Barney: Barney's Colorful World: Live,Documentary,2004
79,502,4,Mitch Hedberg: Mitch All Together,Drama,2003
79,76,5,I Love Lucy: Season 2,Drama,1952
79,20,2,Seeta Aur Geeta,Drama,1972
79,183,4,IFilm: Deranged,Drama,2005
79,208,5,The Three Stooges: Sing a Song of Six Pants,Drama,1947
79,301,5,Hard Ground,Drama,2003
79,401,2,Halloween 5: The Revenge of Michael Myers,Drama,1989
79,275,3,Evelyn,Drama,2002
79,100,4,Sam the Iron Bridge,Drama,1993
79,64,4,Outside the Law,Drama,2001
79,79,5,The Killing,Thriller,1956
79,400,3,Rio Lobo,Drama,1970
79,176,5,The History Channel Presents: Troy: Unearthing the Legend,Drama,2004
79,185,1,Missing in Action 2: The Beginning / Missing in Action 3: Braddock,Action,1985
79,262,3,Herbie Rides Again,Drama,1974
79,160,5,Gormenghast,Drama,2000
79,420,5,Saturday Night Live: The Best of Dana Carvey,Horror,1999
79,201,2,Home Movie,Drama,2001
79,452,5,Scorched,Drama,2002
79,277,2,Enigma: MCMXC A.D,Drama,2003
79,261,5,The Big Clock,Drama,1948
79,242,3,Neon Genesis Evangelion: The End of Evangelion,Drama,1995
79,92,3,ECW: Cyberslam '99,Sci-Fi,2002
79,150,3,Firetrap,Drama,2001
79,97,4,Mostly Martha,Drama,2002
79,288,5,Saturday Night Live: The Best of Chris Kattan,Horror,2004
79,217,5,Cherry 2000,Drama,1988
79,338,2,The Three Stooges: Three Smart Saps,Drama,1942
79,80,2,Winter Kills,Thriller,1979
79,352,1,Pick a Card,Drama,1997
79,105,4,Obsessed,Drama,2002
79,231,3,Marooned in Iraq,Drama,2002
79,480,4,Flypaper,Drama,1997
79,227,3,The Carol Burnett Show: Show Stoppers,Drama,2001
79,205,3,Troy: Bonus Material,Drama,2004
79,209,2,Star Trek: Deep Space Nine: Season 5,Sci-Fi,1996
79,351,5,Guns of the Magnificent Seven,Drama,1969
79,473,3,Princess Mononoke,Drama,1997
79,189,2,Airplane II: The Sequel,Drama,1982
79,265,5,The Jeff Corwin Experience: Costa Rica and the Amazon,Drama,2002
79,74,2,6ixtynin9,Drama,1999
79,167,4,The Chorus,Drama,2004
79,19,3,By Dawn's Early Light,Drama,2000
79,303,3,Les Liaisons Dangereuses,Drama,1959
79,165,1,Richard Pryor: Live on the Sunset Strip,Drama,1982
79,152,4,A Little Princess,Drama,1995
79,138,5,Star Trek: Voyager: Season 1,Sci-Fi,1995
79,146,2,Cannibal Women in the Avocado Jungle of Death,Horror,1988
79,42,5,Searching for Paradise,Drama,2002
79,148,3,Sweet November,Drama,2001
79,22,4,Chump Change,Drama,2000
79,222,2,Yellow,Drama,1998
79,451,2,Batman the Animated Series: Vol. 3,Animation,1993
79,278,4,100 Days Before the Command,Drama,1990
79,40,3,Pitcher and the Pin-Up,Drama,2004
79,361,4,The Phantom of the Opera: Special Edition,Drama,2004
79,319,2,Straight to Hell,Drama,1987
79,458,4,Blast,Drama,2001
79,405,4,Wings of Desire,Drama,1987
79,214,5,Read-Along: Beauty and the Beast,Drama,2002
79,198,4,Gupt,Drama,1997
79,409,5,Godzilla vs. The Sea Monster,Drama,1966
79,479,5,George Carlin: What Am I Doing in New Jersey?,Drama,1988
79,30,4,Something's Gotta Give,Drama,2003
80,33,3,Aqua Teen Hunger Force: Vol. 1,Action,2000
80,167,5,The Chorus,Drama,2004
80,304,5,King of the Hill: Season 1,Drama,1997
80,53,4,The Bonesetter,Drama,2003
80,354,4,Sadomania,Drama,1981
80,37,3,Zatoichi's Conspiracy,Drama,1973
80,503,3,Max and Ruby: Springtime for Max and Ruby,Drama,2005
80,38,4,Daydream Obsession,Drama,2003
80,343,2,French and Saunders: Live,Drama,2000
80,496,5,Primus: Hallucino-Genetics Live 2004,Drama,2004
80,363,2,Stark Raving Mad,Sci-Fi,2002
80,154,1,Demon Warrior Koji,Action,2000
80,168,5,Smokey and the Bandit Part 3,Drama,1983
80,207,4,Denise Austin: Ultimate Fat Burner,Drama,2001
80,132,2,Lucio Fulci: The Beyond,Drama,1981
80,383,4,Hit Team,Drama,2001
80,480,4,Flypaper,Drama,1997
80,357,4,House of Sand and Fog,Drama,2003
80,472,2,Mr. Jealousy,Drama,1998
80,44,4,Spitfire Grill,Drama,1996
80,227,5,The Carol Burnett Show: Show Stoppers,Drama,2001
80,324,1,Mother's Boys,Drama,1994
80,317,3,Mandela and de Klerk,Drama,1997
80,41,2,Horror Vision,Horror,2000
80,79,3,The Killing,Thriller,1956
80,409,4,Godzilla vs. The Sea Monster,Drama,1966
80,68,2,Invader Zim,Drama,2004
80,305,5,Jack,Drama,1996
80,237,4,Broken Blossoms,Drama,1918
80,501,3,Three Days of the Condor,Drama,1975
80,405,1,Wings of Desire,Drama,1987
80,372,4,Jeans,Drama,1998
80,325,4,Ghosts of Rwanda: Frontline,Horror,2004
80,385,2,The Santa Clause 2,Drama,2002
80,459,2,Basquiat,Drama,1996
80,172,5,Jack,Drama,2003
80,58,3,Dragonheart,Drama,1996
80,449,4,Jimmy Buffett: MiniMatinee #1,Drama,2003
80,298,4,Crunch: Pick Your Spot Pilates,Drama,2002
80,177,3,Pressure,Drama,2002
80,282,5,Blue Seed: Beyond,Drama,2003
80,66,3,Barbarian Queen 2,Drama,1989
80,24,3,My Bloody Valentine,Romance,1981
80,121,3,Beyonce: Live at Wembley,Drama,2003
80,98,3,The Battle of Algiers: Bonus Material,Action,1965
80,347,2,Iceman Cometh,Drama,1989
80,95,4,Dona Herlinda and Her Son,Drama,1985
80,20,5,Seeta Aur Geeta,Drama,1972
80,15,2,Neil Diamond: Greatest Hits Live,Drama,1988
80,311,3,Ed Wood,Drama,1994
80,152,4,A Little Princess,Drama,1995
80,308,5,The Legend of the 7 Golden Vampires/7 Brothers of Dracula,Fantasy,1974
80,297,5,The Hebrew Hammer,Drama,2003
80,17,3,7 Seconds,Drama,2005
80,389,3,Steal,Drama,2002
80,193,5,Marilyn Manson: Fear of a Satanic Planet,Horror,2005
80,506,5,Blank Generation / Dancin' Barefoot,Drama,1976
80,164,4,One Last Dance,Drama,2003
80,212,3,Querelle,Drama,1982
80,129,5,Darkwolf,Horror,2003
80,408,5,Nightbreed,Horror,1990
80,276,4,Cold Harvest,Drama,1998
80,230,4,Unsolved Mysteries: Psychics,Drama,1987
80,502,2,Mitch Hedberg: Mitch All Together,Drama,2003
80,437,4,Beyblade: Fierce Battle,Action,2005
80,113,5,Bruce Lee: A Warrior's Journey,Action,2000
80,400,1,Rio Lobo,Drama,1970
80,396,4,Arjuna: Complete Collection,Drama,2001
80,36,4,Lady Chatterley,Drama,1992
80,370,4,Chaplin,Drama,1918
80,157,3,Laird: White Knuckle Extreme,Drama,2004
80,183,3,IFilm: Deranged,Drama,2005
80,118,3,Rambo: First Blood Part II,Drama,1985
80,318,5,Beyond Suspicion,Drama,1994
80,145,5,Get Out Your Handkerchiefs,Drama,1978
81,441,5,Dark Shadows: Vol. 9,Horror,1968
81,358,2,The Onion Field,Drama,1979
81,82,4,The Frogmen,Drama,1951
81,424,3,Happiness,Drama,1998
81,13,3,Lord of the Rings: The Return of the King: Extended Edition: Bonus Material,Drama,2003
81,349,2,The Swarm,Action,1978
81,239,5,Winnie the Pooh: Springtime with Roo,Drama,2004
81,121,3,Beyonce: Live at Wembley,Drama,2003
81,186,2,Panic in the Streets,Drama,1950
81,140,4,Lost in the Wild,Drama,1993
81,421,4,Agatha Christie's Poirot: Sad Cypress,Drama,2003
81,493,3,The Giallo Collection: Who Saw Her Die?,Drama,1972
81,34,4,Ashtanga Yoga: Beginner's Practice with Nicki Doane,Drama,2003
81,119,5,Travel the World by Train: Africa,Documentary,1999
81,65,2,Lost in the Pershing Point Hotel,Drama,2000
81,23,4,Clifford: Clifford Saves the Day! / Clifford's Fluffiest Friend Cleo,Drama,2001
81,492,3,Mrs. Soffel,Drama,1984
81,338,3,The Three Stooges: Three Smart Saps,Drama,1942
81,324,5,Mother's Boys,Drama,1994
81,312,3,High Fidelity,Drama,2000
81,139,2,Allergies: A Natural Approach,Drama,2001
81,377,3,Dick Francis: The Racing Game,Drama,1979
81,308,2,The Legend of the 7 Golden Vampires/7 Brothers of Dracula,Fantasy,1974
81,364,3,Billy Blanks: Tae Bo: Contact 2,Drama,2004
81,198,3,Gupt,Drama,1997
81,127,4,Fatal Beauty,Drama,1987
81,271,5,Saludos Amigos,Drama,1943
81,74,3,6ixtynin9,Drama,1999
81,153,3,MTV Yoga,Drama,2002
81,229,4,Peter Gabriel: Growing Up Live,Drama,2003
81,335,5,Fear No Evil,Horror,1981
81,269,4,Parenthood,Drama,1989
81,452,3,Scorched,Drama,2002
81,60,1,The Libertine,Drama,1969
81,253,3,A Night at the Opera,Horror,1935
81,433,4,Untamed Heart,Drama,1993
81,359,5,Absolutely Fabulous: Series 5,Drama,2003
81,470,5,Beneath Loch Ness,Drama,2001
81,484,3,Danielle Steel's Jewels,Drama,1992
81,112,3,The Eye of Vichy,Drama,1993
81,183,3,IFilm: Deranged,Drama,2005
81,268,4,The Final Countdown,Drama,1980
81,212,3,Querelle,Drama,1982
81,75,4,Grind,Drama,1997
81,385,3,The Santa Clause 2,Drama,2002
81,374,3,The Little Girl Who Lives Down the Lane,Drama,1976
81,472,5,Mr. Jealousy,Drama,1998
81,206,4,Unconstitutional: The War on Our Civil Liberties,Action,2004
81,234,4,Animation Legend: Winsor McCay,Animation,1921
81,92,3,ECW: Cyberslam '99,Sci-Fi,2002
81,155,4,The Strongest Man in the World,Documentary,1975
81,174,2,Adam-12: Season 1,Drama,1968
81,432,2,Les Miserables in Concert,Drama,1996
81,221,5,Voyage to the Planets and Beyond,Sci-Fi,2005
81,213,3,Dinner Rush,Drama,2001
81,161,3,Ninotchka,Drama,1939
81,260,2,Marat / Sade,Drama,1967
81,461,4,Nightwalker #1: Midnight Detective,Horror,2000
81,281,5,The Legend,Fantasy,1993
81,348,4,The Last Temptation of Christ,Drama,1988
81,95,3,Dona Herlinda and Her Son,Drama,1985
81,171,5,Funny Face,Comedy,1957
81,425,4,The 10th Kingdom,Fantasy,2000
81,255,3,The Hunchback of Notre Dame II,Drama,2001
81,54,5,We're Not Married,Drama,1952
81,49,3,Devo: The Complete Truth About De-evolution,Drama,2003
81,193,2,Marilyn Manson: Fear of a Satanic Planet,Horror,2005
81,237,3,Broken Blossoms,Drama,1918
81,272,4,Female Yakuza Tale,Drama,1973
82,310,3,Leila,Drama,2000
82,346,2,Up and Down,Drama,2005
82,54,2,We're Not Married,Drama,1952
82,386,3,Princess Caraboo,Drama,1994
82,112,2,The Eye of Vichy,Drama,1993
82,74,3,6ixtynin9,Drama,1999
82,304,3,King of the Hill: Season 1,Drama,1997
82,29,5,Boycott,Drama,2001
82,322,5,Flesh Gordon,Drama,1974
82,390,5,The Fan,Drama,1981
82,404,3,The Shaft,Drama,2001
82,265,2,The Jeff Corwin Experience: Costa Rica and the Amazon,Drama,2002
82,369,4,Playing Mona Lisa,Drama,2000
82,448,2,Oswald: Welcome to the Big City!,Drama,2001
82,391,3,The Monkees: Season 2,Drama,1967
82,15,5,Neil Diamond: Greatest Hits Live,Drama,1988
82,328,5,Deftones: Live in Hawaii,Drama,2002
82,450,4,Isaac Stern: Life's Virtuoso,Drama,2000
82,422,5,The Unsinkable Molly Brown,Drama,1964
82,64,5,Outside the Law,Drama,2001
82,33,4,Aqua Teen Hunger Force: Vol. 1,Action,2000
82,109,3,No Way Back,Drama,1996
82,69,3,WWE: Armageddon 2003,Drama,2003
82,214,4,Read-Along: Beauty and the Beast,Drama,2002
82,395,2,Captain Blood,Drama,1935
82,80,3,Winter Kills,Thriller,1979
82,212,4,Querelle,Drama,1982
82,467,3,Topper Returns,Drama,1941
82,476,5,VeggieTales Classics: Where's God When I'm Scared?,Drama,2004
82,40,4,Pitcher and the Pin-Up,Drama,2004
82,176,4,The History Channel Presents: Troy: Unearthing the Legend,Drama,2004
82,483,3,Rush Hour 2,Drama,2001
82,419,4,George Lopez: Why You Crying?,Drama,2005
82,38,2,Daydream Obsession,Drama,2003
82,169,4,Cartoon Network Halloween: 9 Creepy Cartoon Capers,Animation,2004
82,62,4,Ken Burns' America: Empire of the Air,Drama,1991
82,376,5,Genesis: The Way We Walk: Live in Concert,Drama,2001
82,503,1,Max and Ruby: Springtime for Max and Ruby,Drama,2005
82,305,3,Jack,Drama,1996
82,331,1,Chasing Amy,Drama,1997
82,500,2,Mail Call: The Best of Season 1,Drama,2002
82,210,3,Onmyoji,Drama,2001
82,354,4,Sadomania,Drama,1981
82,191,5,X2: X-Men United,Drama,2003
82,127,5,Fatal Beauty,Drama,1987
82,142,3,The Tricky Master,Drama,2000
82,252,4,Stuart Little 2,Drama,2002
82,379,5,Crash Dive,Drama,1996
82,227,3,The Carol Burnett Show: Show Stoppers,Drama,2001
82,363,3,Stark Raving Mad,Sci-Fi,2002
82,230,3,Unsolved Mysteries: Psychics,Drama,1987
82,417,4,Transformers: Season 3: Part 1,Drama,1986
82,494,4,Monty Python's The Meaning of Life: Special Edition,Drama,1983
82,312,4,High Fidelity,Drama,2000
82,282,5,Blue Seed: Beyond,Drama,2003
82,493,5,The Giallo Collection: Who Saw Her Die?,Drama,1972
82,57,2,Richard III,Drama,1995
82,158,1,A Killer Within,Thriller,2004
82,49,4,Devo: The Complete Truth About De-evolution,Drama,2003
82,228,3,Butch and Sundance: The Early Days,Drama,1979
83,323,1,Modern Vampires,Drama,1999
83,186,2,Panic in the Streets,Drama,1950
83,25,4,Inspector Morse 31: Death Is Now My Neighbour,Horror,1997
83,338,2,The Three Stooges: Three Smart Saps,Drama,1942
83,478,3,The Beverly Hillbillies,Drama,1962
83,430,4,Chobits,Drama,2002
83,82,2,The Frogmen,Drama,1951
83,256,3,Ghost Dog: The Way of the Samurai,Horror,2000
83,88,1,Record of Lodoss War: Chronicles of the Heroic Knight,Action,1998
83,331,4,Chasing Amy,Drama,1997
83,220,3,Winston Churchill: The Wilderness Years,Drama,1983
83,188,2,Dead Birds,Drama,2005
83,293,2,Lennon Legend: The Very Best of John Lennon,Fantasy,2003
83,250,3,Cast a Giant Shadow,Drama,1966
83,8,2,What the #$*! Do We Know!?,Drama,2004
83,382,5,Buried in the Sand: The Deception of America,Drama,2004
83,423,1,My Favorite Martian #1,Drama,1963
83,230,3,Unsolved Mysteries: Psychics,Drama,1987
83,443,4,Rabbit-Proof Fence,Drama,2002
83,278,3,100 Days Before the Command,Drama,1990
83,248,4,Michael Moore's The Awful Truth: Season 2,Drama,2001
83,500,3,Mail Call: The Best of Season 1,Drama,2002
83,410,5,Frank Lloyd Wright,Drama,1998
83,164,2,One Last Dance,Drama,2003
83,61,1,Ricky Martin: One Night Only,Horror,1999
83,266,2,Saudade Do Futuro,Drama,2000
83,63,4,Crash Dive,Drama,1943
83,125,3,Nighthawks,Horror,1981
83,426,4,Recess: School's Out,Drama,2001
83,44,4,Spitfire Grill,Drama,1996
83,493,3,The Giallo Collection: Who Saw Her Die?,Drama,1972
83,330,3,Wild Things,Drama,1998
83,54,3,We're Not Married,Drama,1952
83,319,5,Straight to Hell,Drama,1987
83,353,4,Life or Something Like It,Drama,2002
83,157,5,Laird: White Knuckle Extreme,Drama,2004
83,448,5,Oswald: Welcome to the Big City!,Drama,2001
83,26,3,Never Die Alone,Drama,2004
83,46,2,Rudolph the Red-Nosed Reindeer,Drama,1964
83,386,4,Princess Caraboo,Drama,1994
83,213,3,Dinner Rush,Drama,2001
83,419,3,George Lopez: Why You Crying?,Drama,2005
83,74,3,6ixtynin9,Drama,1999
83,212,1,Querelle,Drama,1982
83,167,5,The Chorus,Drama,2004
83,4,3,Paula Abdul's Get Up & Dance,Drama,1994
83,499,2,Under Suspicion,Drama,2000
83,463,4,The Twilight Zone: Vol. 12,Drama,1962
84,479,2,George Carlin: What Am I Doing in New Jersey?,Drama,1988
84,381,3,Out for Justice,Drama,1991
84,349,4,The Swarm,Action,1978
84,223,3,Chappelle's Show: Season 1,Drama,2003
84,376,4,Genesis: The Way We Walk: Live in Concert,Drama,2001
84,379,5,Crash Dive,Drama,1996
84,331,2,Chasing Amy,Drama,1997
84,233,4,Chato's Land,Drama,1971
84,213,4,Dinner Rush,Drama,2001
84,283,5,If These Walls Could Talk,Drama,1996
84,503,2,Max and Ruby: Springtime for Max and Ruby,Drama,2005
84,239,5,Winnie the Pooh: Springtime with Roo,Drama,2004
84,373,4,Third World Cop,Documentary,2000
84,450,3,Isaac Stern: Life's Virtuoso,Drama,2000
84,499,3,Under Suspicion,Drama,2000
84,29,5,Boycott,Drama,2001
84,43,5,Silent Service,Drama,2000
84,225,3,The Cookout,Drama,2004
84,272,5,Female Yakuza Tale,Drama,1973
84,41,5,Horror Vision,Horror,2000
84,228,3,Butch and Sundance: The Early Days,Drama,1979
84,31,4,Classic Albums: Meat Loaf: Bat Out of Hell,Drama,1999
84,67,5,Vampire Journals,Drama,1997
84,85,3,Elfen Lied,Drama,2005
84,342,3,Noir,Drama,2001
84,346,3,Up and Down,Drama,2005
84,110,3,Scandal,Drama,1989
84,145,4,Get Out Your Handkerchiefs,Drama,1978
84,198,5,Gupt,Drama,1997
84,354,4,Sadomania,Drama,1981
84,88,5,Record of Lodoss War: Chronicles of the Heroic Knight,Action,1998
84,441,4,Dark Shadows: Vol. 9,Horror,1968
84,143,5,The Game,Drama,1997
84,132,3,Lucio Fulci: The Beyond,Drama,1981
84,370,1,Chaplin,Drama,1918
84,76,4,I Love Lucy: Season 2,Drama,1952
84,421,4,Agatha Christie's Poirot: Sad Cypress,Drama,2003
84,42,5,Searching for Paradise,Drama,2002
84,45,5,The Love Letter,Drama,1999
84,490,2,The Passion of Ayn Rand,Romance,1999
84,326,3,The Plainsman,Drama,1937
84,347,4,Iceman Cometh,Drama,1989
84,291,2,Chained Heat 3: Hell Mountain,Drama,2000
84,474,3,Legend of 1900,Fantasy,1998
84,116,5,Bear Cub,Drama,2004
84,230,5,Unsolved Mysteries: Psychics,Drama,1987
84,295,4,Ace Ventura: When Nature Calls,Documentary,1995
84,482,5,Frida,Drama,2002
84,277,4,Enigma: MCMXC A.D,Drama,2003
84,235,5,Unhook the Stars,Sci-Fi,1996
84,422,2,The Unsinkable Molly Brown,Drama,1964
84,11,3,Full Frame: Documentary Shorts,Documentary,1999
84,425,5,The 10th Kingdom,Fantasy,2000
84,270,3,Sex and the City: Season 4,Drama,2001
84,311,5,Ed Wood,Drama,1994
84,305,3,Jack,Drama,1996
84,462,4,Classic Cartoon Favorites: Starring Donald,Animation,2005
84,166,3,Fame,Drama,1980
84,327,4,Storefront Hitchcock,Drama,1997
84,484,4,Danielle Steel's Jewels,Drama,1992
84,134,3,Spirit Lost,Drama,1996
84,53,4,The Bonesetter,Drama,2003
84,274,2,Crazy as Hell,Comedy,2002
84,385,5,The Santa Clause 2,Drama,2002
84,138,4,Star Trek: Voyager: Season 1,Sci-Fi,1995
85,186,5,Panic in the Streets,Drama,1950
85,132,4,Lucio Fulci: The Beyond,Drama,1981
85,405,2,Wings of Desire,Drama,1987
85,19,4,By Dawn's Early Light,Drama,2000
85,194,2,Arliss: The Best of Arliss,Drama,1996
85,99,4,A Fishy Story,Drama,1989
85,120,4,Plain Dirty,Drama,2004
85,247,2,Oleanna,Drama,1994
85,301,4,Hard Ground,Drama,2003
85,47,4,The Bad and the Beautiful,Drama,1952
85,23,3,Clifford: Clifford Saves the Day! / Clifford's Fluffiest Friend Cleo,Drama,2001
85,68,4,Invader Zim,Drama,2004
85,133,3,Viva La Bam: Season 1,Drama,2003
85,406,5,Hostage,Drama,2005
85,291,3,Chained Heat 3: Hell Mountain,Drama,2000
85,299,5,Bridget Jones's Diary,Drama,2001
85,74,2,6ixtynin9,Drama,1999
85,129,2,Darkwolf,Horror,2003
85,425,3,The 10th Kingdom,Fantasy,2000
85,65,4,Lost in the Pershing Point Hotel,Drama,2000
85,128,3,Mr. Vampire,Drama,1985
85,112,4,The Eye of Vichy,Drama,1993
85,205,2,Troy: Bonus Material,Drama,2004
85,311,3,Ed Wood,Drama,1994
85,472,5,Mr. Jealousy,Drama,1998
85,104,4,The Great Race,Drama,1965
85,417,4,Transformers: Season 3: Part 1,Drama,1986
85,398,3,In the Realm of the Senses,Documentary,1976
85,121,4,Beyonce: Live at Wembley,Drama,2003
85,10,3,Fighter,Action,2001
85,223,1,Chappelle's Show: Season 1,Drama,2003
85,453,5,Simple Men,Drama,1992
85,83,4,Silkwood,Drama,1983
85,323,3,Modern Vampires,Drama,1999
85,91,4,WWE: Royal Rumble 2005,Drama,2005
85,185,3,Missing in Action 2: The Beginning / Missing in Action 3: Braddock,Action,1985
85,37,5,Zatoichi's Conspiracy,Drama,1973
85,11,4,Full Frame: Documentary Shorts,Documentary,1999
85,180,2,Scratch,Drama,2002
85,351,2,Guns of the Magnificent Seven,Drama,1969
85,222,4,Yellow,Drama,1998
85,257,4,Charlotte's Web,Drama,1973
85,243,4,Pressure Point,Drama,1962
85,145,3,Get Out Your Handkerchiefs,Drama,1978
85,407,3,The Abductors,Drama,1972
85,54,4,We're Not Married,Drama,1952
85,277,4,Enigma: MCMXC A.D,Drama,2003
85,343,5,French and Saunders: Live,Drama,2000
85,246,4,The Boston Strangler,Drama,1968
85,270,2,Sex and the City: Season 4,Drama,2001
85,294,4,Oasis,Drama,2002
85,300,3,Option Zero,Drama,1997
85,221,2,Voyage to the Planets and Beyond,Sci-Fi,2005
85,374,1,The Little Girl Who Lives Down the Lane,Drama,1976
85,87,5,Louder Than Bombs,Drama,2002
85,124,3,Cold Blooded,Drama,2000
85,498,3,Glory: Bonus Material,Drama,1989
85,460,4,Pink Narcissus,Drama,1971
85,252,4,Stuart Little 2,Drama,2002
85,248,1,Michael Moore's The Awful Truth: Season 2,Drama,2001
85,204,3,Venus Boyz,Drama,2002
86,470,5,Beneath Loch Ness,Drama,2001
86,311,1,Ed Wood,Drama,1994
86,214,5,Read-Along: Beauty and the Beast,Drama,2002
86,486,3,Journey to the Center of the Earth,Drama,1959
86,493,3,The Giallo Collection: Who Saw Her Die?,Drama,1972
86,154,4,Demon Warrior Koji,Action,2000
86,44,3,Spitfire Grill,Drama,1996
86,221,3,Voyage to the Planets and Beyond,Sci-Fi,2005
86,452,2,Scorched,Drama,2002
86,450,4,Isaac Stern: Life's Virtuoso,Drama,2000
86,271,4,Saludos Amigos,Drama,1943
86,42,3,Searching for Paradise,Drama,2002
86,87,3,Louder Than Bombs,Drama,2002
86,126,5,Vampire Effect (aka Twins Effect),Drama,2003
86,354,4,Sadomania,Drama,1981
86,139,2,Allergies: A Natural Approach,Drama,2001
86,114,5,Dominion Tank Police Part 1 & 2,Drama,1989
86,244,4,Stellvia,Drama,2004
86,192,4,The SoulTaker,Drama,2003
86,399,3,Fangs,Drama,2001
86,10,5,Fighter,Action,2001
86,188,4,Dead Birds,Drama,2005
86,361,2,The Phantom of the Opera: Special Edition,Drama,2004
86,149,4,The Edward R. Murrow Collection,Action,2005
86,342,5,Noir,Drama,2001
86,476,4,VeggieTales Classics: Where's God When I'm Scared?,Drama,2004
86,352,1,Pick a Card,Drama,1997
86,201,4,Home Movie,Drama,2001
86,495,3,Mission Kashmir,Action,2000
86,285,1,The Devil's Own,Horror,1997
86,351,4,Guns of the Magnificent Seven,Drama,1969
86,499,4,Under Suspicion,Drama,2000
86,469,3,First Night of My Life: 2000 Seen By...,Drama,1998
86,481,2,Building the Great Pyramid,Drama,2002
86,454,5,Xena: Warrior Princess: Season 3,Action,1995
86,479,4,George Carlin: What Am I Doing in New Jersey?,Drama,1988
86,53,4,The Bonesetter,Drama,2003
86,132,5,Lucio Fulci: The Beyond,Drama,1981
86,314,5,Saturday Night Live: The Best of Jon Lovitz,Horror,1985
86,198,4,Gupt,Drama,1997
86,48,2,Justice League,Drama,2001
86,183,3,IFilm: Deranged,Drama,2005
86,83,3,Silkwood,Drama,1983
86,178,5,Regular Guys,Drama,1996
86,37,4,Zatoichi's Conspiracy,Drama,1973
86,445,3,Michael Collins,Drama,1996
86,59,3,Sex and the Beauties,Drama,2003
86,47,5,The Bad and the Beautiful,Drama,1952
86,403,4,Substitute 4: Failure is Not an Option,Drama,2000
86,293,5,Lennon Legend: The Very Best of John Lennon,Fantasy,2003
86,172,2,Jack,Drama,2003
86,85,3,Elfen Lied,Drama,2005
86,168,3,Smokey and the Bandit Part 3,Drama,1983
86,187,5,Death to Smoochy,Horror,2002
86,31,3,Classic Albums: Meat Loaf: Bat Out of Hell,Drama,1999
86,500,3,Mail Call: The Best of Season 1,Drama,2002
86,3,1,Character,Drama,1997
86,335,5,Fear No Evil,Horror,1981
86,333,5,Mail Call: The Best of Season 2,Drama,2003
86,73,1,Davy Crockett: 50th Anniversary Double Feature,Drama,1954
86,426,4,Recess: School's Out,Drama,2001
86,67,5,Vampire Journals,Drama,1997
86,128,4,Mr. Vampire,Drama,1985
86,195,3,Chasing Freedom,Drama,2004
86,313,2,Pay It Forward,Action,2000
86,428,5,Barney: Barney's Colorful World: Live,Documentary,2004
86,506,4,Blank Generation / Dancin' Barefoot,Drama,1976
86,497,4,Broadway's Lost Treasures,Drama,2003
86,79,5,The Killing,Thriller,1956
86,427,5,Graveyard Shift,Drama,1990
86,306,3,Sesame Street: Sing Yourself Silly!,Comedy,2005
86,472,3,Mr. Jealousy,Drama,1998
86,487,3,Doctor Who: Lost in Time: The Patrick Troughton Years,Drama,1968
87,93,4,They Came Back,Drama,2004
87,267,2,Touched by an Angel: Season 1,Drama,1994
87,312,3,High Fidelity,Drama,2000
87,160,2,Gormenghast,Drama,2000
87,220,4,Winston Churchill: The Wilderness Years,Drama,1983
87,126,4,Vampire Effect (aka Twins Effect),Drama,2003
87,430,4,Chobits,Drama,2002
87,456,5,Emma (Miniseries),Drama,1996
87,121,5,Beyonce: Live at Wembley,Drama,2003
87,414,5,Girl,Drama,1999
87,340,3,Midnight: 2000 Seen By...,Horror,1998
87,257,5,Charlotte's Web,Drama,1973
87,505,3,A Thousand Acres,Drama,1997
87,204,4,Venus Boyz,Drama,2002
87,108,4,Spartan,Drama,2004
87,293,4,Lennon Legend: The Very Best of John Lennon,Fantasy,2003
87,30,1,Something's Gotta Give,Drama,2003
87,10,4,Fighter,Action,2001
87,14,4,Nature: Antarctica,Documentary,1982
87,230,1,Unsolved Mysteries: Psychics,Drama,1987
87,47,1,The Bad and the Beautiful,Drama,1952
87,490,3,The Passion of Ayn Rand,Romance,1999
87,166,3,Fame,Drama,1980
87,412,4,Jay Jay the Jet Plane: Adventures in Learning,Animation,1999
87,229,3,Peter Gabriel: Growing Up Live,Drama,2003
87,226,5,Henry: Portrait of a Serial Killer 2,Thriller,1996
87,308,3,The Legend of the 7 Golden Vampires/7 Brothers of Dracula,Fantasy,1974
87,24,3,My Bloody Valentine,Romance,1981
87,26,5,Never Die Alone,Drama,2004
87,398,1,In the Realm of the Senses,Documentary,1976
87,98,5,The Battle of Algiers: Bonus Material,Action,1965
87,167,2,The Chorus,Drama,2004
87,359,5,Absolutely Fabulous: Series 5,Drama,2003
87,75,5,Grind,Drama,1997
87,21,5,Strange Relations,Drama,2002
87,436,3,Girls Just Want to Have Fun,Comedy,1985
87,241,4,North by Northwest,Drama,1959
87,388,2,Body Chemistry,Drama,1990
87,253,3,A Night at the Opera,Horror,1935
87,178,3,Regular Guys,Drama,1996
87,159,5,Gentlemen of Fortune,Drama,1971
87,345,4,Star Trek: Voyager: Season 5,Sci-Fi,1998
87,89,3,Chain of Command,Drama,2000
87,364,3,Billy Blanks: Tae Bo: Contact 2,Drama,2004
87,279,3,Micki and Maude,Drama,1984
87,437,3,Beyblade: Fierce Battle,Action,2005
87,83,4,Silkwood,Drama,1983
87,495,5,Mission Kashmir,Action,2000
87,476,4,VeggieTales Classics: Where's God When I'm Scared?,Drama,2004
88,26,2,Never Die Alone,Drama,2004
88,420,3,Saturday Night Live: The Best of Dana Carvey,Horror,1999
88,349,3,The Swarm,Action,1978
88,316,3,Futurama: Monster Robot Maniac Fun Collection,Comedy,1999
88,25,5,Inspector Morse 31: Death Is Now My Neighbour,Horror,1997
88,200,3,The Fall of the Roman Empire,Drama,1964
88,482,5,Frida,Drama,2002
88,225,2,The Cookout,Drama,2004
88,232,4,Gross Anatomy,Drama,1989
88,347,4,Iceman Cometh,Drama,1989
88,110,4,Scandal,Drama,1989
88,411,2,Vendetta,Drama,1999
88,407,2,The Abductors,Drama,1972
88,125,4,Nighthawks,Horror,1981
88,267,3,Touched by an Angel: Season 1,Drama,1994
88,464,4,The Return of Ruben Blades,Drama,1987
88,245,5,Road Dogz,Drama,2002
88,188,3,Dead Birds,Drama,2005
88,22,3,Chump Change,Drama,2000
88,176,1,The History Channel Presents: Troy: Unearthing the Legend,Drama,2004
88,474,4,Legend of 1900,Fantasy,1998
88,327,5,Storefront Hitchcock,Drama,1997
88,386,2,Princess Caraboo,Drama,1994
88,318,5,Beyond Suspicion,Drama,1994
88,252,5,Stuart Little 2,Drama,2002
88,56,4,Carandiru,Drama,2004
88,68,3,Invader Zim,Drama,2004
88,262,3,Herbie Rides Again,Drama,1974
88,203,4,Sports Illustrated Swimsuit Edition: 1997,Drama,1997
88,89,4,Chain of Command,Drama,2000
88,501,3,Three Days of the Condor,Drama,1975
88,173,4,The Devil's Brigade,Horror,1968
88,166,3,Fame,Drama,1980
88,228,3,Butch and Sundance: The Early Days,Drama,1979
88,334,3,The Pacifier,Drama,2005
88,390,5,The Fan,Drama,1981
88,205,2,Troy: Bonus Material,Drama,2004
88,311,4,Ed Wood,Drama,1994
88,21,4,Strange Relations,Drama,2002
88,248,1,Michael Moore's The Awful Truth: Season 2,Drama,2001
88,381,5,Out for Justice,Drama,1991
88,418,5,The Deal,Drama,2004
88,61,3,Ricky Martin: One Night Only,Horror,1999
88,433,4,Untamed Heart,Drama,1993
88,99,4,A Fishy Story,Drama,1989
88,73,5,Davy Crockett: 50th Anniversary Double Feature,Drama,1954
88,218,4,Triumph: Live at the US Festival,Drama,1983
88,106,4,Stevie Ray Vaughan and Double Trouble: Live at Montreux 1982 & 1985,Drama,2004
88,502,5,Mitch Hedberg: Mitch All Together,Drama,2003
88,277,5,Enigma: MCMXC A.D,Drama,2003
88,174,5,Adam-12: Season 1,Drama,1968
88,436,3,Girls Just Want to Have Fun,Comedy,1985
88,41,4,Horror Vision,Horror,2000
88,253,3,A Night at the Opera,Horror,1935
88,452,5,Scorched,Drama,2002
88,374,4,The Little Girl Who Lives Down the Lane,Drama,1976
88,362,5,The Flintstones in Viva Rock Vegas,Drama,2000
89,278,5,100 Days Before the Command,Drama,1990
89,132,3,Lucio Fulci: The Beyond,Drama,1981
89,208,3,The Three Stooges: Sing a Song of Six Pants,Drama,1947
89,339,4,Rolling Stones: Rock and Roll Circus,Drama,1968
89,291,4,Chained Heat 3: Hell Mountain,Drama,2000
89,180,3,Scratch,Drama,2002
89,501,3,Three Days of the Condor,Drama,1975
89,295,1,Ace Ventura: When Nature Calls,Documentary,1995
89,96,3,Inside the Space Station,Sci-Fi,2000
89,272,1,Female Yakuza Tale,Drama,1973
89,61,3,Ricky Martin: One Night Only,Horror,1999
89,321,3,Ju-Rei: The Uncanny,Drama,2004
89,307,3,Godsmack: Smack This!,Drama,2002
89,19,4,By Dawn's Early Light,Drama,2000
89,219,3,Neon Bible,Drama,1995
89,263,4,Dragon Ball: Tournament Saga,Fantasy,2001
89,122,1,Cube 2: Hypercube,Drama,2002
89,168,4,Smokey and the Bandit Part 3,Drama,1983
89,193,5,Marilyn Manson: Fear of a Satanic Planet,Horror,2005
89,447,3,The Making of Fanny and Alexander,Drama,1986
89,163,5,MTV: Making the Band 2: Best of Season 1,Drama,2002
89,255,4,The Hunchback of Notre Dame II,Drama,2001
89,419,3,George Lopez: Why You Crying?,Drama,2005
89,322,5,Flesh Gordon,Drama,1974
89,487,4,Doctor Who: Lost in Time: The Patrick Troughton Years,Drama,1968
89,215,2,That '70s Show: Season 1,Drama,1998
89,256,4,Ghost Dog: The Way of the Samurai,Horror,2000
89,176,5,The History Channel Presents: Troy: Unearthing the Legend,Drama,2004
89,308,2,The Legend of the 7 Golden Vampires/7 Brothers of Dracula,Fantasy,1974
89,33,3,Aqua Teen Hunger Force: Vol. 1,Action,2000
89,66,3,Barbarian Queen 2,Drama,1989
89,323,2,Modern Vampires,Drama,1999
89,247,3,Oleanna,Drama,1994
89,393,3,The Replacement Killers,Thriller,1998
89,154,4,Demon Warrior Koji,Action,2000
89,3,4,Character,Drama,1997
89,144,4,Deepak Chopra: The Way of the Wizard & Alchemy,Fantasy,2000
89,280,4,Sarah Brightman: In Concert,Drama,1998
89,356,5,Look at Me,Drama,2005
89,445,5,Michael Collins,Drama,1996
89,182,4,Moby: Play,Drama,2001
90,261,3,The Big Clock,Drama,1948
90,86,2,Iron Monkey 2,Drama,1996
90,195,3,Chasing Freedom,Drama,2004
90,160,4,Gormenghast,Drama,2000
90,361,1,The Phantom of the Opera: Special Edition,Drama,2004
90,27,3,Sesame Street: Elmo's World: The Street We Live On,Documentary,1962
90,322,3,Flesh Gordon,Drama,1974
90,312,3,High Fidelity,Drama,2000
90,143,4,The Game,Drama,1997
90,371,3,The Trouble with Angels,Drama,1966
90,382,2,Buried in the Sand: The Deception of America,Drama,2004
90,499,4,Under Suspicion,Drama,2000
90,276,2,Cold Harvest,Drama,1998
90,208,3,The Three Stooges: Sing a Song of Six Pants,Drama,1947
90,178,3,Regular Guys,Drama,1996
90,76,4,I Love Lucy: Season 2,Drama,1952
90,301,2,Hard Ground,Drama,2003
90,69,3,WWE: Armageddon 2003,Drama,2003
90,314,4,Saturday Night Live: The Best of Jon Lovitz,Horror,1985
90,54,4,We're Not Married,Drama,1952
90,262,5,Herbie Rides Again,Drama,1974
90,135,4,GTO: Great Teacher Onizuka: Set 2,Drama,1998
90,288,4,Saturday Night Live: The Best of Chris Kattan,Horror,2004
90,367,1,Spun,Drama,2003
90,237,4,Broken Blossoms,Drama,1918
90,229,5,Peter Gabriel: Growing Up Live,Drama,2003
90,61,3,Ricky Martin: One Night Only,Horror,1999
90,483,5,Rush Hour 2,Drama,2001
90,130,5,Drowning on Dry Land,Drama,1999
90,448,3,Oswald: Welcome to the Big City!,Drama,2001
90,406,3,Hostage,Drama,2005
90,242,2,Neon Genesis Evangelion: The End of Evangelion,Drama,1995
90,326,5,The Plainsman,Drama,1937
90,91,3,WWE: Royal Rumble 2005,Drama,2005
90,206,3,Unconstitutional: The War on Our Civil Liberties,Action,2004
90,212,3,Querelle,Drama,1982
90,457,2,Kill Bill: Vol. 2,Thriller,2004
90,465,4,Coolie No.1,Drama,1995
90,98,3,The Battle of Algiers: Bonus Material,Action,1965
90,138,5,Star Trek: Voyager: Season 1,Sci-Fi,1995
91,504,5,The Twilight Zone: Vol. 27,Drama,1964
91,16,2,Screamers,Drama,1996
91,490,4,The Passion of Ayn Rand,Romance,1999
91,275,3,Evelyn,Drama,2002
91,12,3,My Favorite Brunette,Drama,1947
91,332,3,They Crawl,Drama,2002
91,185,4,Missing in Action 2: The Beginning / Missing in Action 3: Braddock,Action,1985
91,59,1,Sex and the Beauties,Drama,2003
91,496,4,Primus: Hallucino-Genetics Live 2004,Drama,2004
91,82,4,The Frogmen,Drama,1951
91,235,4,Unhook the Stars,Sci-Fi,1996
91,189,3,Airplane II: The Sequel,Drama,1982
91,10,5,Fighter,Action,2001
91,132,4,Lucio Fulci: The Beyond,Drama,1981
91,389,3,Steal,Drama,2002
91,344,2,The Taming of the Shrew,Drama,1967
91,43,2,Silent Service,Drama,2000
91,86,4,Iron Monkey 2,Drama,1996
91,446,4,The Underneath,Drama,1995
91,393,4,The Replacement Killers,Thriller,1998
91,191,3,X2: X-Men United,Drama,2003
91,424,3,Happiness,Drama,1998
91,115,4,Lord Peter Wimsey: Murder Must Advertise,Thriller,1973
91,245,3,Road Dogz,Drama,2002
91,73,3,Davy Crockett: 50th Anniversary Double Feature,Drama,1954
91,101,4,Complete Shamanic Princess,Drama,1997
91,158,4,A Killer Within,Thriller,2004
91,450,3,Isaac Stern: Life's Virtuoso,Drama,2000
91,262,2,Herbie Rides Again,Drama,1974
91,313,4,Pay It Forward,Action,2000
91,71,4,Maya Lin: A Strong Clear Vision,Drama,1995
91,240,3,Woman of the Year,Drama,1942
91,312,1,High Fidelity,Drama,2000
91,206,4,Unconstitutional: The War on Our Civil Liberties,Action,2004
91,17,5,7 Seconds,Drama,2005
91,489,5,Return to Paradise,Drama,1998
91,434,1,Extreme Engineering: Tokyo's Sky City,Drama,2004
91,322,3,Flesh Gordon,Drama,1974
91,216,3,Impostor,Drama,2000
91,340,3,Midnight: 2000 Seen By...,Horror,1998
91,397,2,A Night in Casablanca,Horror,1946
91,318,2,Beyond Suspicion,Drama,1994
91,136,5,Cat and the Canary,Drama,1927
91,28,4,Lilo and Stitch,Drama,2002
91,131,3,Arachnid,Drama,2002
91,477,5,George Carlin: Personal Favorites,Drama,1990
91,25,3,Inspector Morse 31: Death Is Now My Neighbour,Horror,1997
91,234,3,Animation Legend: Winsor McCay,Animation,1921
91,415,3,Reign in Darkness,Horror,2002
91,442,2,Mississippi Burning,Drama,1988
91,405,3,Wings of Desire,Drama,1987
91,176,5,The History Channel Presents: Troy: Unearthing the Legend,Drama,2004
91,308,5,The Legend of the 7 Golden Vampires/7 Brothers of Dracula,Fantasy,1974
91,162,4,John Cleese on How to Irritate People,Drama,1968
92,307,3,Godsmack: Smack This!,Drama,2002
92,333,2,Mail Call: The Best of Season 2,Drama,2003
92,298,3,Crunch: Pick Your Spot Pilates,Drama,2002
92,442,4,Mississippi Burning,Drama,1988
92,370,2,Chaplin,Drama,1918
92,143,3,The Game,Drama,1997
92,304,1,King of the Hill: Season 1,Drama,1997
92,257,3,Charlotte's Web,Drama,1973
92,412,2,Jay Jay the Jet Plane: Adventures in Learning,Animation,1999
92,450,3,Isaac Stern: Life's Virtuoso,Drama,2000
92,254,3,Westender,Drama,2003
92,359,5,Absolutely Fabulous: Series 5,Drama,2003
92,500,3,Mail Call: The Best of Season 1,Drama,2002
92,28,5,Lilo and Stitch,Drama,2002
92,420,4,Saturday Night Live: The Best of Dana Carvey,Horror,1999
92,162,2,John Cleese on How to Irritate People,Drama,1968
92,278,4,100 Days Before the Command,Drama,1990
92,386,5,Princess Caraboo,Drama,1994
92,453,2,Simple Men,Drama,1992
92,238,5,Led Zeppelin: The Song Remains the Same,Drama,1976
92,7,4,8 Man,Drama,1992
92,60,2,The Libertine,Drama,1969
92,61,3,Ricky Martin: One Night Only,Horror,1999
92,205,3,Troy: Bonus Material,Drama,2004
92,64,5,Outside the Law,Drama,2001
92,249,2,The Hunters,Drama,1958
92,444,5,The Inner Tour,Drama,2001
92,33,5,Aqua Teen Hunger Force: Vol. 1,Action,2000
92,135,5,GTO: Great Teacher Onizuka: Set 2,Drama,1998
92,62,4,Ken Burns' America: Empire of the Air,Drama,1991
92,151,5,Sleepover Nightmare,Horror,2005
92,365,3,R.E.M.: Tourfilm,Drama,1989
92,18,5,Immortal Beloved,Drama,1994
92,306,4,Sesame Street: Sing Yourself Silly!,Comedy,2005
92,358,5,The Onion Field,Drama,1979
92,260,4,Marat / Sade,Drama,1967
92,77,2,Congo,Drama,1995
92,380,5,Live Wire,Drama,1992
92,209,4,Star Trek: Deep Space Nine: Season 5,Sci-Fi,1996
92,357,3,House of Sand and Fog,Drama,2003
92,101,3,Complete Shamanic Princess,Drama,1997
92,463,2,The Twilight Zone: Vol. 12,Drama,1962
92,454,2,Xena: Warrior Princess: Season 3,Action,1995
92,47,3,The Bad and the Beautiful,Drama,1952
92,392,4,Danielle Steel's Heartbeat,Drama,1993
92,432,3,Les Miserables in Concert,Drama,1996
92,44,1,Spitfire Grill,Drama,1996
92,355,2,Sinful Nuns of St. Valentine,Romance,1973
92,67,5,Vampire Journals,Drama,1997
92,183,3,IFilm: Deranged,Drama,2005
92,458,1,Blast,Drama,2001
92,318,3,Beyond Suspicion,Drama,1994
92,377,4,Dick Francis: The Racing Game,Drama,1979
92,246,5,The Boston Strangler,Drama,1968
92,73,3,Davy Crockett: 50th Anniversary Double Feature,Drama,1954
92,89,4,Chain of Command,Drama,2000
92,328,3,Deftones: Live in Hawaii,Drama,2002
92,270,3,Sex and the City: Season 4,Drama,2001
92,193,5,Marilyn Manson: Fear of a Satanic Planet,Horror,2005
92,86,2,Iron Monkey 2,Drama,1996
93,43,5,Silent Service,Drama,2000
93,5,3,The Rise and Fall of ECW,Drama,2004
93,363,4,Stark Raving Mad,Sci-Fi,2002
93,41,4,Horror Vision,Horror,2000
93,289,2,The Avengers,Drama,1998
93,314,3,Saturday Night Live: The Best of Jon Lovitz,Horror,1985
93,355,4,Sinful Nuns of St. Valentine,Romance,1973
93,303,3,Les Liaisons Dangereuses,Drama,1959
93,449,5,Jimmy Buffett: MiniMatinee #1,Drama,2003
93,131,4,Arachnid,Drama,2002
93,467,2,Topper Returns,Drama,1941
93,445,3,Michael Collins,Drama,1996
93,490,2,The Passion of Ayn Rand,Romance,1999
93,313,3,Pay It Forward,Action,2000
93,495,4,Mission Kashmir,Action,2000
93,167,3,The Chorus,Drama,2004
93,336,3,The Driver,Drama,1978
93,456,4,Emma (Miniseries),Drama,1996
93,76,4,I Love Lucy: Season 2,Drama,1952
93,400,2,Rio Lobo,Drama,1970
93,153,2,MTV Yoga,Drama,2002
93,113,2,Bruce Lee: A Warrior's Journey,Action,2000
93,250,3,Cast a Giant Shadow,Drama,1966
93,395,3,Captain Blood,Drama,1935
93,192,3,The SoulTaker,Drama,2003
93,71,4,Maya Lin: A Strong Clear Vision,Drama,1995
93,65,2,Lost in the Pershing Point Hotel,Drama,2000
93,7,3,8 Man,Drama,1992
93,362,2,The Flintstones in Viva Rock Vegas,Drama,2000
93,358,2,The Onion Field,Drama,1979
93,231,3,Marooned in Iraq,Drama,2002
93,70,2,Tai Chi: The 24 Forms,Drama,1999
93,274,2,Crazy as Hell,Comedy,2002
93,410,3,Frank Lloyd Wright,Drama,1998
93,418,4,The Deal,Drama,2004
93,460,2,Pink Narcissus,Drama,1971
93,242,5,Neon Genesis Evangelion: The End of Evangelion,Drama,1995
93,146,2,Cannibal Women in the Avocado Jungle of Death,Horror,1988
93,462,3,Classic Cartoon Favorites: Starring Donald,Animation,2005
93,254,5,Westender,Drama,2003
93,390,4,The Fan,Drama,1981
93,63,3,Crash Dive,Drama,1943
93,323,4,Modern Vampires,Drama,1999
93,446,2,The Underneath,Drama,1995
93,411,5,Vendetta,Drama,1999
93,89,2,Chain of Command,Drama,2000
93,182,4,Moby: Play,Drama,2001
93,367,5,Spun,Drama,2003
93,40,4,Pitcher and the Pin-Up,Drama,2004
93,493,3,The Giallo Collection: Who Saw Her Die?,Drama,1972
93,357,5,House of Sand and Fog,Drama,2003
93,66,4,Barbarian Queen 2,Drama,1989
94,450,3,Isaac Stern: Life's Virtuoso,Drama,2000
94,504,5,The Twilight Zone: Vol. 27,Drama,1964
94,444,4,The Inner Tour,Drama,2001
94,241,3,North by Northwest,Drama,1959
94,339,4,Rolling Stones: Rock and Roll Circus,Drama,1968
94,380,3,Live Wire,Drama,1992
94,155,1,The Strongest Man in the World,Documentary,1975
94,203,4,Sports Illustrated Swimsuit Edition: 1997,Drama,1997
94,200,3,The Fall of the Roman Empire,Drama,1964
94,327,4,Storefront Hitchcock,Drama,1997
94,407,4,The Abductors,Drama,1972
94,471,4,City Lights,Drama,1931
94,197,1,Taking Lives,Drama,2004
94,192,4,The SoulTaker,Drama,2003
94,21,4,Strange Relations,Drama,2002
94,346,2,Up and Down,Drama,2005
94,83,2,Silkwood,Drama,1983
94,170,2,Tomorrow,Drama,1972
94,173,4,The Devil's Brigade,Horror,1968
94,172,1,Jack,Drama,2003
94,405,4,Wings of Desire,Drama,1987
94,379,4,Crash Dive,Drama,1996
94,26,3,Never Die Alone,Drama,2004
94,14,2,Nature: Antarctica,Documentary,1982
94,404,3,The Shaft,Drama,2001
94,204,4,Venus Boyz,Drama,2002
94,13,5,Lord of the Rings: The Return of the King: Extended Edition: Bonus Material,Drama,2003
94,502,2,Mitch Hedberg: Mitch All Together,Drama,2003
94,273,5,Taxi,Drama,2004
94,238,4,Led Zeppelin: The Song Remains the Same,Drama,1976
94,320,3,Eat Your Heart Out,Drama,1997
94,378,3,Party Monster,Drama,2003
94,181,3,The Last Shot,Drama,2004
94,50,5,A Yank in the R.A.F.,Drama,1941
94,328,4,Deftones: Live in Hawaii,Drama,2002
94,270,5,Sex and the City: Season 4,Drama,2001
94,496,4,Primus: Hallucino-Genetics Live 2004,Drama,2004
94,177,3,Pressure,Drama,2002
94,113,4,Bruce Lee: A Warrior's Journey,Action,2000
94,64,5,Outside the Law,Drama,2001
94,418,3,The Deal,Drama,2004
94,329,5,Dogma,Drama,1999
94,202,4,Ruby's Bucket of Blood,Drama,2001
94,225,2,The Cookout,Drama,2004
94,219,2,Neon Bible,Drama,1995
94,288,3,Saturday Night Live: The Best of Chris Kattan,Horror,2004
94,285,4,The Devil's Own,Horror,1997
94,209,5,Star Trek: Deep Space Nine: Season 5,Sci-Fi,1996
95,329,2,Dogma,Drama,1999
95,413,3,Igby Goes Down,Drama,2002
95,322,3,Flesh Gordon,Drama,1974
95,163,4,MTV: Making the Band 2: Best of Season 1,Drama,2002
95,188,5,Dead Birds,Drama,2005
95,335,2,Fear No Evil,Horror,1981
95,89,3,Chain of Command,Drama,2000
95,132,4,Lucio Fulci: The Beyond,Drama,1981
95,39,1,Love Reinvented,Drama,2000
95,31,5,Classic Albums: Meat Loaf: Bat Out of Hell,Drama,1999
95,145,4,Get Out Your Handkerchiefs,Drama,1978
95,158,4,A Killer Within,Thriller,2004
95,156,4,Husbands and Wives,Drama,1992
95,115,5,Lord Peter Wimsey: Murder Must Advertise,Thriller,1973
95,373,4,Third World Cop,Documentary,2000
95,130,2,Drowning on Dry Land,Drama,1999
95,424,5,Happiness,Drama,1998
95,377,5,Dick Francis: The Racing Game,Drama,1979
95,472,4,Mr. Jealousy,Drama,1998
95,296,5,In His Life: The John Lennon Story,Drama,2000
95,318,3,Beyond Suspicion,Drama,1994
95,117,1,Silk Stockings,Drama,1957
95,94,4,G3: Live in Concert,Drama,2000
95,173,4,The Devil's Brigade,Horror,1968
95,380,5,Live Wire,Drama,1992
95,406,4,Hostage,Drama,2005
95,332,3,They Crawl,Drama,2002
95,67,2,Vampire Journals,Drama,1997
95,69,5,WWE: Armageddon 2003,Drama,2003
95,143,1,The Game,Drama,1997
95,134,4,Spirit Lost,Drama,1996
95,239,1,Winnie the Pooh: Springtime with Roo,Drama,2004
95,385,3,The Santa Clause 2,Drama,2002
95,252,3,Stuart Little 2,Drama,2002
95,463,3,The Twilight Zone: Vol. 12,Drama,1962
95,293,3,Lennon Legend: The Very Best of John Lennon,Fantasy,2003
95,194,4,Arliss: The Best of Arliss,Drama,1996
95,376,3,Genesis: The Way We Walk: Live in Concert,Drama,2001
95,87,3,Louder Than Bombs,Drama,2002
95,426,3,Recess: School's Out,Drama,2001
95,118,3,Rambo: First Blood Part II,Drama,1985
95,168,5,Smokey and the Bandit Part 3,Drama,1983
95,382,3,Buried in the Sand: The Deception of America,Drama,2004
95,485,5,The Avengers '67,Drama,1967
95,416,5,Elephant,Drama,2003
95,421,4,Agatha Christie's Poirot: Sad Cypress,Drama,2003
95,446,4,The Underneath,Drama,1995
95,199,2,The Deer Hunter,Drama,1978
95,12,4,My Favorite Brunette,Drama,1947
95,260,5,Marat / Sade,Drama,1967
95,73,3,Davy Crockett: 50th Anniversary Double Feature,Drama,1954
95,58,4,Dragonheart,Drama,1996
95,25,2,Inspector Morse 31: Death Is Now My Neighbour,Horror,1997
95,51,3,Jonah: A VeggieTales Movie: Bonus Material,Drama,2002
95,269,4,Parenthood,Drama,1989
95,155,4,The Strongest Man in the World,Documentary,1975
96,462,4,Classic Cartoon Favorites: Starring Donald,Animation,2005
96,299,5,Bridget Jones's Diary,Drama,2001
96,165,4,Richard Pryor: Live on the Sunset Strip,Drama,1982
96,489,1,Return to Paradise,Drama,1998
96,335,2,Fear No Evil,Horror,1981
96,129,3,Darkwolf,Horror,2003
96,121,5,Beyonce: Live at Wembley,Drama,2003
96,444,5,The Inner Tour,Drama,2001
96,219,4,Neon Bible,Drama,1995
96,493,4,The Giallo Collection: Who Saw Her Die?,Drama,1972
96,178,2,Regular Guys,Drama,1996
96,223,3,Chappelle's Show: Season 1,Drama,2003
96,4,4,Paula Abdul's Get Up & Dance,Drama,1994
96,417,1,Transformers: Season 3: Part 1,Drama,1986
96,438,4,Bean: The Movie,Drama,1997
96,450,3,Isaac Stern: Life's Virtuoso,Drama,2000
96,31,4,Classic Albums: Meat Loaf: Bat Out of Hell,Drama,1999
96,365,3,R.E.M.: Tourfilm,Drama,1989
96,162,4,John Cleese on How to Irritate People,Drama,1968
96,177,5,Pressure,Drama,2002
96,314,4,Saturday Night Live: The Best of Jon Lovitz,Horror,1985
96,40,4,Pitcher and the Pin-Up,Drama,2004
96,371,4,The Trouble with Angels,Drama,1966
96,157,3,Laird: White Knuckle Extreme,Drama,2004
96,345,3,Star Trek: Voyager: Season 5,Sci-Fi,1998
96,280,5,Sarah Brightman: In Concert,Drama,1998
96,43,2,Silent Service,Drama,2000
96,287,4,Luther Vandross: Always and Forever: An Evening of Songs,Drama,1994
96,90,4,The Lemon Drop Kid,Drama,1951
96,168,2,Smokey and the Bandit Part 3,Drama,1983
96,13,2,Lord of the Rings: The Return of the King: Extended Edition: Bonus Material,Drama,2003
96,87,4,Louder Than Bombs,Drama,2002
96,505,4,A Thousand Acres,Drama,1997
96,101,4,Complete Shamanic Princess,Drama,1997
96,60,3,The Libertine,Drama,1969
96,20,5,Seeta Aur Geeta,Drama,1972
96,500,4,Mail Call: The Best of Season 1,Drama,2002
96,457,5,Kill Bill: Vol. 2,Thriller,2004
96,405,3,Wings of Desire,Drama,1987
96,363,5,Stark Raving Mad,Sci-Fi,2002
96,12,3,My Favorite Brunette,Drama,1947
96,298,3,Crunch: Pick Your Spot Pilates,Drama,2002
96,179,2,Bollywood Bound,Drama,2003
96,199,4,The Deer Hunter,Drama,1978
96,109,2,No Way Back,Drama,1996
96,311,3,Ed Wood,Drama,1994
96,186,2,Panic in the Streets,Drama,1950
96,242,1,Neon Genesis Evangelion: The End of Evangelion,Drama,1995
96,445,3,Michael Collins,Drama,1996
96,94,3,G3: Live in Concert,Drama,2000
96,34,4,Ashtanga Yoga: Beginner's Practice with Nicki Doane,Drama,2003
96,103,3,Sanford and Son: Season 6,Drama,1976
96,441,5,Dark Shadows: Vol. 9,Horror,1968
96,352,5,Pick a Card,Drama,1997
96,174,5,Adam-12: Season 1,Drama,1968
96,421,4,Agatha Christie's Poirot: Sad Cypress,Drama,2003
96,454,4,Xena: Warrior Princess: Season 3,Action,1995
96,83,5,Silkwood,Drama,1983
96,14,3,Nature: Antarctica,Documentary,1982
96,233,5,Chato's Land,Drama,1971
96,480,5,Flypaper,Drama,1997
96,354,4,Sadomania,Drama,1981
96,496,4,Primus: Hallucino-Genetics Live 2004,Drama,2004
96,89,5,Chain of Command,Drama,2000
96,63,3,Crash Dive,Drama,1943
96,321,3,Ju-Rei: The Uncanny,Drama,2004
96,437,4,Beyblade: Fierce Battle,Action,2005
96,372,2,Jeans,Drama,1998
96,161,3,Ninotchka,Drama,1939
96,244,2,Stellvia,Drama,2004
96,42,1,Searching for Paradise,Drama,2002
96,106,4,Stevie Ray Vaughan and Double Trouble: Live at Montreux 1982 & 1985,Drama,2004
96,73,2,Davy Crockett: 50th Anniversary Double Feature,Drama,1954
96,57,2,Richard III,Drama,1995
96,100,5,Sam the Iron Bridge,Drama,1993
96,136,4,Cat and the Canary,Drama,1927
97,388,3,Body Chemistry,Drama,1990
97,248,2,Michael Moore's The Awful Truth: Season 2,Drama,2001
97,377,3,Dick Francis: The Racing Game,Drama,1979
97,421,4,Agatha Christie's Poirot: Sad Cypress,Drama,2003
97,245,2,Road Dogz,Drama,2002
97,124,4,Cold Blooded,Drama,2000
97,35,4,Ferngully 2: The Magical Rescue,Animation,2000
97,101,4,Complete Shamanic Princess,Drama,1997
97,59,3,Sex and the Beauties,Drama,2003
97,345,3,Star Trek: Voyager: Season 5,Sci-Fi,1998
97,194,4,Arliss: The Best of Arliss,Drama,1996
97,315,4,Combat! Season 3: Operation 2,Action,1964
97,177,4,Pressure,Drama,2002
97,205,3,Troy: Bonus Material,Drama,2004
97,75,3,Grind,Drama,1997
97,162,4,John Cleese on How to Irritate People,Drama,1968
97,77,2,Congo,Drama,1995
97,297,2,The Hebrew Hammer,Drama,2003
97,483,5,Rush Hour 2,Drama,2001
97,426,4,Recess: School's Out,Drama,2001
97,406,3,Hostage,Drama,2005
97,423,3,My Favorite Martian #1,Drama,1963
97,293,2,Lennon Legend: The Very Best of John Lennon,Fantasy,2003
97,195,3,Chasing Freedom,Drama,2004
97,158,3,A Killer Within,Thriller,2004
97,310,4,Leila,Drama,2000
97,17,2,7 Seconds,Drama,2005
97,456,2,Emma (Miniseries),Drama,1996
97,33,4,Aqua Teen Hunger Force: Vol. 1,Action,2000
97,499,4,Under Suspicion,Drama,2000
97,309,5,The Day of the Locust,Drama,1975
97,243,5,Pressure Point,Drama,1962
97,192,3,The SoulTaker,Drama,2003
97,308,4,The Legend of the 7 Golden Vampires/7 Brothers of Dracula,Fantasy,1974
97,323,2,Modern Vampires,Drama,1999
97,476,1,VeggieTales Classics: Where's God When I'm Scared?,Drama,2004
97,418,2,The Deal,Drama,2004
97,60,3,The Libertine,Drama,1969
97,90,5,The Lemon Drop Kid,Drama,1951
97,96,2,Inside the Space Station,Sci-Fi,2000
97,255,4,The Hunchback of Notre Dame II,Drama,2001
97,296,3,In His Life: The John Lennon Story,Drama,2000
97,222,4,Yellow,Drama,1998
97,7,4,8 Man,Drama,1992
97,351,2,Guns of the Magnificent Seven,Drama,1969
97,393,5,The Replacement Killers,Thriller,1998
97,431,4,Millennium Actress,Drama,2002
97,276,3,Cold Harvest,Drama,1998
97,182,4,Moby: Play,Drama,2001
97,127,3,Fatal Beauty,Drama,1987
97,56,1,Carandiru,Drama,2004
97,437,4,Beyblade: Fierce Battle,Action,2005
97,206,5,Unconstitutional: The War on Our Civil Liberties,Action,2004
97,287,5,Luther Vandross: Always and Forever: An Evening of Songs,Drama,1994
97,312,4,High Fidelity,Drama,2000
97,333,4,Mail Call: The Best of Season 2,Drama,2003
97,259,3,Animal,Drama,2004
97,94,1,G3: Live in Concert,Drama,2000
98,327,2,Storefront Hitchcock,Drama,1997
98,73,5,Davy Crockett: 50th Anniversary Double Feature,Drama,1954
98,146,2,Cannibal Women in the Avocado Jungle of Death,Horror,1988
98,112,4,The Eye of Vichy,Drama,1993
98,4,4,Paula Abdul's Get Up & Dance,Drama,1994
98,169,4,Cartoon Network Halloween: 9 Creepy Cartoon Capers,Animation,2004
98,340,4,Midnight: 2000 Seen By...,Horror,1998
98,163,2,MTV: Making the Band 2: Best of Season 1,Drama,2002
98,8,5,What the #$*! Do We Know!?,Drama,2004
98,14,5,Nature: Antarctica,Documentary,1982
98,313,4,Pay It Forward,Action,2000
98,503,2,Max and Ruby: Springtime for Max and Ruby,Drama,2005
98,348,2,The Last Temptation of Christ,Drama,1988
98,261,4,The Big Clock,Drama,1948
98,84,1,The Powerpuff Girls Movie,Drama,2002
98,82,4,The Frogmen,Drama,1951
98,499,2,Under Suspicion,Drama,2000
98,198,2,Gupt,Drama,1997
98,258,2,Mann,Drama,1999
98,76,4,I Love Lucy: Season 2,Drama,1952
98,1,5,Dinosaur Planet,Sci-Fi,2003
98,457,4,Kill Bill: Vol. 2,Thriller,2004
98,189,4,Airplane II: The Sequel,Drama,1982
98,305,4,Jack,Drama,1996
98,30,4,Something's Gotta Give,Drama,2003
98,360,4,Lies,Drama,1999
98,229,1,Peter Gabriel: Growing Up Live,Drama,2003
98,370,5,Chaplin,Drama,1918
98,268,4,The Final Countdown,Drama,1980
98,202,3,Ruby's Bucket of Blood,Drama,2001
98,128,1,Mr. Vampire,Drama,1985
98,180,4,Scratch,Drama,2002
98,376,4,Genesis: The Way We Walk: Live in Concert,Drama,2001
98,448,3,Oswald: Welcome to the Big City!,Drama,2001
98,293,4,Lennon Legend: The Very Best of John Lennon,Fantasy,2003
98,196,5,Peter Tosh: Stepping Razor: Red X,Drama,1992
98,161,5,Ninotchka,Drama,1939
98,383,4,Hit Team,Drama,2001
98,456,4,Emma (Miniseries),Drama,1996
98,272,3,Female Yakuza Tale,Drama,1973
98,275,3,Evelyn,Drama,2002
98,46,3,Rudolph the Red-Nosed Reindeer,Drama,1964
98,36,5,Lady Chatterley,Drama,1992
98,498,4,Glory: Bonus Material,Drama,1989
98,149,5,The Edward R. Murrow Collection,Action,2005
98,353,2,Life or Something Like It,Drama,2002
98,320,2,Eat Your Heart Out,Drama,1997
98,396,5,Arjuna: Complete Collection,Drama,2001
98,369,5,Playing Mona Lisa,Drama,2000
98,164,4,One Last Dance,Drama,2003
98,279,1,Micki and Maude,Drama,1984
98,108,3,Spartan,Drama,2004
98,414,4,Girl,Drama,1999
98,50,2,A Yank in the R.A.F.,Drama,1941
98,178,4,Regular Guys,Drama,1996
98,469,5,First Night of My Life: 2000 Seen By...,Drama,1998
98,244,5,Stellvia,Drama,2004
98,331,4,Chasing Amy,Drama,1997
98,408,3,Nightbreed,Horror,1990
98,193,3,Marilyn Manson: Fear of a Satanic Planet,Horror,2005
98,298,4,Crunch: Pick Your Spot Pilates,Drama,2002
98,153,4,MTV Yoga,Drama,2002
98,106,4,Stevie Ray Vaughan and Double Trouble: Live at Montreux 1982 & 1985,Drama,2004
98,234,2,Animation Legend: Winsor McCay,Animation,1921
98,186,3,Panic in the Streets,Drama,1950
98,18,4,Immortal Beloved,Drama,1994
99,398,2,In the Realm of the Senses,Documentary,1976
99,389,2,Steal,Drama,2002
99,12,2,My Favorite Brunette,Drama,1947
99,132,3,Lucio Fulci: The Beyond,Drama,1981
99,347,3,Iceman Cometh,Drama,1989
99,166,4,Fame,Drama,1980
99,359,4,Absolutely Fabulous: Series 5,Drama,2003
99,253,2,A Night at the Opera,Horror,1935
99,31,3,Classic Albums: Meat Loaf: Bat Out of Hell,Drama,1999
99,11,2,Full Frame: Documentary Shorts,Documentary,1999
99,358,4,The Onion Field,Drama,1979
99,81,1,Antarctica: IMAX,Drama,1991
99,295,3,Ace Ventura: When Nature Calls,Documentary,1995
99,312,3,High Fidelity,Drama,2000
99,370,4,Chaplin,Drama,1918
99,435,3,Love Can Seriously Damage Your Health,Drama,1996
99,335,2,Fear No Evil,Horror,1981
99,260,4,Marat / Sade,Drama,1967
99,349,4,The Swarm,Action,1978
99,116,2,Bear Cub,Drama,2004
99,321,4,Ju-Rei: The Uncanny,Drama,2004
99,76,5,I Love Lucy: Season 2,Drama,1952
99,175,3,Reservoir Dogs,Drama,1992
99,138,2,Star Trek: Voyager: Season 1,Sci-Fi,1995
99,318,4,Beyond Suspicion,Drama,1994
99,317,2,Mandela and de Klerk,Drama,1997
99,19,3,By Dawn's Early Light,Drama,2000
99,293,3,Lennon Legend: The Very Best of John Lennon,Fantasy,2003
99,182,4,Moby: Play,Drama,2001
99,213,1,Dinner Rush,Drama,2001
99,153,2,MTV Yoga,Drama,2002
99,42,4,Searching for Paradise,Drama,2002
99,304,4,King of the Hill: Season 1,Drama,1997
99,316,1,Futurama: Monster Robot Maniac Fun Collection,Comedy,1999
99,148,5,Sweet November,Drama,2001
99,104,5,The Great Race,Drama,1965
99,455,3,Cardcaptor Sakura: The Movie,Drama,1999
99,8,4,What the #$*! Do We Know!?,Drama,2004
99,170,1,Tomorrow,Drama,1972
99,165,4,Richard Pryor: Live on the Sunset Strip,Drama,1982
99,471,2,City Lights,Drama,1931
99,408,3,Nightbreed,Horror,1990
99,473,3,Princess Mononoke,Drama,1997
99,405,5,Wings of Desire,Drama,1987
99,395,4,Captain Blood,Drama,1935
99,135,3,GTO: Great Teacher Onizuka: Set 2,Drama,1998
100,393,3,The Replacement Killers,Thriller,1998
100,334,3,The Pacifier,Drama,2005
100,115,5,Lord Peter Wimsey: Murder Must Advertise,Thriller,1973
100,42,5,Searching for Paradise,Drama,2002
100,17,3,7 Seconds,Drama,2005
100,233,4,Chato's Land,Drama,1971
100,371,2,The Trouble with Angels,Drama,1966
100,165,4,Richard Pryor: Live on the Sunset Strip,Drama,1982
100,199,5,The Deer Hunter,Drama,1978
100,398,3,In the Realm of the Senses,Documentary,1976
100,337,5,Star 80,Sci-Fi,1983
100,380,3,Live Wire,Drama,1992
100,1,4,Dinosaur Planet,Sci-Fi,2003
100,234,4,Animation Legend: Winsor McCay,Animation,1921
100,171,2,Funny Face,Comedy,1957
100,365,2,R.E.M.: Tourfilm,Drama,1989
100,18,4,Immortal Beloved,Drama,1994
100,436,3,Girls Just Want to Have Fun,Comedy,1985
100,230,2,Unsolved Mysteries: Psychics,Drama,1987
100,397,4,A Night in Casablanca,Horror,1946
100,201,5,Home Movie,Drama,2001
100,26,5,Never Die Alone,Drama,2004
100,319,2,Straight to Hell,Drama,1987
100,501,4,Three Days of the Condor,Drama,1975
100,188,3,Dead Birds,Drama,2005
100,490,2,The Passion of Ayn Rand,Romance,1999
100,181,4,The Last Shot,Drama,2004
100,38,3,Daydream Obsession,Drama,2003
100,183,3,IFilm: Deranged,Drama,2005
100,298,5,Crunch: Pick Your Spot Pilates,Drama,2002
100,61,5,Ricky Martin: One Night Only,Horror,1999
100,222,3,Yellow,Drama,1998
100,359,3,Absolutely Fabulous: Series 5,Drama,2003
100,185,3,Missing in Action 2: The Beginning / Missing in Action 3: Braddock,Action,1985
100,502,4,Mitch Hedberg: Mitch All Together,Drama,2003
100,333,4,Mail Call: The Best of Season 2,Drama,2003
100,358,3,The Onion Field,Drama,1979
100,135,3,GTO: Great Teacher Onizuka: Set 2,Drama,1998
100,454,2,Xena: Warrior Princess: Season 3,Action,1995
100,303,2,Les Liaisons Dangereuses,Drama,1959
100,191,2,X2: X-Men United,Drama,2003
100,179,3,Bollywood Bound,Drama,2003
100,284,4,Sasquatch Hunters,Drama,2005
100,159,3,Gentlemen of Fortune,Drama,1971
100,71,3,Maya Lin: A Strong Clear Vision,Drama,1995
100,427,4,Graveyard Shift,Drama,1990
100,227,5,The Carol Burnett Show: Show Stoppers,Drama,2001
100,237,4,Broken Blossoms,Drama,1918
100,81,4,Antarctica: IMAX,Drama,1991
100,6,3,Sick,Drama,1997
100,252,5,Stuart Little 2,Drama,2002
100,112,4,The Eye of Vichy,Drama,1993
100,83,2,Silkwood,Drama,1983
100,505,5,A Thousand Acres,Drama,1997
100,200,4,The Fall of the Roman Empire,Drama,1964
100,291,4,Chained Heat 3: Hell Mountain,Drama,2000
100,220,4,Winston Churchill: The Wilderness Years,Drama,1983
100,493,5,The Giallo Collection: Who Saw Her Die?,Drama,1972
100,170,3,Tomorrow,Drama,1972
100,33,3,Aqua Teen Hunger Force: Vol. 1,Action,2000
100,258,3,Mann,Drama,1999
100,355,2,Sinful Nuns of St. Valentine,Romance,1973
100,339,4,Rolling Stones: Rock and Roll Circus,Drama,1968
100,376,3,Genesis: The Way We Walk: Live in Concert,Drama,2001
100,336,3,The Driver,Drama,1978
100,41,3,Horror Vision,Horror,2000
100,136,3,Cat and the Canary,Drama,1927
100,462,4,Classic Cartoon Favorites: Starring Donald,Animation,2005
100,383,5,Hit Team,Drama,2001
100,379,5,Crash Dive,Drama,1996
100,411,2,Vendetta,Drama,1999
100,109,4,No Way Back,Drama,1996
100,80,5,Winter Kills,Thriller,1979
100,441,3,Dark Shadows: Vol. 9,Horror,1968
100,232,3,Gross Anatomy,Drama,1989
100,92,3,ECW: Cyberslam '99,Sci-Fi,2002
100,16,4,Screamers,Drama,1996
100,166,4,Fame,Drama,1980
100,499,5,Under Suspicion,Drama,2000
100,254,3,Westender,Drama,2003
