CustomerID,MovieID,Rating,Title,Genre,Year
1,365,4,R.E.M.: Tourfilm,Drama,1989.0
1,75,4,Grind,Drama,1997.0
1,379,5,Crash Dive,Drama,1996.0
1,157,4,Laird: White Knuckle Extreme,Drama,2004.0
1,106,4,Stevie Ray Vaughan and Double Trouble: Live at Montreux 1982 & 1985,Drama,2004.0
1,400,4,Rio Lobo,Drama,1970.0
1,382,5,Buried in the Sand: The Deception of America,Drama,2004.0
1,126,4,Vampire Effect (aka Twins Effect),Drama,2003.0
1,69,4,WWE: Armageddon 2003,Drama,2003.0
1,456,5,Emma (Miniseries),Drama,1996.0
1,10,4,Fighter,Action,2001.0
1,196,3,Peter Tosh: Stepping Razor: Red X,Drama,1992.0
1,412,4,Jay Jay the Jet Plane: Adventures in Learning,Animation,1999.0
1,86,5,Iron Monkey 2,Drama,1996.0
1,376,4,Genesis: The Way We Walk: Live in Concert,Drama,2001.0
1,393,5,The Replacement Killers,Thriller,1998.0
1,502,3,Mitch Hedberg: Mitch All Together,Drama,2003.0
1,31,2,Classic Albums: Meat Loaf: Bat Out of Hell,Drama,1999.0
1,319,3,Straight to Hell,Drama,1987.0
1,414,2,Girl,Drama,1999.0
1,497,4,Broadway's Lost Treasures,Drama,2003.0
1,498,3,Glory: Bonus Material,Drama,1989.0
1,283,5,If These Walls Could Talk,Drama,1996.0
1,360,2,Lies,Drama,1999.0
1,78,5,Jingle All the Way,Drama,1996.0
1,468,2,The Matrix: Revolutions,Drama,2003.0
1,504,2,The Twilight Zone: Vol. 27,Drama,1964.0
1,213,3,Dinner Rush,Drama,2001.0
1,103,5,Sanford and Son: Season 6,Drama,1976.0
1,337,3,Star 80,Sci-Fi,1983.0
1,482,4,Frida,Drama,2002.0
1,339,3,Rolling Stones: Rock and Roll Circus,Drama,1968.0
1,446,3,The Underneath,Drama,1995.0
1,175,3,Reservoir Dogs,Drama,1992.0
1,3,4,Character,Drama,1997.0
1,336,4,The Driver,Drama,1978.0
1,415,5,Reign in Darkness,Horror,2002.0
1,71,1,Maya Lin: A Strong Clear Vision,Drama,1995.0
1,211,5,The Agronomist,Drama,2004.0
1,64,4,Outside the Law,Drama,2001.0
1,389,3,Steal,Drama,2002.0
2,376,3,Genesis: The Way We Walk: Live in Concert,Drama,2001.0
2,413,4,Igby Goes Down,Drama,2002.0
2,310,4,Leila,Drama,2000.0
2,354,3,Sadomania,Drama,1981.0
2,16,4,Screamers,Drama,1996.0
2,98,4,The Battle of Algiers: Bonus Material,Action,1965.0
2,258,2,Mann,Drama,1999.0
2,125,3,Nighthawks,Horror,1981.0
2,162,4,John Cleese on How to Irritate People,Drama,1968.0
2,338,5,The Three Stooges: Three Smart Saps,Drama,1942.0
2,295,4,Ace Ventura: When Nature Calls,Documentary,1995.0
2,268,5,The Final Countdown,Drama,1980.0
2,27,3,Sesame Street: Elmo's World: The Street We Live On,Documentary,1962.0
2,266,4,Saudade Do Futuro,Drama,2000.0
2,124,4,Cold Blooded,Drama,2000.0
2,32,1,ABC Primetime: Mel Gibson's The Passion of the Christ,Romance,2004.0
2,60,5,The Libertine,Drama,1969.0
2,262,1,Herbie Rides Again,Drama,1974.0
2,242,5,Neon Genesis Evangelion: The End of Evangelion,Drama,1995.0
2,238,4,Led Zeppelin: The Song Remains the Same,Drama,1976.0
2,463,1,The Twilight Zone: Vol. 12,Drama,1962.0
2,141,1,Goddess of Mercy,Drama,2004.0
2,211,5,The Agronomist,Drama,2004.0
2,484,5,Danielle Steel's Jewels,Drama,1992.0
2,339,2,Rolling Stones: Rock and Roll Circus,Drama,1968.0
2,177,2,Pressure,Drama,2002.0
2,233,4,Chato's Land,Drama,1971.0
2,154,3,Demon Warrior Koji,Action,2000.0
2,136,5,Cat and the Canary,Drama,1927.0
2,442,4,Mississippi Burning,Drama,1988.0
2,445,5,Michael Collins,Drama,1996.0
2,126,5,Vampire Effect (aka Twins Effect),Drama,2003.0
2,324,4,Mother's Boys,Drama,1994.0
2,121,3,Beyonce: Live at Wembley,Drama,2003.0
2,2,3,Isle of Man TT 2004 Review,Drama,2004.0
2,246,3,The Boston Strangler,Drama,1968.0
2,292,5,Saturday Night Live: The Best of Gilda Radner,Horror,2005.0
2,417,3,Transformers: Season 3: Part 1,Drama,1986.0
2,245,4,Road Dogz,Drama,2002.0
2,71,1,Maya Lin: A Strong Clear Vision,Drama,1995.0
2,117,4,Silk Stockings,Drama,1957.0
2,250,5,Cast a Giant Shadow,Drama,1966.0
2,308,2,The Legend of the 7 Golden Vampires/7 Brothers of Dracula,Fantasy,1974.0
2,387,5,Bizet's Carmen,Drama,1984.0
2,239,4,Winnie the Pooh: Springtime with Roo,Drama,2004.0
2,11,1,Full Frame: Documentary Shorts,Documentary,1999.0
2,501,3,Three Days of the Condor,Drama,1975.0
2,430,5,Chobits,Drama,2002.0
2,309,5,The Day of the Locust,Drama,1975.0
2,273,4,Taxi,Drama,2004.0
2,159,5,Gentlemen of Fortune,Drama,1971.0
2,491,2,Torn Curtain,Drama,1966.0
2,194,3,Arliss: The Best of Arliss,Drama,1996.0
2,49,1,Devo: The Complete Truth About De-evolution,Drama,2003.0
2,300,3,Option Zero,Drama,1997.0
2,210,4,Onmyoji,Drama,2001.0
3,338,4,The Three Stooges: Three Smart Saps,Drama,1942.0
3,226,5,Henry: Portrait of a Serial Killer 2,Thriller,1996.0
3,274,2,Crazy as Hell,Comedy,2002.0
3,393,2,The Replacement Killers,Thriller,1998.0
3,161,4,Ninotchka,Drama,1939.0
3,270,4,Sex and the City: Season 4,Drama,2001.0
3,186,4,Panic in the Streets,Drama,1950.0
3,472,5,Mr. Jealousy,Drama,1998.0
3,467,4,Topper Returns,Drama,1941.0
3,433,4,Untamed Heart,Drama,1993.0
3,200,4,The Fall of the Roman Empire,Drama,1964.0
3,255,4,The Hunchback of Notre Dame II,Drama,2001.0
3,60,5,The Libertine,Drama,1969.0
3,493,5,The Giallo Collection: Who Saw Her Die?,Drama,1972.0
3,22,5,Chump Change,Drama,2000.0
3,21,3,Strange Relations,Drama,2002.0
3,58,4,Dragonheart,Drama,1996.0
3,231,3,Marooned in Iraq,Drama,2002.0
3,193,2,Marilyn Manson: Fear of a Satanic Planet,Horror,2005.0
3,229,3,Peter Gabriel: Growing Up Live,Drama,2003.0
3,379,4,Crash Dive,Drama,1996.0
3,471,4,City Lights,Drama,1931.0
3,185,4,Missing in Action 2: The Beginning / Missing in Action 3: Braddock,Action,1985.0
3,92,3,ECW: Cyberslam '99,Sci-Fi,2002.0
3,31,4,Classic Albums: Meat Loaf: Bat Out of Hell,Drama,1999.0
3,486,4,Journey to the Center of the Earth,Drama,1959.0
3,272,2,Female Yakuza Tale,Drama,1973.0
3,386,4,Princess Caraboo,Drama,1994.0
3,66,4,Barbarian Queen 2,Drama,1989.0
3,333,4,Mail Call: The Best of Season 2,Drama,2003.0
3,217,2,Cherry 2000,Drama,1988.0
3,137,5,Naked Lies,Drama,1998.0
3,28,4,Lilo and Stitch,Drama,2002.0
3,343,4,French and Saunders: Live,Drama,2000.0
3,78,3,Jingle All the Way,Drama,1996.0
3,478,4,The Beverly Hillbillies,Drama,1962.0
3,357,4,House of Sand and Fog,Drama,2003.0
3,306,5,Sesame Street: Sing Yourself Silly!,Comedy,2005.0
3,158,2,A Killer Within,Thriller,2004.0
3,259,4,Animal,Drama,2004.0
3,309,4,The Day of the Locust,Drama,1975.0
3,494,3,Monty Python's The Meaning of Life: Special Edition,Drama,1983.0
3,38,3,Daydream Obsession,Drama,2003.0
3,336,3,The Driver,Drama,1978.0
3,213,4,Dinner Rush,Drama,2001.0
3,96,1,Inside the Space Station,Sci-Fi,2000.0
3,24,5,My Bloody Valentine,Romance,1981.0
3,168,3,Smokey and the Bandit Part 3,Drama,1983.0
3,101,4,Complete Shamanic Princess,Drama,1997.0
3,50,4,A Yank in the R.A.F.,Drama,1941.0
3,243,3,Pressure Point,Drama,1962.0
3,440,3,Just 4 Kicks,Drama,2003.0
3,414,1,Girl,Drama,1999.0
3,156,4,Husbands and Wives,Drama,1992.0
3,208,5,The Three Stooges: Sing a Song of Six Pants,Drama,1947.0
3,464,1,The Return of Ruben Blades,Drama,1987.0
3,445,3,Michael Collins,Drama,1996.0
3,23,2,Clifford: Clifford Saves the Day! / Clifford's Fluffiest Friend Cleo,Drama,2001.0
3,205,3,Troy: Bonus Material,Drama,2004.0
3,204,4,Venus Boyz,Drama,2002.0
3,273,5,Taxi,Drama,2004.0
3,175,5,Reservoir Dogs,Drama,1992.0
3,6,5,Sick,Drama,1997.0
3,187,3,Death to Smoochy,Horror,2002.0
3,106,2,Stevie Ray Vaughan and Double Trouble: Live at Montreux 1982 & 1985,Drama,2004.0
3,278,3,100 Days Before the Command,Drama,1990.0
3,317,4,Mandela and de Klerk,Drama,1997.0
3,237,2,Broken Blossoms,Drama,1918.0
3,388,5,Body Chemistry,Drama,1990.0
3,316,5,Futurama: Monster Robot Maniac Fun Collection,Comedy,1999.0
3,275,3,Evelyn,Drama,2002.0
4,136,3,Cat and the Canary,Drama,1927.0
4,461,5,Nightwalker #1: Midnight Detective,Horror,2000.0
4,147,3,Where Sleeping Dogs Lie,Drama,1992.0
4,385,5,The Santa Clause 2,Drama,2002.0
4,428,5,Barney: Barney's Colorful World: Live,Documentary,2004.0
4,193,3,Marilyn Manson: Fear of a Satanic Planet,Horror,2005.0
4,344,4,The Taming of the Shrew,Drama,1967.0
4,191,5,X2: X-Men United,Drama,2003.0
4,372,3,Jeans,Drama,1998.0
4,439,3,Town Without Pity,Drama,1961.0
4,6,3,Sick,Drama,1997.0
4,398,2,In the Realm of the Senses,Documentary,1976.0
4,256,3,Ghost Dog: The Way of the Samurai,Horror,2000.0
4,505,2,A Thousand Acres,Drama,1997.0
4,348,4,The Last Temptation of Christ,Drama,1988.0
4,304,3,King of the Hill: Season 1,Drama,1997.0
4,443,4,Rabbit-Proof Fence,Drama,2002.0
4,308,2,The Legend of the 7 Golden Vampires/7 Brothers of Dracula,Fantasy,1974.0
4,17,4,7 Seconds,Drama,2005.0
4,105,5,Obsessed,Drama,2002.0
4,354,1,Sadomania,Drama,1981.0
4,62,4,Ken Burns' America: Empire of the Air,Drama,1991.0
4,170,5,Tomorrow,Drama,1972.0
4,339,2,Rolling Stones: Rock and Roll Circus,Drama,1968.0
4,457,5,Kill Bill: Vol. 2,Thriller,2004.0
4,286,4,Thunderbirds Are Go,Drama,1966.0
4,455,3,Cardcaptor Sakura: The Movie,Drama,1999.0
4,405,3,Wings of Desire,Drama,1987.0
4,349,4,The Swarm,Action,1978.0
4,58,4,Dragonheart,Drama,1996.0
4,177,4,Pressure,Drama,2002.0
4,82,2,The Frogmen,Drama,1951.0
4,145,4,Get Out Your Handkerchiefs,Drama,1978.0
4,71,2,Maya Lin: A Strong Clear Vision,Drama,1995.0
4,141,3,Goddess of Mercy,Drama,2004.0
4,328,2,Deftones: Live in Hawaii,Drama,2002.0
4,57,3,Richard III,Drama,1995.0
4,345,5,Star Trek: Voyager: Season 5,Sci-Fi,1998.0
4,292,5,Saturday Night Live: The Best of Gilda Radner,Horror,2005.0
4,102,4,Notre Musique,Drama,2004.0
4,326,2,The Plainsman,Drama,1937.0
5,285,3,The Devil's Own,Horror,1997.0
5,477,3,George Carlin: Personal Favorites,Drama,1990.0
5,400,4,Rio Lobo,Drama,1970.0
5,302,2,The Isle,Drama,2001.0
5,163,4,MTV: Making the Band 2: Best of Season 1,Drama,2002.0
5,236,4,Cartoon Crazys Sci-Fi,Comedy,1998.0
5,346,5,Up and Down,Drama,2005.0
5,307,3,Godsmack: Smack This!,Drama,2002.0
5,486,3,Journey to the Center of the Earth,Drama,1959.0
5,420,2,Saturday Night Live: The Best of Dana Carvey,Horror,1999.0
5,61,3,Ricky Martin: One Night Only,Horror,1999.0
5,211,3,The Agronomist,Drama,2004.0
5,371,4,The Trouble with Angels,Drama,1966.0
5,418,5,The Deal,Drama,2004.0
5,1,3,Dinosaur Planet,Sci-Fi,2003.0
5,354,5,Sadomania,Drama,1981.0
5,200,3,The Fall of the Roman Empire,Drama,1964.0
5,35,3,Ferngully 2: The Magical Rescue,Animation,2000.0
5,361,3,The Phantom of the Opera: Special Edition,Drama,2004.0
5,436,1,Girls Just Want to Have Fun,Comedy,1985.0
5,280,5,Sarah Brightman: In Concert,Drama,1998.0
5,430,4,Chobits,Drama,2002.0
5,267,3,Touched by an Angel: Season 1,Drama,1994.0
5,330,4,Wild Things,Drama,1998.0
5,362,4,The Flintstones in Viva Rock Vegas,Drama,2000.0
5,319,2,Straight to Hell,Drama,1987.0
5,41,3,Horror Vision,Horror,2000.0
5,320,4,Eat Your Heart Out,Drama,1997.0
5,384,2,Crossroads,Drama,1986.0
5,260,4,Marat / Sade,Drama,1967.0
5,468,2,The Matrix: Revolutions,Drama,2003.0
5,295,4,Ace Ventura: When Nature Calls,Documentary,1995.0
5,101,3,Complete Shamanic Princess,Drama,1997.0
5,237,2,Broken Blossoms,Drama,1918.0
5,485,5,The Avengers '67,Drama,1967.0
5,351,3,Guns of the Magnificent Seven,Drama,1969.0
5,103,3,Sanford and Son: Season 6,Drama,1976.0
5,9,4,Class of Nuke 'Em High 2,Drama,1991.0
5,451,5,Batman the Animated Series: Vol. 3,Animation,1993.0
5,210,2,Onmyoji,Drama,2001.0
5,203,4,Sports Illustrated Swimsuit Edition: 1997,Drama,1997.0
5,213,4,Dinner Rush,Drama,2001.0
5,168,4,Smokey and the Bandit Part 3,Drama,1983.0
5,128,4,Mr. Vampire,Drama,1985.0
5,124,3,Cold Blooded,Drama,2000.0
5,6,3,Sick,Drama,1997.0
5,314,4,Saturday Night Live: The Best of Jon Lovitz,Horror,1985.0
5,132,2,Lucio Fulci: The Beyond,Drama,1981.0
5,417,1,Transformers: Season 3: Part 1,Drama,1986.0
5,282,4,Blue Seed: Beyond,Drama,2003.0
5,47,5,The Bad and the Beautiful,Drama,1952.0
5,504,1,The Twilight Zone: Vol. 27,Drama,1964.0
5,443,2,Rabbit-Proof Fence,Drama,2002.0
5,416,4,Elephant,Drama,2003.0
5,187,5,Death to Smoochy,Horror,2002.0
5,33,4,Aqua Teen Hunger Force: Vol. 1,Action,2000.0
5,206,3,Unconstitutional: The War on Our Civil Liberties,Action,2004.0
5,146,3,Cannibal Women in the Avocado Jungle of Death,Horror,1988.0
5,309,5,The Day of the Locust,Drama,1975.0
5,415,3,Reign in Darkness,Horror,2002.0
5,241,3,North by Northwest,Drama,1959.0
5,226,3,Henry: Portrait of a Serial Killer 2,Thriller,1996.0
5,448,2,Oswald: Welcome to the Big City!,Drama,2001.0
5,396,4,Arjuna: Complete Collection,Drama,2001.0
5,258,5,Mann,Drama,1999.0
5,77,4,Congo,Drama,1995.0
5,209,3,Star Trek: Deep Space Nine: Season 5,Sci-Fi,1996.0
5,299,3,Bridget Jones's Diary,Drama,2001.0
5,497,2,Broadway's Lost Treasures,Drama,2003.0
5,490,5,The Passion of Ayn Rand,Romance,1999.0
5,390,3,The Fan,Drama,1981.0
6,388,3,Body Chemistry,Drama,1990.0
6,465,4,Coolie No.1,Drama,1995.0
6,141,2,Goddess of Mercy,Drama,2004.0
6,97,4,Mostly Martha,Drama,2002.0
6,52,4,The Weather Underground,Drama,2002.0
6,156,3,Husbands and Wives,Drama,1992.0
6,69,5,WWE: Armageddon 2003,Drama,2003.0
6,337,3,Star 80,Sci-Fi,1983.0
6,113,2,Bruce Lee: A Warrior's Journey,Action,2000.0
6,131,4,Arachnid,Drama,2002.0
6,193,5,Marilyn Manson: Fear of a Satanic Planet,Horror,2005.0
6,378,4,Party Monster,Drama,2003.0
6,71,4,Maya Lin: A Strong Clear Vision,Drama,1995.0
6,176,3,The History Channel Presents: Troy: Unearthing the Legend,Drama,2004.0
6,389,2,Steal,Drama,2002.0
6,359,4,Absolutely Fabulous: Series 5,Drama,2003.0
6,453,4,Simple Men,Drama,1992.0
6,503,3,Max and Ruby: Springtime for Max and Ruby,Drama,2005.0
6,474,4,Legend of 1900,Fantasy,1998.0
6,430,3,Chobits,Drama,2002.0
6,467,2,Topper Returns,Drama,1941.0
6,328,5,Deftones: Live in Hawaii,Drama,2002.0
6,458,5,Blast,Drama,2001.0
6,319,3,Straight to Hell,Drama,1987.0
6,238,5,Led Zeppelin: The Song Remains the Same,Drama,1976.0
6,22,3,Chump Change,Drama,2000.0
6,14,4,Nature: Antarctica,Documentary,1982.0
6,99,3,A Fishy Story,Drama,1989.0
6,259,4,Animal,Drama,2004.0
6,209,4,Star Trek: Deep Space Nine: Season 5,Sci-Fi,1996.0
6,13,4,Lord of the Rings: The Return of the King: Extended Edition: Bonus Material,Drama,2003.0
6,486,2,Journey to the Center of the Earth,Drama,1959.0
6,117,1,Silk Stockings,Drama,1957.0
6,139,5,Allergies: A Natural Approach,Drama,2001.0
6,124,3,Cold Blooded,Drama,2000.0
6,79,3,The Killing,Thriller,1956.0
6,302,4,The Isle,Drama,2001.0
6,490,5,The Passion of Ayn Rand,Romance,1999.0
6,172,4,Jack,Drama,2003.0
6,166,3,Fame,Drama,1980.0
6,320,3,Eat Your Heart Out,Drama,1997.0
6,145,3,Get Out Your Handkerchiefs,Drama,1978.0
6,321,2,Ju-Rei: The Uncanny,Drama,2004.0
6,5,4,The Rise and Fall of ECW,Drama,2004.0
6,438,3,Bean: The Movie,Drama,1997.0
6,399,5,Fangs,Drama,2001.0
6,351,3,Guns of the Magnificent Seven,Drama,1969.0
6,31,1,Classic Albums: Meat Loaf: Bat Out of Hell,Drama,1999.0
6,58,5,Dragonheart,Drama,1996.0
6,448,5,Oswald: Welcome to the Big City!,Drama,2001.0
6,395,5,Captain Blood,Drama,1935.0
6,402,2,Pan Tadeusz,Drama,1999.0
6,298,3,Crunch: Pick Your Spot Pilates,Drama,2002.0
6,481,4,Building the Great Pyramid,Drama,2002.0
6,136,4,Cat and the Canary,Drama,1927.0
6,251,4,Midsomer Murders: Strangler's Wood,Thriller,2000.0
6,307,1,Godsmack: Smack This!,Drama,2002.0
6,262,1,Herbie Rides Again,Drama,1974.0
6,498,5,Glory: Bonus Material,Drama,1989.0
6,160,5,Gormenghast,Drama,2000.0
6,81,3,Antarctica: IMAX,Drama,1991.0
6,185,5,Missing in Action 2: The Beginning / Missing in Action 3: Braddock,Action,1985.0
6,243,2,Pressure Point,Drama,1962.0
6,7,3,8 Man,Drama,1992.0
6,497,2,Broadway's Lost Treasures,Drama,2003.0
6,242,2,Neon Genesis Evangelion: The End of Evangelion,Drama,1995.0
6,203,4,Sports Illustrated Swimsuit Edition: 1997,Drama,1997.0
6,387,2,Bizet's Carmen,Drama,1984.0
6,182,5,Moby: Play,Drama,2001.0
6,462,4,Classic Cartoon Favorites: Starring Donald,Animation,2005.0
6,33,5,Aqua Teen Hunger Force: Vol. 1,Action,2000.0
6,57,4,Richard III,Drama,1995.0
6,310,5,Leila,Drama,2000.0
6,48,2,Justice League,Drama,2001.0
6,196,5,Peter Tosh: Stepping Razor: Red X,Drama,1992.0
7,63,4,Crash Dive,Drama,1943.0
7,86,4,Iron Monkey 2,Drama,1996.0
7,461,4,Nightwalker #1: Midnight Detective,Horror,2000.0
7,486,4,Journey to the Center of the Earth,Drama,1959.0
7,401,5,Halloween 5: The Revenge of Michael Myers,Drama,1989.0
7,448,3,Oswald: Welcome to the Big City!,Drama,2001.0
7,220,3,Winston Churchill: The Wilderness Years,Drama,1983.0
7,200,4,The Fall of the Roman Empire,Drama,1964.0
7,152,2,A Little Princess,Drama,1995.0
7,254,4,Westender,Drama,2003.0
7,58,3,Dragonheart,Drama,1996.0
7,303,2,Les Liaisons Dangereuses,Drama,1959.0
7,274,2,Crazy as Hell,Comedy,2002.0
7,224,3,Midsomer Murders: Blood Will Out,Thriller,1999.0
7,432,5,Les Miserables in Concert,Drama,1996.0
7,130,3,Drowning on Dry Land,Drama,1999.0
7,162,5,John Cleese on How to Irritate People,Drama,1968.0
7,480,4,Flypaper,Drama,1997.0
7,151,5,Sleepover Nightmare,Horror,2005.0
7,69,3,WWE: Armageddon 2003,Drama,2003.0
7,2,3,Isle of Man TT 2004 Review,Drama,2004.0
7,111,4,Duplex (Widescreen),Drama,2003.0
7,143,3,The Game,Drama,1997.0
7,74,5,6ixtynin9,Drama,1999.0
7,317,1,Mandela and de Klerk,Drama,1997.0
7,313,5,Pay It Forward,Action,2000.0
7,190,5,Blood and Sand,Drama,1989.0
7,279,3,Micki and Maude,Drama,1984.0
7,245,3,Road Dogz,Drama,2002.0
7,131,2,Arachnid,Drama,2002.0
7,332,4,They Crawl,Drama,2002.0
7,226,5,Henry: Portrait of a Serial Killer 2,Thriller,1996.0
7,40,3,Pitcher and the Pin-Up,Drama,2004.0
7,483,5,Rush Hour 2,Drama,2001.0
7,355,2,Sinful Nuns of St. Valentine,Romance,1973.0
7,117,2,Silk Stockings,Drama,1957.0
7,353,5,Life or Something Like It,Drama,2002.0
7,311,4,Ed Wood,Drama,1994.0
7,377,5,Dick Francis: The Racing Game,Drama,1979.0
7,60,2,The Libertine,Drama,1969.0
7,453,2,Simple Men,Drama,1992.0
7,116,3,Bear Cub,Drama,2004.0
7,104,3,The Great Race,Drama,1965.0
7,398,4,In the Realm of the Senses,Documentary,1976.0
7,298,3,Crunch: Pick Your Spot Pilates,Drama,2002.0
7,334,2,The Pacifier,Drama,2005.0
7,92,4,ECW: Cyberslam '99,Sci-Fi,2002.0
7,423,2,My Favorite Martian #1,Drama,1963.0
7,478,1,The Beverly Hillbillies,Drama,1962.0
7,391,4,The Monkees: Season 2,Drama,1967.0
7,371,1,The Trouble with Angels,Drama,1966.0
7,20,4,Seeta Aur Geeta,Drama,1972.0
7,319,2,Straight to Hell,Drama,1987.0
7,479,1,George Carlin: What Am I Doing in New Jersey?,Drama,1988.0
7,445,3,Michael Collins,Drama,1996.0
7,177,4,Pressure,Drama,2002.0
7,175,4,Reservoir Dogs,Drama,1992.0
7,389,4,Steal,Drama,2002.0
7,491,2,Torn Curtain,Drama,1966.0
7,320,4,Eat Your Heart Out,Drama,1997.0
7,447,5,The Making of Fanny and Alexander,Drama,1986.0
7,71,2,Maya Lin: A Strong Clear Vision,Drama,1995.0
7,331,3,Chasing Amy,Drama,1997.0
7,221,3,Voyage to the Planets and Beyond,Sci-Fi,2005.0
8,357,4,House of Sand and Fog,Drama,2003.0
8,192,3,The SoulTaker,Drama,2003.0
8,482,2,Frida,Drama,2002.0
8,202,3,Ruby's Bucket of Blood,Drama,2001.0
8,91,3,WWE: Royal Rumble 2005,Drama,2005.0
8,144,3,Deepak Chopra: The Way of the Wizard & Alchemy,Fantasy,2000.0
8,160,1,Gormenghast,Drama,2000.0
8,200,5,The Fall of the Roman Empire,Drama,1964.0
8,31,5,Classic Albums: Meat Loaf: Bat Out of Hell,Drama,1999.0
8,51,4,Jonah: A VeggieTales Movie: Bonus Material,Drama,2002.0
8,116,2,Bear Cub,Drama,2004.0
8,126,3,Vampire Effect (aka Twins Effect),Drama,2003.0
8,131,3,Arachnid,Drama,2002.0
8,87,4,Louder Than Bombs,Drama,2002.0
8,334,4,The Pacifier,Drama,2005.0
8,378,3,Party Monster,Drama,2003.0
8,390,4,The Fan,Drama,1981.0
8,413,4,Igby Goes Down,Drama,2002.0
8,318,5,Beyond Suspicion,Drama,1994.0
8,414,4,Girl,Drama,1999.0
8,255,4,The Hunchback of Notre Dame II,Drama,2001.0
8,260,4,Marat / Sade,Drama,1967.0
8,484,5,Danielle Steel's Jewels,Drama,1992.0
8,421,4,Agatha Christie's Poirot: Sad Cypress,Drama,2003.0
8,118,2,Rambo: First Blood Part II,Drama,1985.0
8,106,5,Stevie Ray Vaughan and Double Trouble: Live at Montreux 1982 & 1985,Drama,2004.0
8,172,4,Jack,Drama,2003.0
8,295,3,Ace Ventura: When Nature Calls,Documentary,1995.0
8,197,3,Taking Lives,Drama,2004.0
8,335,4,Fear No Evil,Horror,1981.0
8,166,4,Fame,Drama,1980.0
8,214,4,Read-Along: Beauty and the Beast,Drama,2002.0
8,156,4,Husbands and Wives,Drama,1992.0
8,447,5,The Making of Fanny and Alexander,Drama,1986.0
8,218,5,Triumph: Live at the US Festival,Drama,1983.0
8,329,4,Dogma,Drama,1999.0
8,161,5,Ninotchka,Drama,1939.0
8,44,2,Spitfire Grill,Drama,1996.0
8,399,4,Fangs,Drama,2001.0
8,270,5,Sex and the City: Season 4,Drama,2001.0
8,277,3,Enigma: MCMXC A.D,Drama,2003.0
9,220,4,Winston Churchill: The Wilderness Years,Drama,1983.0
9,419,4,George Lopez: Why You Crying?,Drama,2005.0
9,311,2,Ed Wood,Drama,1994.0
9,309,2,The Day of the Locust,Drama,1975.0
9,239,5,Winnie the Pooh: Springtime with Roo,Drama,2004.0
9,263,5,Dragon Ball: Tournament Saga,Fantasy,2001.0
9,200,2,The Fall of the Roman Empire,Drama,1964.0
9,383,2,Hit Team,Drama,2001.0
9,285,3,The Devil's Own,Horror,1997.0
9,125,3,Nighthawks,Horror,1981.0
9,67,3,Vampire Journals,Drama,1997.0
9,84,2,The Powerpuff Girls Movie,Drama,2002.0
9,363,3,Stark Raving Mad,Sci-Fi,2002.0
9,403,2,Substitute 4: Failure is Not an Option,Drama,2000.0
9,347,2,Iceman Cometh,Drama,1989.0
9,246,4,The Boston Strangler,Drama,1968.0
9,229,3,Peter Gabriel: Growing Up Live,Drama,2003.0
9,376,4,Genesis: The Way We Walk: Live in Concert,Drama,2001.0
9,441,2,Dark Shadows: Vol. 9,Horror,1968.0
9,310,4,Leila,Drama,2000.0
9,106,5,Stevie Ray Vaughan and Double Trouble: Live at Montreux 1982 & 1985,Drama,2004.0
9,487,3,Doctor Who: Lost in Time: The Patrick Troughton Years,Drama,1968.0
9,364,4,Billy Blanks: Tae Bo: Contact 2,Drama,2004.0
9,79,4,The Killing,Thriller,1956.0
9,431,5,Millennium Actress,Drama,2002.0
9,201,4,Home Movie,Drama,2001.0
9,158,4,A Killer Within,Thriller,2004.0
9,178,4,Regular Guys,Drama,1996.0
9,175,4,Reservoir Dogs,Drama,1992.0
9,483,2,Rush Hour 2,Drama,2001.0
9,176,1,The History Channel Presents: Troy: Unearthing the Legend,Drama,2004.0
9,159,2,Gentlemen of Fortune,Drama,1971.0
9,324,3,Mother's Boys,Drama,1994.0
9,467,4,Topper Returns,Drama,1941.0
9,291,2,Chained Heat 3: Hell Mountain,Drama,2000.0
9,299,5,Bridget Jones's Diary,Drama,2001.0
9,66,3,Barbarian Queen 2,Drama,1989.0
9,108,3,Spartan,Drama,2004.0
9,207,2,Denise Austin: Ultimate Fat Burner,Drama,2001.0
9,454,1,Xena: Warrior Princess: Season 3,Action,1995.0
9,122,4,Cube 2: Hypercube,Drama,2002.0
9,112,5,The Eye of Vichy,Drama,1993.0
9,362,3,The Flintstones in Viva Rock Vegas,Drama,2000.0
9,221,1,Voyage to the Planets and Beyond,Sci-Fi,2005.0
9,124,4,Cold Blooded,Drama,2000.0
9,160,2,Gormenghast,Drama,2000.0
9,405,2,Wings of Desire,Drama,1987.0
9,286,3,Thunderbirds Are Go,Drama,1966.0
9,93,4,They Came Back,Drama,2004.0
9,480,2,Flypaper,Drama,1997.0
9,326,3,The Plainsman,Drama,1937.0
9,368,4,The Best of Designing Women,Drama,1986.0
9,12,5,My Favorite Brunette,Drama,1947.0
9,277,5,Enigma: MCMXC A.D,Drama,2003.0
9,234,5,Animation Legend: Winsor McCay,Animation,1921.0
9,189,4,Airplane II: The Sequel,Drama,1982.0
9,118,3,Rambo: First Blood Part II,Drama,1985.0
9,34,5,Ashtanga Yoga: Beginner's Practice with Nicki Doane,Drama,2003.0
9,206,4,Unconstitutional: The War on Our Civil Liberties,Action,2004.0
9,35,4,Ferngully 2: The Magical Rescue,Animation,2000.0
9,44,4,Spitfire Grill,Drama,1996.0
9,288,2,Saturday Night Live: The Best of Chris Kattan,Horror,2004.0
9,47,2,The Bad and the Beautiful,Drama,1952.0
9,465,3,Coolie No.1,Drama,1995.0
9,187,4,Death to Smoochy,Horror,2002.0
9,437,3,Beyblade: Fierce Battle,Action,2005.0
9,476,4,VeggieTales Classics: Where's God When I'm Scared?,Drama,2004.0
9,33,5,Aqua Teen Hunger Force: Vol. 1,Action,2000.0
9,81,1,Antarctica: IMAX,Drama,1991.0
9,272,4,Female Yakuza Tale,Drama,1973.0
9,479,3,George Carlin: What Am I Doing in New Jersey?,Drama,1988.0
9,123,4,Chain of Fools,Drama,2000.0
9,255,3,The Hunchback of Notre Dame II,Drama,2001.0
9,440,3,Just 4 Kicks,Drama,2003.0
9,334,4,The Pacifier,Drama,2005.0
9,21,3,Strange Relations,Drama,2002.0
9,313,2,Pay It Forward,Action,2000.0
9,432,3,Les Miserables in Concert,Drama,1996.0
9,275,2,Evelyn,Drama,2002.0
10,154,4,Demon Warrior Koji,Action,2000.0
10,92,4,ECW: Cyberslam '99,Sci-Fi,2002.0
10,184,5,Billy Blanks: Tae Bo: Cardio Circuit 1,Drama,2004.0
10,279,3,Micki and Maude,Drama,1984.0
10,116,5,Bear Cub,Drama,2004.0
10,310,3,Leila,Drama,2000.0
10,132,2,Lucio Fulci: The Beyond,Drama,1981.0
10,228,2,Butch and Sundance: The Early Days,Drama,1979.0
10,143,3,The Game,Drama,1997.0
10,1,3,Dinosaur Planet,Sci-Fi,2003.0
10,354,4,Sadomania,Drama,1981.0
10,67,3,Vampire Journals,Drama,1997.0
10,303,5,Les Liaisons Dangereuses,Drama,1959.0
10,427,3,Graveyard Shift,Drama,1990.0
10,115,1,Lord Peter Wimsey: Murder Must Advertise,Thriller,1973.0
10,347,3,Iceman Cometh,Drama,1989.0
10,52,1,The Weather Underground,Drama,2002.0
10,331,4,Chasing Amy,Drama,1997.0
10,82,5,The Frogmen,Drama,1951.0
10,474,2,Legend of 1900,Fantasy,1998.0
10,459,5,Basquiat,Drama,1996.0
10,453,5,Simple Men,Drama,1992.0
10,444,5,The Inner Tour,Drama,2001.0
10,53,4,The Bonesetter,Drama,2003.0
10,35,2,Ferngully 2: The Magical Rescue,Animation,2000.0
10,135,4,GTO: Great Teacher Onizuka: Set 2,Drama,1998.0
10,308,3,The Legend of the 7 Golden Vampires/7 Brothers of Dracula,Fantasy,1974.0
10,7,4,8 Man,Drama,1992.0
10,179,3,Bollywood Bound,Drama,2003.0
10,352,5,Pick a Card,Drama,1997.0
10,161,4,Ninotchka,Drama,1939.0
10,446,3,The Underneath,Drama,1995.0
10,211,1,The Agronomist,Drama,2004.0
10,442,3,Mississippi Burning,Drama,1988.0
10,311,4,Ed Wood,Drama,1994.0
10,235,4,Unhook the Stars,Sci-Fi,1996.0
10,376,2,Genesis: The Way We Walk: Live in Concert,Drama,2001.0
10,105,1,Obsessed,Drama,2002.0
10,169,4,Cartoon Network Halloween: 9 Creepy Cartoon Capers,Animation,2004.0
10,118,2,Rambo: First Blood Part II,Drama,1985.0
10,445,2,Michael Collins,Drama,1996.0
10,156,4,Husbands and Wives,Drama,1992.0
10,197,5,Taking Lives,Drama,2004.0
10,205,3,Troy: Bonus Material,Drama,2004.0
10,177,3,Pressure,Drama,2002.0
10,23,3,Clifford: Clifford Saves the Day! / Clifford's Fluffiest Friend Cleo,Drama,2001.0
10,335,3,Fear No Evil,Horror,1981.0
10,256,4,Ghost Dog: The Way of the Samurai,Horror,2000.0
10,320,4,Eat Your Heart Out,Drama,1997.0
10,309,3,The Day of the Locust,Drama,1975.0
10,452,2,Scorched,Drama,2002.0
10,61,5,Ricky Martin: One Night Only,Horror,1999.0
10,33,5,Aqua Teen Hunger Force: Vol. 1,Action,2000.0
10,103,2,Sanford and Son: Season 6,Drama,1976.0
10,124,4,Cold Blooded,Drama,2000.0
10,158,5,A Killer Within,Thriller,2004.0
10,162,4,John Cleese on How to Irritate People,Drama,1968.0
10,180,4,Scratch,Drama,2002.0
10,87,3,Louder Than Bombs,Drama,2002.0
10,461,5,Nightwalker #1: Midnight Detective,Horror,2000.0
10,224,4,Midsomer Murders: Blood Will Out,Thriller,1999.0
10,159,3,Gentlemen of Fortune,Drama,1971.0
10,384,5,Crossroads,Drama,1986.0
10,56,4,Carandiru,Drama,2004.0
10,111,4,Duplex (Widescreen),Drama,2003.0
10,464,4,The Return of Ruben Blades,Drama,1987.0
10,382,4,Buried in the Sand: The Deception of America,Drama,2004.0
10,447,2,The Making of Fanny and Alexander,Drama,1986.0
10,397,2,A Night in Casablanca,Horror,1946.0
10,251,5,Midsomer Murders: Strangler's Wood,Thriller,2000.0
10,361,4,The Phantom of the Opera: Special Edition,Drama,2004.0
11,167,4,The Chorus,Drama,2004.0
11,199,2,The Deer Hunter,Drama,1978.0
11,140,3,Lost in the Wild,Drama,1993.0
11,343,4,French and Saunders: Live,Drama,2000.0
11,177,4,Pressure,Drama,2002.0
11,444,4,The Inner Tour,Drama,2001.0
11,229,4,Peter Gabriel: Growing Up Live,Drama,2003.0
11,121,3,Beyonce: Live at Wembley,Drama,2003.0
11,282,4,Blue Seed: Beyond,Drama,2003.0
11,24,3,My Bloody Valentine,Romance,1981.0
11,439,5,Town Without Pity,Drama,1961.0
11,386,2,Princess Caraboo,Drama,1994.0
11,106,3,Stevie Ray Vaughan and Double Trouble: Live at Montreux 1982 & 1985,Drama,2004.0
11,59,5,Sex and the Beauties,Drama,2003.0
11,269,3,Parenthood,Drama,1989.0
11,143,5,The Game,Drama,1997.0
11,144,4,Deepak Chopra: The Way of the Wizard & Alchemy,Fantasy,2000.0
11,428,3,Barney: Barney's Colorful World: Live,Documentary,2004.0
11,403,3,Substitute 4: Failure is Not an Option,Drama,2000.0
11,352,3,Pick a Card,Drama,1997.0
11,399,3,Fangs,Drama,2001.0
11,122,3,Cube 2: Hypercube,Drama,2002.0
11,347,3,Iceman Cometh,Drama,1989.0
11,27,3,Sesame Street: Elmo's World: The Street We Live On,Documentary,1962.0
11,134,2,Spirit Lost,Drama,1996.0
11,207,4,Denise Austin: Ultimate Fat Burner,Drama,2001.0
11,367,5,Spun,Drama,2003.0
11,415,3,Reign in Darkness,Horror,2002.0
11,470,3,Beneath Loch Ness,Drama,2001.0
11,373,4,Third World Cop,Documentary,2000.0
11,346,5,Up and Down,Drama,2005.0
11,479,5,George Carlin: What Am I Doing in New Jersey?,Drama,1988.0
11,160,2,Gormenghast,Drama,2000.0
11,397,5,A Night in Casablanca,Horror,1946.0
11,163,3,MTV: Making the Band 2: Best of Season 1,Drama,2002.0
11,457,3,Kill Bill: Vol. 2,Thriller,2004.0
11,482,4,Frida,Drama,2002.0
11,244,3,Stellvia,Drama,2004.0
11,318,5,Beyond Suspicion,Drama,1994.0
11,105,5,Obsessed,Drama,2002.0
11,490,5,The Passion of Ayn Rand,Romance,1999.0
11,388,1,Body Chemistry,Drama,1990.0
11,376,3,Genesis: The Way We Walk: Live in Concert,Drama,2001.0
11,222,1,Yellow,Drama,1998.0
11,314,3,Saturday Night Live: The Best of Jon Lovitz,Horror,1985.0
12,368,1,The Best of Designing Women,Drama,1986.0
12,389,5,Steal,Drama,2002.0
12,225,2,The Cookout,Drama,2004.0
12,206,4,Unconstitutional: The War on Our Civil Liberties,Action,2004.0
12,477,3,George Carlin: Personal Favorites,Drama,1990.0
12,464,4,The Return of Ruben Blades,Drama,1987.0
12,398,4,In the Realm of the Senses,Documentary,1976.0
12,179,4,Bollywood Bound,Drama,2003.0
12,37,1,Zatoichi's Conspiracy,Drama,1973.0
12,443,4,Rabbit-Proof Fence,Drama,2002.0
12,60,4,The Libertine,Drama,1969.0
12,132,4,Lucio Fulci: The Beyond,Drama,1981.0
12,5,4,The Rise and Fall of ECW,Drama,2004.0
12,48,2,Justice League,Drama,2001.0
12,284,5,Sasquatch Hunters,Drama,2005.0
12,354,5,Sadomania,Drama,1981.0
12,196,2,Peter Tosh: Stepping Razor: Red X,Drama,1992.0
12,269,5,Parenthood,Drama,1989.0
12,134,4,Spirit Lost,Drama,1996.0
12,39,4,Love Reinvented,Drama,2000.0
12,448,3,Oswald: Welcome to the Big City!,Drama,2001.0
12,332,3,They Crawl,Drama,2002.0
12,250,5,Cast a Giant Shadow,Drama,1966.0
12,78,5,Jingle All the Way,Drama,1996.0
12,480,5,Flypaper,Drama,1997.0
12,76,4,I Love Lucy: Season 2,Drama,1952.0
12,112,5,The Eye of Vichy,Drama,1993.0
12,4,2,Paula Abdul's Get Up & Dance,Drama,1994.0
12,92,4,ECW: Cyberslam '99,Sci-Fi,2002.0
12,8,3,What the #$*! Do We Know!?,Drama,2004.0
12,268,1,The Final Countdown,Drama,1980.0
12,412,2,Jay Jay the Jet Plane: Adventures in Learning,Animation,1999.0
12,413,3,Igby Goes Down,Drama,2002.0
12,234,4,Animation Legend: Winsor McCay,Animation,1921.0
12,475,3,Surf Ninjas,Drama,1993.0
12,235,3,Unhook the Stars,Sci-Fi,1996.0
12,216,4,Impostor,Drama,2000.0
12,175,3,Reservoir Dogs,Drama,1992.0
12,231,5,Marooned in Iraq,Drama,2002.0
12,335,5,Fear No Evil,Horror,1981.0
12,260,4,Marat / Sade,Drama,1967.0
12,164,4,One Last Dance,Drama,2003.0
12,160,4,Gormenghast,Drama,2000.0
13,8,2,What the #$*! Do We Know!?,Drama,2004.0
13,403,5,Substitute 4: Failure is Not an Option,Drama,2000.0
13,53,3,The Bonesetter,Drama,2003.0
13,457,2,Kill Bill: Vol. 2,Thriller,2004.0
13,154,5,Demon Warrior Koji,Action,2000.0
13,226,3,Henry: Portrait of a Serial Killer 2,Thriller,1996.0
13,334,4,The Pacifier,Drama,2005.0
13,95,3,Dona Herlinda and Her Son,Drama,1985.0
13,420,3,Saturday Night Live: The Best of Dana Carvey,Horror,1999.0
13,495,4,Mission Kashmir,Action,2000.0
13,135,4,GTO: Great Teacher Onizuka: Set 2,Drama,1998.0
13,303,1,Les Liaisons Dangereuses,Drama,1959.0
13,322,2,Flesh Gordon,Drama,1974.0
13,215,5,That '70s Show: Season 1,Drama,1998.0
13,138,3,Star Trek: Voyager: Season 1,Sci-Fi,1995.0
13,292,3,Saturday Night Live: The Best of Gilda Radner,Horror,2005.0
13,481,2,Building the Great Pyramid,Drama,2002.0
13,329,2,Dogma,Drama,1999.0
13,278,1,100 Days Before the Command,Drama,1990.0
13,359,3,Absolutely Fabulous: Series 5,Drama,2003.0
13,356,3,Look at Me,Drama,2005.0
13,254,2,Westender,Drama,2003.0
13,80,3,Winter Kills,Thriller,1979.0
13,438,4,Bean: The Movie,Drama,1997.0
13,485,5,The Avengers '67,Drama,1967.0
13,46,2,Rudolph the Red-Nosed Reindeer,Drama,1964.0
13,22,5,Chump Change,Drama,2000.0
13,108,5,Spartan,Drama,2004.0
13,31,3,Classic Albums: Meat Loaf: Bat Out of Hell,Drama,1999.0
13,290,4,Harold and Kumar Go to White Castle,Drama,2004.0
13,119,3,Travel the World by Train: Africa,Documentary,1999.0
13,275,4,Evelyn,Drama,2002.0
13,476,5,VeggieTales Classics: Where's God When I'm Scared?,Drama,2004.0
13,357,4,House of Sand and Fog,Drama,2003.0
13,15,4,Neil Diamond: Greatest Hits Live,Drama,1988.0
13,439,3,Town Without Pity,Drama,1961.0
13,391,2,The Monkees: Season 2,Drama,1967.0
13,23,3,Clifford: Clifford Saves the Day! / Clifford's Fluffiest Friend Cleo,Drama,2001.0
13,35,5,Ferngully 2: The Magical Rescue,Animation,2000.0
13,336,2,The Driver,Drama,1978.0
13,339,2,Rolling Stones: Rock and Roll Circus,Drama,1968.0
13,424,4,Happiness,Drama,1998.0
13,248,2,Michael Moore's The Awful Truth: Season 2,Drama,2001.0
13,232,3,Gross Anatomy,Drama,1989.0
13,161,3,Ninotchka,Drama,1939.0
13,132,2,Lucio Fulci: The Beyond,Drama,1981.0
13,364,2,Billy Blanks: Tae Bo: Contact 2,Drama,2004.0
14,271,4,Saludos Amigos,Drama,1943.0
14,34,5,Ashtanga Yoga: Beginner's Practice with Nicki Doane,Drama,2003.0
14,245,4,Road Dogz,Drama,2002.0
14,132,3,Lucio Fulci: The Beyond,Drama,1981.0
14,362,3,The Flintstones in Viva Rock Vegas,Drama,2000.0
14,347,4,Iceman Cometh,Drama,1989.0
14,230,3,Unsolved Mysteries: Psychics,Drama,1987.0
14,140,3,Lost in the Wild,Drama,1993.0
14,488,3,His Secret Life,Drama,2001.0
14,501,2,Three Days of the Condor,Drama,1975.0
14,459,5,Basquiat,Drama,1996.0
14,23,3,Clifford: Clifford Saves the Day! / Clifford's Fluffiest Friend Cleo,Drama,2001.0
14,318,4,Beyond Suspicion,Drama,1994.0
14,290,4,Harold and Kumar Go to White Castle,Drama,2004.0
14,184,2,Billy Blanks: Tae Bo: Cardio Circuit 1,Drama,2004.0
14,248,3,Michael Moore's The Awful Truth: Season 2,Drama,2001.0
14,269,4,Parenthood,Drama,1989.0
14,97,3,Mostly Martha,Drama,2002.0
14,418,5,The Deal,Drama,2004.0
14,363,5,Stark Raving Mad,Sci-Fi,2002.0
14,19,5,By Dawn's Early Light,Drama,2000.0
14,135,3,GTO: Great Teacher Onizuka: Set 2,Drama,1998.0
14,357,2,House of Sand and Fog,Drama,2003.0
14,147,3,Where Sleeping Dogs Lie,Drama,1992.0
14,141,4,Goddess of Mercy,Drama,2004.0
14,61,4,Ricky Martin: One Night Only,Horror,1999.0
14,222,1,Yellow,Drama,1998.0
14,214,3,Read-Along: Beauty and the Beast,Drama,2002.0
14,474,4,Legend of 1900,Fantasy,1998.0
14,122,3,Cube 2: Hypercube,Drama,2002.0
14,105,5,Obsessed,Drama,2002.0
14,277,4,Enigma: MCMXC A.D,Drama,2003.0
14,442,5,Mississippi Burning,Drama,1988.0
14,208,3,The Three Stooges: Sing a Song of Six Pants,Drama,1947.0
14,441,5,Dark Shadows: Vol. 9,Horror,1968.0
14,186,5,Panic in the Streets,Drama,1950.0
14,333,5,Mail Call: The Best of Season 2,Drama,2003.0
14,196,2,Peter Tosh: Stepping Razor: Red X,Drama,1992.0
14,79,3,The Killing,Thriller,1956.0
14,62,3,Ken Burns' America: Empire of the Air,Drama,1991.0
15,202,4,Ruby's Bucket of Blood,Drama,2001.0
15,347,4,Iceman Cometh,Drama,1989.0
15,349,3,The Swarm,Action,1978.0
15,180,3,Scratch,Drama,2002.0
15,289,5,The Avengers,Drama,1998.0
15,200,4,The Fall of the Roman Empire,Drama,1964.0
15,112,4,The Eye of Vichy,Drama,1993.0
15,402,3,Pan Tadeusz,Drama,1999.0
15,240,2,Woman of the Year,Drama,1942.0
15,172,3,Jack,Drama,2003.0
15,375,3,Nine Dead Gay Guys,Drama,2003.0
15,401,2,Halloween 5: The Revenge of Michael Myers,Drama,1989.0
15,163,3,MTV: Making the Band 2: Best of Season 1,Drama,2002.0
15,229,1,Peter Gabriel: Growing Up Live,Drama,2003.0
15,362,2,The Flintstones in Viva Rock Vegas,Drama,2000.0
15,483,4,Rush Hour 2,Drama,2001.0
15,119,4,Travel the World by Train: Africa,Documentary,1999.0
15,393,3,The Replacement Killers,Thriller,1998.0
15,435,2,Love Can Seriously Damage Your Health,Drama,1996.0
15,434,2,Extreme Engineering: Tokyo's Sky City,Drama,2004.0
15,165,3,Richard Pryor: Live on the Sunset Strip,Drama,1982.0
15,157,4,Laird: White Knuckle Extreme,Drama,2004.0
15,383,5,Hit Team,Drama,2001.0
15,62,3,Ken Burns' America: Empire of the Air,Drama,1991.0
15,503,2,Max and Ruby: Springtime for Max and Ruby,Drama,2005.0
15,359,4,Absolutely Fabulous: Series 5,Drama,2003.0
15,79,3,The Killing,Thriller,1956.0
15,411,3,Vendetta,Drama,1999.0
15,127,5,Fatal Beauty,Drama,1987.0
15,340,4,Midnight: 2000 Seen By...,Horror,1998.0
15,68,4,Invader Zim,Drama,2004.0
15,474,2,Legend of 1900,Fantasy,1998.0
15,6,4,Sick,Drama,1997.0
15,469,5,First Night of My Life: 2000 Seen By...,Drama,1998.0
15,156,3,Husbands and Wives,Drama,1992.0
15,506,5,Blank Generation / Dancin' Barefoot,Drama,1976.0
15,188,5,Dead Birds,Drama,2005.0
15,321,5,Ju-Rei: The Uncanny,Drama,2004.0
15,442,4,Mississippi Burning,Drama,1988.0
15,96,4,Inside the Space Station,Sci-Fi,2000.0
15,400,5,Rio Lobo,Drama,1970.0
15,120,4,Plain Dirty,Drama,2004.0
15,103,3,Sanford and Son: Season 6,Drama,1976.0
15,265,3,The Jeff Corwin Experience: Costa Rica and the Amazon,Drama,2002.0
15,65,4,Lost in the Pershing Point Hotel,Drama,2000.0
15,239,2,Winnie the Pooh: Springtime with Roo,Drama,2004.0
15,5,3,The Rise and Fall of ECW,Drama,2004.0
15,270,5,Sex and the City: Season 4,Drama,2001.0
15,445,1,Michael Collins,Drama,1996.0
15,358,5,The Onion Field,Drama,1979.0
15,370,5,Chaplin,Drama,1918.0
15,348,3,The Last Temptation of Christ,Drama,1988.0
15,395,4,Captain Blood,Drama,1935.0
15,322,4,Flesh Gordon,Drama,1974.0
15,452,5,Scorched,Drama,2002.0
15,302,5,The Isle,Drama,2001.0
16,50,2,A Yank in the R.A.F.,Drama,1941.0
16,63,3,Crash Dive,Drama,1943.0
16,382,4,Buried in the Sand: The Deception of America,Drama,2004.0
16,471,4,City Lights,Drama,1931.0
16,420,4,Saturday Night Live: The Best of Dana Carvey,Horror,1999.0
16,150,4,Firetrap,Drama,2001.0
16,42,3,Searching for Paradise,Drama,2002.0
16,51,3,Jonah: A VeggieTales Movie: Bonus Material,Drama,2002.0
16,469,2,First Night of My Life: 2000 Seen By...,Drama,1998.0
16,69,5,WWE: Armageddon 2003,Drama,2003.0
16,362,4,The Flintstones in Viva Rock Vegas,Drama,2000.0
16,423,3,My Favorite Martian #1,Drama,1963.0
16,135,2,GTO: Great Teacher Onizuka: Set 2,Drama,1998.0
16,296,5,In His Life: The John Lennon Story,Drama,2000.0
16,48,2,Justice League,Drama,2001.0
16,1,3,Dinosaur Planet,Sci-Fi,2003.0
16,468,4,The Matrix: Revolutions,Drama,2003.0
16,96,4,Inside the Space Station,Sci-Fi,2000.0
16,349,5,The Swarm,Action,1978.0
16,170,5,Tomorrow,Drama,1972.0
16,229,4,Peter Gabriel: Growing Up Live,Drama,2003.0
16,32,2,ABC Primetime: Mel Gibson's The Passion of the Christ,Romance,2004.0
16,216,3,Impostor,Drama,2000.0
16,126,4,Vampire Effect (aka Twins Effect),Drama,2003.0
16,166,5,Fame,Drama,1980.0
16,75,2,Grind,Drama,1997.0
16,186,5,Panic in the Streets,Drama,1950.0
16,60,4,The Libertine,Drama,1969.0
16,368,5,The Best of Designing Women,Drama,1986.0
16,276,3,Cold Harvest,Drama,1998.0
16,152,2,A Little Princess,Drama,1995.0
16,212,4,Querelle,Drama,1982.0
16,478,4,The Beverly Hillbillies,Drama,1962.0
16,43,5,Silent Service,Drama,2000.0
16,13,3,Lord of the Rings: The Return of the King: Extended Edition: Bonus Material,Drama,2003.0
16,27,3,Sesame Street: Elmo's World: The Street We Live On,Documentary,1962.0
16,482,2,Frida,Drama,2002.0
16,90,4,The Lemon Drop Kid,Drama,1951.0
16,309,4,The Day of the Locust,Drama,1975.0
16,427,2,Graveyard Shift,Drama,1990.0
16,262,3,Herbie Rides Again,Drama,1974.0
16,438,3,Bean: The Movie,Drama,1997.0
16,400,2,Rio Lobo,Drama,1970.0
16,402,3,Pan Tadeusz,Drama,1999.0
16,73,2,Davy Crockett: 50th Anniversary Double Feature,Drama,1954.0
16,3,3,Character,Drama,1997.0
16,306,3,Sesame Street: Sing Yourself Silly!,Comedy,2005.0
16,121,2,Beyonce: Live at Wembley,Drama,2003.0
16,28,5,Lilo and Stitch,Drama,2002.0
16,107,5,Magnolia: Bonus Material,Drama,2000.0
16,210,3,Onmyoji,Drama,2001.0
16,242,4,Neon Genesis Evangelion: The End of Evangelion,Drama,1995.0
16,273,4,Taxi,Drama,2004.0
16,450,5,Isaac Stern: Life's Virtuoso,Drama,2000.0
16,354,3,Sadomania,Drama,1981.0
16,195,5,Chasing Freedom,Drama,2004.0
16,160,3,Gormenghast,Drama,2000.0
16,267,2,Touched by an Angel: Season 1,Drama,1994.0
16,340,4,Midnight: 2000 Seen By...,Horror,1998.0
16,14,5,Nature: Antarctica,Documentary,1982.0
16,339,5,Rolling Stones: Rock and Roll Circus,Drama,1968.0
16,322,2,Flesh Gordon,Drama,1974.0
16,274,4,Crazy as Hell,Comedy,2002.0
16,330,3,Wild Things,Drama,1998.0
16,412,4,Jay Jay the Jet Plane: Adventures in Learning,Animation,1999.0
16,127,2,Fatal Beauty,Drama,1987.0
16,289,2,The Avengers,Drama,1998.0
16,77,3,Congo,Drama,1995.0
16,4,4,Paula Abdul's Get Up & Dance,Drama,1994.0
16,5,3,The Rise and Fall of ECW,Drama,2004.0
16,2,4,Isle of Man TT 2004 Review,Drama,2004.0
16,271,5,Saludos Amigos,Drama,1943.0
16,194,4,Arliss: The Best of Arliss,Drama,1996.0
16,390,5,The Fan,Drama,1981.0
16,490,4,The Passion of Ayn Rand,Romance,1999.0
16,36,2,Lady Chatterley,Drama,1992.0
17,344,5,The Taming of the Shrew,Drama,1967.0
17,298,5,Crunch: Pick Your Spot Pilates,Drama,2002.0
17,101,3,Complete Shamanic Princess,Drama,1997.0
17,325,4,Ghosts of Rwanda: Frontline,Horror,2004.0
17,387,2,Bizet's Carmen,Drama,1984.0
17,247,3,Oleanna,Drama,1994.0
17,213,4,Dinner Rush,Drama,2001.0
17,223,5,Chappelle's Show: Season 1,Drama,2003.0
17,104,4,The Great Race,Drama,1965.0
17,40,3,Pitcher and the Pin-Up,Drama,2004.0
17,67,4,Vampire Journals,Drama,1997.0
17,423,5,My Favorite Martian #1,Drama,1963.0
17,50,3,A Yank in the R.A.F.,Drama,1941.0
17,24,3,My Bloody Valentine,Romance,1981.0
17,316,1,Futurama: Monster Robot Maniac Fun Collection,Comedy,1999.0
17,153,3,MTV Yoga,Drama,2002.0
17,204,1,Venus Boyz,Drama,2002.0
17,144,3,Deepak Chopra: The Way of the Wizard & Alchemy,Fantasy,2000.0
17,132,5,Lucio Fulci: The Beyond,Drama,1981.0
17,220,1,Winston Churchill: The Wilderness Years,Drama,1983.0
17,175,5,Reservoir Dogs,Drama,1992.0
17,190,3,Blood and Sand,Drama,1989.0
17,6,3,Sick,Drama,1997.0
17,17,3,7 Seconds,Drama,2005.0
17,94,1,G3: Live in Concert,Drama,2000.0
17,370,3,Chaplin,Drama,1918.0
17,251,5,Midsomer Murders: Strangler's Wood,Thriller,2000.0
17,120,2,Plain Dirty,Drama,2004.0
17,324,2,Mother's Boys,Drama,1994.0
17,21,4,Strange Relations,Drama,2002.0
17,308,3,The Legend of the 7 Golden Vampires/7 Brothers of Dracula,Fantasy,1974.0
17,333,3,Mail Call: The Best of Season 2,Drama,2003.0
17,122,4,Cube 2: Hypercube,Drama,2002.0
17,2,4,Isle of Man TT 2004 Review,Drama,2004.0
17,257,3,Charlotte's Web,Drama,1973.0
17,182,4,Moby: Play,Drama,2001.0
17,449,5,Jimmy Buffett: MiniMatinee #1,Drama,2003.0
17,276,2,Cold Harvest,Drama,1998.0
17,185,1,Missing in Action 2: The Beginning / Missing in Action 3: Braddock,Action,1985.0
17,478,4,The Beverly Hillbillies,Drama,1962.0
17,368,5,The Best of Designing Women,Drama,1986.0
17,438,3,Bean: The Movie,Drama,1997.0
17,306,4,Sesame Street: Sing Yourself Silly!,Comedy,2005.0
17,69,3,WWE: Armageddon 2003,Drama,2003.0
17,109,5,No Way Back,Drama,1996.0
17,149,3,The Edward R. Murrow Collection,Action,2005.0
17,467,3,Topper Returns,Drama,1941.0
17,271,5,Saludos Amigos,Drama,1943.0
17,96,3,Inside the Space Station,Sci-Fi,2000.0
17,11,2,Full Frame: Documentary Shorts,Documentary,1999.0
17,272,5,Female Yakuza Tale,Drama,1973.0
17,27,3,Sesame Street: Elmo's World: The Street We Live On,Documentary,1962.0
17,311,2,Ed Wood,Drama,1994.0
17,392,5,Danielle Steel's Heartbeat,Drama,1993.0
17,479,3,George Carlin: What Am I Doing in New Jersey?,Drama,1988.0
17,117,4,Silk Stockings,Drama,1957.0
17,142,4,The Tricky Master,Drama,2000.0
17,239,2,Winnie the Pooh: Springtime with Roo,Drama,2004.0
17,419,4,George Lopez: Why You Crying?,Drama,2005.0
17,233,4,Chato's Land,Drama,1971.0
18,14,3,Nature: Antarctica,Documentary,1982.0
18,198,4,Gupt,Drama,1997.0
18,443,5,Rabbit-Proof Fence,Drama,2002.0
18,358,4,The Onion Field,Drama,1979.0
18,308,2,The Legend of the 7 Golden Vampires/7 Brothers of Dracula,Fantasy,1974.0
18,96,4,Inside the Space Station,Sci-Fi,2000.0
18,317,2,Mandela and de Klerk,Drama,1997.0
18,29,2,Boycott,Drama,2001.0
18,180,3,Scratch,Drama,2002.0
18,99,5,A Fishy Story,Drama,1989.0
18,384,4,Crossroads,Drama,1986.0
18,400,2,Rio Lobo,Drama,1970.0
18,20,3,Seeta Aur Geeta,Drama,1972.0
18,409,3,Godzilla vs. The Sea Monster,Drama,1966.0
18,419,1,George Lopez: Why You Crying?,Drama,2005.0
18,237,4,Broken Blossoms,Drama,1918.0
18,274,3,Crazy as Hell,Comedy,2002.0
18,137,2,Naked Lies,Drama,1998.0
18,152,2,A Little Princess,Drama,1995.0
18,353,5,Life or Something Like It,Drama,2002.0
18,233,3,Chato's Land,Drama,1971.0
18,408,5,Nightbreed,Horror,1990.0
18,202,5,Ruby's Bucket of Blood,Drama,2001.0
18,296,5,In His Life: The John Lennon Story,Drama,2000.0
18,477,3,George Carlin: Personal Favorites,Drama,1990.0
18,307,1,Godsmack: Smack This!,Drama,2002.0
18,225,4,The Cookout,Drama,2004.0
18,94,5,G3: Live in Concert,Drama,2000.0
18,34,3,Ashtanga Yoga: Beginner's Practice with Nicki Doane,Drama,2003.0
18,141,1,Goddess of Mercy,Drama,2004.0
18,373,3,Third World Cop,Documentary,2000.0
18,387,3,Bizet's Carmen,Drama,1984.0
18,130,2,Drowning on Dry Land,Drama,1999.0
18,71,1,Maya Lin: A Strong Clear Vision,Drama,1995.0
18,441,3,Dark Shadows: Vol. 9,Horror,1968.0
18,131,3,Arachnid,Drama,2002.0
18,167,5,The Chorus,Drama,2004.0
18,85,4,Elfen Lied,Drama,2005.0
18,490,4,The Passion of Ayn Rand,Romance,1999.0
18,306,3,Sesame Street: Sing Yourself Silly!,Comedy,2005.0
18,338,4,The Three Stooges: Three Smart Saps,Drama,1942.0
18,98,2,The Battle of Algiers: Bonus Material,Action,1965.0
18,420,2,Saturday Night Live: The Best of Dana Carvey,Horror,1999.0
18,18,5,Immortal Beloved,Drama,1994.0
18,471,4,City Lights,Drama,1931.0
18,269,3,Parenthood,Drama,1989.0
18,456,4,Emma (Miniseries),Drama,1996.0
18,216,4,Impostor,Drama,2000.0
18,294,5,Oasis,Drama,2002.0
18,370,4,Chaplin,Drama,1918.0
18,153,2,MTV Yoga,Drama,2002.0
18,172,3,Jack,Drama,2003.0
18,39,4,Love Reinvented,Drama,2000.0
18,154,5,Demon Warrior Koji,Action,2000.0
18,55,2,Jade,Drama,1995.0
18,340,4,Midnight: 2000 Seen By...,Horror,1998.0
18,3,2,Character,Drama,1997.0
18,238,3,Led Zeppelin: The Song Remains the Same,Drama,1976.0
18,249,5,The Hunters,Drama,1958.0
18,143,4,The Game,Drama,1997.0
18,5,3,The Rise and Fall of ECW,Drama,2004.0
18,402,3,Pan Tadeusz,Drama,1999.0
18,257,3,Charlotte's Web,Drama,1973.0
18,88,5,Record of Lodoss War: Chronicles of the Heroic Knight,Action,1998.0
18,337,4,Star 80,Sci-Fi,1983.0
18,392,2,Danielle Steel's Heartbeat,Drama,1993.0
18,253,5,A Night at the Opera,Horror,1935.0
18,265,5,The Jeff Corwin Experience: Costa Rica and the Amazon,Drama,2002.0
18,333,5,Mail Call: The Best of Season 2,Drama,2003.0
18,347,5,Iceman Cometh,Drama,1989.0
18,53,4,The Bonesetter,Drama,2003.0
18,324,3,Mother's Boys,Drama,1994.0
18,229,3,Peter Gabriel: Growing Up Live,Drama,2003.0
18,105,3,Obsessed,Drama,2002.0
18,491,3,Torn Curtain,Drama,1966.0
18,451,5,Batman the Animated Series: Vol. 3,Animation,1993.0
18,11,4,Full Frame: Documentary Shorts,Documentary,1999.0
18,411,5,Vendetta,Drama,1999.0
18,252,4,Stuart Little 2,Drama,2002.0
18,163,2,MTV: Making the Band 2: Best of Season 1,Drama,2002.0
19,390,1,The Fan,Drama,1981.0
19,287,5,Luther Vandross: Always and Forever: An Evening of Songs,Drama,1994.0
19,149,4,The Edward R. Murrow Collection,Action,2005.0
19,386,5,Princess Caraboo,Drama,1994.0
19,297,3,The Hebrew Hammer,Drama,2003.0
19,187,4,Death to Smoochy,Horror,2002.0
19,499,3,Under Suspicion,Drama,2000.0
19,413,5,Igby Goes Down,Drama,2002.0
19,153,3,MTV Yoga,Drama,2002.0
19,34,3,Ashtanga Yoga: Beginner's Practice with Nicki Doane,Drama,2003.0
19,406,4,Hostage,Drama,2005.0
19,118,4,Rambo: First Blood Part II,Drama,1985.0
19,86,3,Iron Monkey 2,Drama,1996.0
19,431,5,Millennium Actress,Drama,2002.0
19,326,3,The Plainsman,Drama,1937.0
19,373,3,Third World Cop,Documentary,2000.0
19,152,4,A Little Princess,Drama,1995.0
19,398,1,In the Realm of the Senses,Documentary,1976.0
19,240,2,Woman of the Year,Drama,1942.0
19,389,5,Steal,Drama,2002.0
19,186,3,Panic in the Streets,Drama,1950.0
19,168,3,Smokey and the Bandit Part 3,Drama,1983.0
19,464,5,The Return of Ruben Blades,Drama,1987.0
19,284,3,Sasquatch Hunters,Drama,2005.0
19,497,3,Broadway's Lost Treasures,Drama,2003.0
19,251,5,Midsomer Murders: Strangler's Wood,Thriller,2000.0
19,304,3,King of the Hill: Season 1,Drama,1997.0
19,160,5,Gormenghast,Drama,2000.0
19,250,5,Cast a Giant Shadow,Drama,1966.0
19,289,5,The Avengers,Drama,1998.0
19,12,3,My Favorite Brunette,Drama,1947.0
19,244,5,Stellvia,Drama,2004.0
19,333,4,Mail Call: The Best of Season 2,Drama,2003.0
19,418,2,The Deal,Drama,2004.0
19,128,1,Mr. Vampire,Drama,1985.0
19,94,3,G3: Live in Concert,Drama,2000.0
19,84,4,The Powerpuff Girls Movie,Drama,2002.0
19,452,4,Scorched,Drama,2002.0
19,467,3,Topper Returns,Drama,1941.0
19,282,3,Blue Seed: Beyond,Drama,2003.0
19,140,3,Lost in the Wild,Drama,1993.0
19,454,5,Xena: Warrior Princess: Season 3,Action,1995.0
19,231,2,Marooned in Iraq,Drama,2002.0
19,475,4,Surf Ninjas,Drama,1993.0
19,182,3,Moby: Play,Drama,2001.0
19,104,2,The Great Race,Drama,1965.0
20,283,5,If These Walls Could Talk,Drama,1996.0
20,117,3,Silk Stockings,Drama,1957.0
20,232,4,Gross Anatomy,Drama,1989.0
20,423,5,My Favorite Martian #1,Drama,1963.0
20,69,4,WWE: Armageddon 2003,Drama,2003.0
20,478,3,The Beverly Hillbillies,Drama,1962.0
20,67,3,Vampire Journals,Drama,1997.0
20,496,4,Primus: Hallucino-Genetics Live 2004,Drama,2004.0
20,45,3,The Love Letter,Drama,1999.0
20,40,4,Pitcher and the Pin-Up,Drama,2004.0
20,505,4,A Thousand Acres,Drama,1997.0
20,43,5,Silent Service,Drama,2000.0
20,143,5,The Game,Drama,1997.0
20,468,3,The Matrix: Revolutions,Drama,2003.0
20,386,4,Princess Caraboo,Drama,1994.0
20,452,2,Scorched,Drama,2002.0
20,110,4,Scandal,Drama,1989.0
20,464,3,The Return of Ruben Blades,Drama,1987.0
20,330,2,Wild Things,Drama,1998.0
20,499,4,Under Suspicion,Drama,2000.0
20,294,1,Oasis,Drama,2002.0
20,360,1,Lies,Drama,1999.0
20,20,3,Seeta Aur Geeta,Drama,1972.0
20,161,4,Ninotchka,Drama,1939.0
20,44,3,Spitfire Grill,Drama,1996.0
20,202,2,Ruby's Bucket of Blood,Drama,2001.0
20,460,3,Pink Narcissus,Drama,1971.0
20,227,4,The Carol Burnett Show: Show Stoppers,Drama,2001.0
20,170,4,Tomorrow,Drama,1972.0
20,465,3,Coolie No.1,Drama,1995.0
20,46,5,Rudolph the Red-Nosed Reindeer,Drama,1964.0
20,27,4,Sesame Street: Elmo's World: The Street We Live On,Documentary,1962.0
20,370,3,Chaplin,Drama,1918.0
20,144,3,Deepak Chopra: The Way of the Wizard & Alchemy,Fantasy,2000.0
20,426,2,Recess: School's Out,Drama,2001.0
20,325,3,Ghosts of Rwanda: Frontline,Horror,2004.0
20,233,5,Chato's Land,Drama,1971.0
20,231,4,Marooned in Iraq,Drama,2002.0
20,36,5,Lady Chatterley,Drama,1992.0
20,218,3,Triumph: Live at the US Festival,Drama,1983.0
20,30,5,Something's Gotta Give,Drama,2003.0
21,359,4,Absolutely Fabulous: Series 5,Drama,2003.0
21,147,2,Where Sleeping Dogs Lie,Drama,1992.0
21,122,3,Cube 2: Hypercube,Drama,2002.0
21,234,4,Animation Legend: Winsor McCay,Animation,1921.0
21,50,3,A Yank in the R.A.F.,Drama,1941.0
21,196,2,Peter Tosh: Stepping Razor: Red X,Drama,1992.0
21,462,2,Classic Cartoon Favorites: Starring Donald,Animation,2005.0
21,297,4,The Hebrew Hammer,Drama,2003.0
21,479,4,George Carlin: What Am I Doing in New Jersey?,Drama,1988.0
21,67,3,Vampire Journals,Drama,1997.0
21,104,3,The Great Race,Drama,1965.0
21,344,5,The Taming of the Shrew,Drama,1967.0
21,429,3,Zeus and Roxanne,Drama,1997.0
21,472,5,Mr. Jealousy,Drama,1998.0
21,456,2,Emma (Miniseries),Drama,1996.0
21,111,5,Duplex (Widescreen),Drama,2003.0
21,227,4,The Carol Burnett Show: Show Stoppers,Drama,2001.0
21,315,5,Combat! Season 3: Operation 2,Action,1964.0
21,294,2,Oasis,Drama,2002.0
21,501,1,Three Days of the Condor,Drama,1975.0
21,16,5,Screamers,Drama,1996.0
21,504,2,The Twilight Zone: Vol. 27,Drama,1964.0
21,148,4,Sweet November,Drama,2001.0
21,333,5,Mail Call: The Best of Season 2,Drama,2003.0
21,92,4,ECW: Cyberslam '99,Sci-Fi,2002.0
21,168,4,Smokey and the Bandit Part 3,Drama,1983.0
21,447,4,The Making of Fanny and Alexander,Drama,1986.0
21,130,5,Drowning on Dry Land,Drama,1999.0
21,263,4,Dragon Ball: Tournament Saga,Fantasy,2001.0
21,70,2,Tai Chi: The 24 Forms,Drama,1999.0
21,87,5,Louder Than Bombs,Drama,2002.0
21,289,4,The Avengers,Drama,1998.0
21,212,4,Querelle,Drama,1982.0
21,242,4,Neon Genesis Evangelion: The End of Evangelion,Drama,1995.0
21,115,5,Lord Peter Wimsey: Murder Must Advertise,Thriller,1973.0
21,184,5,Billy Blanks: Tae Bo: Cardio Circuit 1,Drama,2004.0
21,386,4,Princess Caraboo,Drama,1994.0
21,194,4,Arliss: The Best of Arliss,Drama,1996.0
21,349,4,The Swarm,Action,1978.0
21,364,5,Billy Blanks: Tae Bo: Contact 2,Drama,2004.0
21,157,2,Laird: White Knuckle Extreme,Drama,2004.0
22,140,4,Lost in the Wild,Drama,1993.0
22,489,4,Return to Paradise,Drama,1998.0
22,39,1,Love Reinvented,Drama,2000.0
22,198,4,Gupt,Drama,1997.0
22,73,3,Davy Crockett: 50th Anniversary Double Feature,Drama,1954.0
22,139,4,Allergies: A Natural Approach,Drama,2001.0
22,299,4,Bridget Jones's Diary,Drama,2001.0
22,93,3,They Came Back,Drama,2004.0
22,452,4,Scorched,Drama,2002.0
22,359,4,Absolutely Fabulous: Series 5,Drama,2003.0
22,208,4,The Three Stooges: Sing a Song of Six Pants,Drama,1947.0
22,147,4,Where Sleeping Dogs Lie,Drama,1992.0
22,280,4,Sarah Brightman: In Concert,Drama,1998.0
22,254,3,Westender,Drama,2003.0
22,314,5,Saturday Night Live: The Best of Jon Lovitz,Horror,1985.0
22,168,4,Smokey and the Bandit Part 3,Drama,1983.0
22,205,5,Troy: Bonus Material,Drama,2004.0
22,389,4,Steal,Drama,2002.0
22,157,4,Laird: White Knuckle Extreme,Drama,2004.0
22,83,3,Silkwood,Drama,1983.0
22,447,3,The Making of Fanny and Alexander,Drama,1986.0
22,371,5,The Trouble with Angels,Drama,1966.0
22,260,4,Marat / Sade,Drama,1967.0
22,430,3,Chobits,Drama,2002.0
22,279,2,Micki and Maude,Drama,1984.0
22,155,5,The Strongest Man in the World,Documentary,1975.0
22,224,4,Midsomer Murders: Blood Will Out,Thriller,1999.0
22,287,2,Luther Vandross: Always and Forever: An Evening of Songs,Drama,1994.0
22,333,4,Mail Call: The Best of Season 2,Drama,2003.0
22,194,3,Arliss: The Best of Arliss,Drama,1996.0
22,219,3,Neon Bible,Drama,1995.0
22,153,4,MTV Yoga,Drama,2002.0
22,402,3,Pan Tadeusz,Drama,1999.0
22,238,3,Led Zeppelin: The Song Remains the Same,Drama,1976.0
22,405,5,Wings of Desire,Drama,1987.0
22,300,1,Option Zero,Drama,1997.0
22,36,3,Lady Chatterley,Drama,1992.0
22,119,5,Travel the World by Train: Africa,Documentary,1999.0
22,49,4,Devo: The Complete Truth About De-evolution,Drama,2003.0
22,431,5,Millennium Actress,Drama,2002.0
22,66,5,Barbarian Queen 2,Drama,1989.0
22,499,5,Under Suspicion,Drama,2000.0
22,309,2,The Day of the Locust,Drama,1975.0
22,505,2,A Thousand Acres,Drama,1997.0
22,18,4,Immortal Beloved,Drama,1994.0
22,227,2,The Carol Burnett Show: Show Stoppers,Drama,2001.0
22,249,1,The Hunters,Drama,1958.0
22,323,4,Modern Vampires,Drama,1999.0
22,395,4,Captain Blood,Drama,1935.0
22,259,5,Animal,Drama,2004.0
22,422,4,The Unsinkable Molly Brown,Drama,1964.0
22,360,5,Lies,Drama,1999.0
22,242,4,Neon Genesis Evangelion: The End of Evangelion,Drama,1995.0
22,163,2,MTV: Making the Band 2: Best of Season 1,Drama,2002.0
23,18,4,Immortal Beloved,Drama,1994.0
23,235,2,Unhook the Stars,Sci-Fi,1996.0
23,367,4,Spun,Drama,2003.0
23,303,5,Les Liaisons Dangereuses,Drama,1959.0
23,359,4,Absolutely Fabulous: Series 5,Drama,2003.0
23,164,5,One Last Dance,Drama,2003.0
23,429,2,Zeus and Roxanne,Drama,1997.0
23,342,4,Noir,Drama,2001.0
23,79,3,The Killing,Thriller,1956.0
23,225,5,The Cookout,Drama,2004.0
23,437,5,Beyblade: Fierce Battle,Action,2005.0
23,12,5,My Favorite Brunette,Drama,1947.0
23,283,3,If These Walls Could Talk,Drama,1996.0
23,396,4,Arjuna: Complete Collection,Drama,2001.0
23,166,4,Fame,Drama,1980.0
23,180,3,Scratch,Drama,2002.0
23,338,4,The Three Stooges: Three Smart Saps,Drama,1942.0
23,273,5,Taxi,Drama,2004.0
23,161,3,Ninotchka,Drama,1939.0
23,76,3,I Love Lucy: Season 2,Drama,1952.0
23,255,3,The Hunchback of Notre Dame II,Drama,2001.0
23,246,2,The Boston Strangler,Drama,1968.0
23,19,5,By Dawn's Early Light,Drama,2000.0
23,9,3,Class of Nuke 'Em High 2,Drama,1991.0
23,142,3,The Tricky Master,Drama,2000.0
23,80,4,Winter Kills,Thriller,1979.0
23,411,3,Vendetta,Drama,1999.0
23,100,3,Sam the Iron Bridge,Drama,1993.0
23,61,4,Ricky Martin: One Night Only,Horror,1999.0
23,179,3,Bollywood Bound,Drama,2003.0
23,442,1,Mississippi Burning,Drama,1988.0
23,217,5,Cherry 2000,Drama,1988.0
23,502,3,Mitch Hedberg: Mitch All Together,Drama,2003.0
23,170,3,Tomorrow,Drama,1972.0
23,362,3,The Flintstones in Viva Rock Vegas,Drama,2000.0
23,410,4,Frank Lloyd Wright,Drama,1998.0
23,124,3,Cold Blooded,Drama,2000.0
23,248,5,Michael Moore's The Awful Truth: Season 2,Drama,2001.0
23,117,5,Silk Stockings,Drama,1957.0
23,378,3,Party Monster,Drama,2003.0
23,267,2,Touched by an Angel: Season 1,Drama,1994.0
24,70,5,Tai Chi: The 24 Forms,Drama,1999.0
24,20,5,Seeta Aur Geeta,Drama,1972.0
24,112,4,The Eye of Vichy,Drama,1993.0
24,311,3,Ed Wood,Drama,1994.0
24,269,5,Parenthood,Drama,1989.0
24,322,4,Flesh Gordon,Drama,1974.0
24,161,2,Ninotchka,Drama,1939.0
24,186,3,Panic in the Streets,Drama,1950.0
24,99,4,A Fishy Story,Drama,1989.0
24,271,4,Saludos Amigos,Drama,1943.0
24,331,5,Chasing Amy,Drama,1997.0
24,137,3,Naked Lies,Drama,1998.0
24,423,2,My Favorite Martian #1,Drama,1963.0
24,48,5,Justice League,Drama,2001.0
24,354,1,Sadomania,Drama,1981.0
24,500,3,Mail Call: The Best of Season 1,Drama,2002.0
24,301,4,Hard Ground,Drama,2003.0
24,159,5,Gentlemen of Fortune,Drama,1971.0
24,23,4,Clifford: Clifford Saves the Day! / Clifford's Fluffiest Friend Cleo,Drama,2001.0
24,475,5,Surf Ninjas,Drama,1993.0
24,31,3,Classic Albums: Meat Loaf: Bat Out of Hell,Drama,1999.0
24,368,2,The Best of Designing Women,Drama,1986.0
24,267,3,Touched by an Angel: Season 1,Drama,1994.0
24,54,3,We're Not Married,Drama,1952.0
24,49,3,Devo: The Complete Truth About De-evolution,Drama,2003.0
24,309,2,The Day of the Locust,Drama,1975.0
24,352,4,Pick a Card,Drama,1997.0
24,247,4,Oleanna,Drama,1994.0
24,374,2,The Little Girl Who Lives Down the Lane,Drama,1976.0
24,502,5,Mitch Hedberg: Mitch All Together,Drama,2003.0
24,323,3,Modern Vampires,Drama,1999.0
24,287,2,Luther Vandross: Always and Forever: An Evening of Songs,Drama,1994.0
24,171,4,Funny Face,Comedy,1957.0
24,398,1,In the Realm of the Senses,Documentary,1976.0
24,306,4,Sesame Street: Sing Yourself Silly!,Comedy,2005.0
24,139,1,Allergies: A Natural Approach,Drama,2001.0
24,336,2,The Driver,Drama,1978.0
24,503,5,Max and Ruby: Springtime for Max and Ruby,Drama,2005.0
24,33,3,Aqua Teen Hunger Force: Vol. 1,Action,2000.0
24,335,3,Fear No Evil,Horror,1981.0
24,494,5,Monty Python's The Meaning of Life: Special Edition,Drama,1983.0
24,461,3,Nightwalker #1: Midnight Detective,Horror,2000.0
24,344,4,The Taming of the Shrew,Drama,1967.0
24,307,5,Godsmack: Smack This!,Drama,2002.0
24,244,4,Stellvia,Drama,2004.0
24,305,2,Jack,Drama,1996.0
24,312,3,High Fidelity,Drama,2000.0
24,15,5,Neil Diamond: Greatest Hits Live,Drama,1988.0
24,491,3,Torn Curtain,Drama,1966.0
24,69,5,WWE: Armageddon 2003,Drama,2003.0
24,155,5,The Strongest Man in the World,Documentary,1975.0
24,240,4,Woman of the Year,Drama,1942.0
24,251,4,Midsomer Murders: Strangler's Wood,Thriller,2000.0
24,78,3,Jingle All the Way,Drama,1996.0
24,209,3,Star Trek: Deep Space Nine: Season 5,Sci-Fi,1996.0
24,445,3,Michael Collins,Drama,1996.0
24,470,3,Beneath Loch Ness,Drama,2001.0
24,152,2,A Little Princess,Drama,1995.0
24,113,2,Bruce Lee: A Warrior's Journey,Action,2000.0
24,162,5,John Cleese on How to Irritate People,Drama,1968.0
24,450,2,Isaac Stern: Life's Virtuoso,Drama,2000.0
24,184,5,Billy Blanks: Tae Bo: Cardio Circuit 1,Drama,2004.0
24,367,1,Spun,Drama,2003.0
24,329,4,Dogma,Drama,1999.0
24,181,3,The Last Shot,Drama,2004.0
24,178,5,Regular Guys,Drama,1996.0
24,220,3,Winston Churchill: The Wilderness Years,Drama,1983.0
25,161,1,Ninotchka,Drama,1939.0
25,59,5,Sex and the Beauties,Drama,2003.0
25,227,3,The Carol Burnett Show: Show Stoppers,Drama,2001.0
25,219,4,Neon Bible,Drama,1995.0
25,334,2,The Pacifier,Drama,2005.0
25,151,4,Sleepover Nightmare,Horror,2005.0
25,441,3,Dark Shadows: Vol. 9,Horror,1968.0
25,301,3,Hard Ground,Drama,2003.0
25,204,5,Venus Boyz,Drama,2002.0
25,157,4,Laird: White Knuckle Extreme,Drama,2004.0
25,77,3,Congo,Drama,1995.0
25,10,1,Fighter,Action,2001.0
25,189,5,Airplane II: The Sequel,Drama,1982.0
25,464,5,The Return of Ruben Blades,Drama,1987.0
25,89,4,Chain of Command,Drama,2000.0
25,403,3,Substitute 4: Failure is Not an Option,Drama,2000.0
25,445,3,Michael Collins,Drama,1996.0
25,266,3,Saudade Do Futuro,Drama,2000.0
25,97,5,Mostly Martha,Drama,2002.0
25,431,4,Millennium Actress,Drama,2002.0
25,376,3,Genesis: The Way We Walk: Live in Concert,Drama,2001.0
25,187,3,Death to Smoochy,Horror,2002.0
25,34,5,Ashtanga Yoga: Beginner's Practice with Nicki Doane,Drama,2003.0
25,310,5,Leila,Drama,2000.0
25,112,5,The Eye of Vichy,Drama,1993.0
25,193,4,Marilyn Manson: Fear of a Satanic Planet,Horror,2005.0
25,144,3,Deepak Chopra: The Way of the Wizard & Alchemy,Fantasy,2000.0
25,40,1,Pitcher and the Pin-Up,Drama,2004.0
25,155,4,The Strongest Man in the World,Documentary,1975.0
25,83,3,Silkwood,Drama,1983.0
25,61,4,Ricky Martin: One Night Only,Horror,1999.0
25,425,4,The 10th Kingdom,Fantasy,2000.0
25,283,2,If These Walls Could Talk,Drama,1996.0
25,228,4,Butch and Sundance: The Early Days,Drama,1979.0
25,94,4,G3: Live in Concert,Drama,2000.0
25,120,4,Plain Dirty,Drama,2004.0
25,212,5,Querelle,Drama,1982.0
25,321,4,Ju-Rei: The Uncanny,Drama,2004.0
25,277,3,Enigma: MCMXC A.D,Drama,2003.0
25,389,3,Steal,Drama,2002.0
25,477,4,George Carlin: Personal Favorites,Drama,1990.0
25,272,4,Female Yakuza Tale,Drama,1973.0
25,168,5,Smokey and the Bandit Part 3,Drama,1983.0
25,494,4,Monty Python's The Meaning of Life: Special Edition,Drama,1983.0
25,131,5,Arachnid,Drama,2002.0
25,435,5,Love Can Seriously Damage Your Health,Drama,1996.0
25,393,4,The Replacement Killers,Thriller,1998.0
25,3,1,Character,Drama,1997.0
25,186,5,Panic in the Streets,Drama,1950.0
25,262,3,Herbie Rides Again,Drama,1974.0
25,32,3,ABC Primetime: Mel Gibson's The Passion of the Christ,Romance,2004.0
25,351,3,Guns of the Magnificent Seven,Drama,1969.0
25,176,3,The History Channel Presents: Troy: Unearthing the Legend,Drama,2004.0
25,171,4,Funny Face,Comedy,1957.0
25,196,2,Peter Tosh: Stepping Razor: Red X,Drama,1992.0
25,475,2,Surf Ninjas,Drama,1993.0
25,159,4,Gentlemen of Fortune,Drama,1971.0
25,222,4,Yellow,Drama,1998.0
26,107,4,Magnolia: Bonus Material,Drama,2000.0
26,406,4,Hostage,Drama,2005.0
26,35,5,Ferngully 2: The Magical Rescue,Animation,2000.0
26,53,1,The Bonesetter,Drama,2003.0
26,361,5,The Phantom of the Opera: Special Edition,Drama,2004.0
26,258,5,Mann,Drama,1999.0
26,343,3,French and Saunders: Live,Drama,2000.0
26,239,5,Winnie the Pooh: Springtime with Roo,Drama,2004.0
26,423,3,My Favorite Martian #1,Drama,1963.0
26,377,2,Dick Francis: The Racing Game,Drama,1979.0
26,184,3,Billy Blanks: Tae Bo: Cardio Circuit 1,Drama,2004.0
26,321,5,Ju-Rei: The Uncanny,Drama,2004.0
26,120,2,Plain Dirty,Drama,2004.0
26,76,3,I Love Lucy: Season 2,Drama,1952.0
26,464,4,The Return of Ruben Blades,Drama,1987.0
26,201,4,Home Movie,Drama,2001.0
26,161,4,Ninotchka,Drama,1939.0
26,459,4,Basquiat,Drama,1996.0
26,349,4,The Swarm,Action,1978.0
26,270,3,Sex and the City: Season 4,Drama,2001.0
26,468,4,The Matrix: Revolutions,Drama,2003.0
26,502,2,Mitch Hedberg: Mitch All Together,Drama,2003.0
26,447,5,The Making of Fanny and Alexander,Drama,1986.0
26,305,3,Jack,Drama,1996.0
26,372,5,Jeans,Drama,1998.0
26,134,3,Spirit Lost,Drama,1996.0
26,150,4,Firetrap,Drama,2001.0
26,236,3,Cartoon Crazys Sci-Fi,Comedy,1998.0
26,295,2,Ace Ventura: When Nature Calls,Documentary,1995.0
26,374,1,The Little Girl Who Lives Down the Lane,Drama,1976.0
26,472,2,Mr. Jealousy,Drama,1998.0
26,81,3,Antarctica: IMAX,Drama,1991.0
26,29,4,Boycott,Drama,2001.0
26,111,5,Duplex (Widescreen),Drama,2003.0
26,67,3,Vampire Journals,Drama,1997.0
26,291,2,Chained Heat 3: Hell Mountain,Drama,2000.0
26,293,2,Lennon Legend: The Very Best of John Lennon,Fantasy,2003.0
26,354,4,Sadomania,Drama,1981.0
26,272,5,Female Yakuza Tale,Drama,1973.0
26,227,5,The Carol Burnett Show: Show Stoppers,Drama,2001.0
26,375,4,Nine Dead Gay Guys,Drama,2003.0
26,11,4,Full Frame: Documentary Shorts,Documentary,1999.0
26,364,5,Billy Blanks: Tae Bo: Contact 2,Drama,2004.0
26,301,4,Hard Ground,Drama,2003.0
26,196,4,Peter Tosh: Stepping Razor: Red X,Drama,1992.0
26,128,3,Mr. Vampire,Drama,1985.0
26,356,2,Look at Me,Drama,2005.0
26,98,3,The Battle of Algiers: Bonus Material,Action,1965.0
26,474,3,Legend of 1900,Fantasy,1998.0
26,399,4,Fangs,Drama,2001.0
26,279,5,Micki and Maude,Drama,1984.0
26,118,4,Rambo: First Blood Part II,Drama,1985.0
26,251,5,Midsomer Murders: Strangler's Wood,Thriller,2000.0
26,33,3,Aqua Teen Hunger Force: Vol. 1,Action,2000.0
26,122,3,Cube 2: Hypercube,Drama,2002.0
26,210,2,Onmyoji,Drama,2001.0
26,133,3,Viva La Bam: Season 1,Drama,2003.0
26,462,4,Classic Cartoon Favorites: Starring Donald,Animation,2005.0
26,160,4,Gormenghast,Drama,2000.0
26,308,5,The Legend of the 7 Golden Vampires/7 Brothers of Dracula,Fantasy,1974.0
26,327,4,Storefront Hitchcock,Drama,1997.0
26,302,3,The Isle,Drama,2001.0
26,310,5,Leila,Drama,2000.0
26,20,3,Seeta Aur Geeta,Drama,1972.0
26,61,5,Ricky Martin: One Night Only,Horror,1999.0
26,411,3,Vendetta,Drama,1999.0
26,336,4,The Driver,Drama,1978.0
26,152,5,A Little Princess,Drama,1995.0
26,116,4,Bear Cub,Drama,2004.0
27,206,3,Unconstitutional: The War on Our Civil Liberties,Action,2004.0
27,382,3,Buried in the Sand: The Deception of America,Drama,2004.0
27,377,3,Dick Francis: The Racing Game,Drama,1979.0
27,276,3,Cold Harvest,Drama,1998.0
27,322,4,Flesh Gordon,Drama,1974.0
27,219,3,Neon Bible,Drama,1995.0
27,313,3,Pay It Forward,Action,2000.0
27,215,3,That '70s Show: Season 1,Drama,1998.0
27,475,3,Surf Ninjas,Drama,1993.0
27,258,3,Mann,Drama,1999.0
27,303,3,Les Liaisons Dangereuses,Drama,1959.0
27,141,4,Goddess of Mercy,Drama,2004.0
27,177,2,Pressure,Drama,2002.0
27,323,3,Modern Vampires,Drama,1999.0
27,492,5,Mrs. Soffel,Drama,1984.0
27,25,3,Inspector Morse 31: Death Is Now My Neighbour,Horror,1997.0
27,302,2,The Isle,Drama,2001.0
27,89,2,Chain of Command,Drama,2000.0
27,399,2,Fangs,Drama,2001.0
27,4,5,Paula Abdul's Get Up & Dance,Drama,1994.0
27,27,5,Sesame Street: Elmo's World: The Street We Live On,Documentary,1962.0
27,201,2,Home Movie,Drama,2001.0
27,210,4,Onmyoji,Drama,2001.0
27,64,5,Outside the Law,Drama,2001.0
27,86,3,Iron Monkey 2,Drama,1996.0
27,291,3,Chained Heat 3: Hell Mountain,Drama,2000.0
27,222,5,Yellow,Drama,1998.0
27,450,1,Isaac Stern: Life's Virtuoso,Drama,2000.0
27,442,5,Mississippi Burning,Drama,1988.0
27,59,4,Sex and the Beauties,Drama,2003.0
27,309,5,The Day of the Locust,Drama,1975.0
27,202,2,Ruby's Bucket of Blood,Drama,2001.0
27,243,3,Pressure Point,Drama,1962.0
27,368,2,The Best of Designing Women,Drama,1986.0
27,238,3,Led Zeppelin: The Song Remains the Same,Drama,1976.0
27,73,4,Davy Crockett: 50th Anniversary Double Feature,Drama,1954.0
27,54,5,We're Not Married,Drama,1952.0
27,168,1,Smokey and the Bandit Part 3,Drama,1983.0
27,386,4,Princess Caraboo,Drama,1994.0
27,95,5,Dona Herlinda and Her Son,Drama,1985.0
27,137,5,Naked Lies,Drama,1998.0
28,400,3,Rio Lobo,Drama,1970.0
28,284,4,Sasquatch Hunters,Drama,2005.0
28,109,3,No Way Back,Drama,1996.0
28,57,4,Richard III,Drama,1995.0
28,391,3,The Monkees: Season 2,Drama,1967.0
28,205,3,Troy: Bonus Material,Drama,2004.0
28,480,3,Flypaper,Drama,1997.0
28,127,4,Fatal Beauty,Drama,1987.0
28,411,3,Vendetta,Drama,1999.0
28,358,4,The Onion Field,Drama,1979.0
28,11,4,Full Frame: Documentary Shorts,Documentary,1999.0
28,399,4,Fangs,Drama,2001.0
28,267,4,Touched by an Angel: Season 1,Drama,1994.0
28,314,3,Saturday Night Live: The Best of Jon Lovitz,Horror,1985.0
28,222,5,Yellow,Drama,1998.0
28,239,2,Winnie the Pooh: Springtime with Roo,Drama,2004.0
28,189,2,Airplane II: The Sequel,Drama,1982.0
28,140,2,Lost in the Wild,Drama,1993.0
28,318,5,Beyond Suspicion,Drama,1994.0
28,181,4,The Last Shot,Drama,2004.0
28,165,5,Richard Pryor: Live on the Sunset Strip,Drama,1982.0
28,429,2,Zeus and Roxanne,Drama,1997.0
28,454,5,Xena: Warrior Princess: Season 3,Action,1995.0
28,273,3,Taxi,Drama,2004.0
28,320,1,Eat Your Heart Out,Drama,1997.0
28,27,5,Sesame Street: Elmo's World: The Street We Live On,Documentary,1962.0
28,330,2,Wild Things,Drama,1998.0
28,335,3,Fear No Evil,Horror,1981.0
28,237,3,Broken Blossoms,Drama,1918.0
28,159,4,Gentlemen of Fortune,Drama,1971.0
28,172,3,Jack,Drama,2003.0
28,174,5,Adam-12: Season 1,Drama,1968.0
28,265,4,The Jeff Corwin Experience: Costa Rica and the Amazon,Drama,2002.0
28,305,4,Jack,Drama,1996.0
28,297,5,The Hebrew Hammer,Drama,2003.0
28,61,3,Ricky Martin: One Night Only,Horror,1999.0
28,505,3,A Thousand Acres,Drama,1997.0
28,328,5,Deftones: Live in Hawaii,Drama,2002.0
28,94,4,G3: Live in Concert,Drama,2000.0
28,341,2,Tremors 4: The Legend Begins,Fantasy,2004.0
28,458,2,Blast,Drama,2001.0
28,252,4,Stuart Little 2,Drama,2002.0
28,441,1,Dark Shadows: Vol. 9,Horror,1968.0
28,19,3,By Dawn's Early Light,Drama,2000.0
28,225,3,The Cookout,Drama,2004.0
28,210,3,Onmyoji,Drama,2001.0
28,124,2,Cold Blooded,Drama,2000.0
28,294,3,Oasis,Drama,2002.0
28,246,5,The Boston Strangler,Drama,1968.0
28,188,5,Dead Birds,Drama,2005.0
28,392,4,Danielle Steel's Heartbeat,Drama,1993.0
28,369,3,Playing Mona Lisa,Drama,2000.0
28,73,3,Davy Crockett: 50th Anniversary Double Feature,Drama,1954.0
28,91,4,WWE: Royal Rumble 2005,Drama,2005.0
29,367,4,Spun,Drama,2003.0
29,414,1,Girl,Drama,1999.0
29,420,5,Saturday Night Live: The Best of Dana Carvey,Horror,1999.0
29,193,4,Marilyn Manson: Fear of a Satanic Planet,Horror,2005.0
29,165,1,Richard Pryor: Live on the Sunset Strip,Drama,1982.0
29,41,5,Horror Vision,Horror,2000.0
29,227,3,The Carol Burnett Show: Show Stoppers,Drama,2001.0
29,80,5,Winter Kills,Thriller,1979.0
29,84,4,The Powerpuff Girls Movie,Drama,2002.0
29,442,2,Mississippi Burning,Drama,1988.0
29,108,4,Spartan,Drama,2004.0
29,269,4,Parenthood,Drama,1989.0
29,311,5,Ed Wood,Drama,1994.0
29,61,4,Ricky Martin: One Night Only,Horror,1999.0
29,282,2,Blue Seed: Beyond,Drama,2003.0
29,417,5,Transformers: Season 3: Part 1,Drama,1986.0
29,252,3,Stuart Little 2,Drama,2002.0
29,251,5,Midsomer Murders: Strangler's Wood,Thriller,2000.0
29,364,3,Billy Blanks: Tae Bo: Contact 2,Drama,2004.0
29,211,3,The Agronomist,Drama,2004.0
29,379,3,Crash Dive,Drama,1996.0
29,47,3,The Bad and the Beautiful,Drama,1952.0
29,159,3,Gentlemen of Fortune,Drama,1971.0
29,408,5,Nightbreed,Horror,1990.0
29,38,2,Daydream Obsession,Drama,2003.0
29,2,4,Isle of Man TT 2004 Review,Drama,2004.0
29,355,4,Sinful Nuns of St. Valentine,Romance,1973.0
29,226,5,Henry: Portrait of a Serial Killer 2,Thriller,1996.0
29,471,4,City Lights,Drama,1931.0
29,241,2,North by Northwest,Drama,1959.0
29,74,3,6ixtynin9,Drama,1999.0
29,385,4,The Santa Clause 2,Drama,2002.0
29,349,4,The Swarm,Action,1978.0
29,465,4,Coolie No.1,Drama,1995.0
29,225,5,The Cookout,Drama,2004.0
29,328,4,Deftones: Live in Hawaii,Drama,2002.0
29,57,4,Richard III,Drama,1995.0
29,180,1,Scratch,Drama,2002.0
29,60,3,The Libertine,Drama,1969.0
29,73,3,Davy Crockett: 50th Anniversary Double Feature,Drama,1954.0
29,351,1,Guns of the Magnificent Seven,Drama,1969.0
29,209,2,Star Trek: Deep Space Nine: Season 5,Sci-Fi,1996.0
29,393,3,The Replacement Killers,Thriller,1998.0
29,207,3,Denise Austin: Ultimate Fat Burner,Drama,2001.0
29,249,4,The Hunters,Drama,1958.0
29,308,3,The Legend of the 7 Golden Vampires/7 Brothers of Dracula,Fantasy,1974.0
29,234,4,Animation Legend: Winsor McCay,Animation,1921.0
29,97,3,Mostly Martha,Drama,2002.0
29,253,4,A Night at the Opera,Horror,1935.0
29,243,4,Pressure Point,Drama,1962.0
29,377,5,Dick Francis: The Racing Game,Drama,1979.0
30,290,3,Harold and Kumar Go to White Castle,Drama,2004.0
30,467,3,Topper Returns,Drama,1941.0
30,105,2,Obsessed,Drama,2002.0
30,44,2,Spitfire Grill,Drama,1996.0
30,352,3,Pick a Card,Drama,1997.0
30,190,3,Blood and Sand,Drama,1989.0
30,171,2,Funny Face,Comedy,1957.0
30,330,4,Wild Things,Drama,1998.0
30,155,2,The Strongest Man in the World,Documentary,1975.0
30,445,4,Michael Collins,Drama,1996.0
30,90,5,The Lemon Drop Kid,Drama,1951.0
30,177,4,Pressure,Drama,2002.0
30,103,3,Sanford and Son: Season 6,Drama,1976.0
30,60,3,The Libertine,Drama,1969.0
30,232,5,Gross Anatomy,Drama,1989.0
30,254,3,Westender,Drama,2003.0
30,358,5,The Onion Field,Drama,1979.0
30,27,2,Sesame Street: Elmo's World: The Street We Live On,Documentary,1962.0
30,395,4,Captain Blood,Drama,1935.0
30,364,5,Billy Blanks: Tae Bo: Contact 2,Drama,2004.0
30,180,3,Scratch,Drama,2002.0
30,227,3,The Carol Burnett Show: Show Stoppers,Drama,2001.0
30,425,4,The 10th Kingdom,Fantasy,2000.0
30,271,4,Saludos Amigos,Drama,1943.0
30,234,4,Animation Legend: Winsor McCay,Animation,1921.0
30,276,5,Cold Harvest,Drama,1998.0
30,410,3,Frank Lloyd Wright,Drama,1998.0
30,163,5,MTV: Making the Band 2: Best of Season 1,Drama,2002.0
30,207,1,Denise Austin: Ultimate Fat Burner,Drama,2001.0
30,299,5,Bridget Jones's Diary,Drama,2001.0
30,422,5,The Unsinkable Molly Brown,Drama,1964.0
30,110,3,Scandal,Drama,1989.0
30,341,2,Tremors 4: The Legend Begins,Fantasy,2004.0
30,167,3,The Chorus,Drama,2004.0
30,37,4,Zatoichi's Conspiracy,Drama,1973.0
30,314,3,Saturday Night Live: The Best of Jon Lovitz,Horror,1985.0
30,222,4,Yellow,Drama,1998.0
30,200,5,The Fall of the Roman Empire,Drama,1964.0
30,142,2,The Tricky Master,Drama,2000.0
30,376,1,Genesis: The Way We Walk: Live in Concert,Drama,2001.0
30,470,3,Beneath Loch Ness,Drama,2001.0
30,211,3,The Agronomist,Drama,2004.0
30,339,3,Rolling Stones: Rock and Roll Circus,Drama,1968.0
30,223,5,Chappelle's Show: Season 1,Drama,2003.0
30,361,3,The Phantom of the Opera: Special Edition,Drama,2004.0
30,206,3,Unconstitutional: The War on Our Civil Liberties,Action,2004.0
30,40,3,Pitcher and the Pin-Up,Drama,2004.0
30,237,3,Broken Blossoms,Drama,1918.0
30,174,4,Adam-12: Season 1,Drama,1968.0
30,336,5,The Driver,Drama,1978.0
30,109,4,No Way Back,Drama,1996.0
30,500,5,Mail Call: The Best of Season 1,Drama,2002.0
30,406,4,Hostage,Drama,2005.0
30,359,1,Absolutely Fabulous: Series 5,Drama,2003.0
30,306,3,Sesame Street: Sing Yourself Silly!,Comedy,2005.0
30,43,4,Silent Service,Drama,2000.0
30,214,4,Read-Along: Beauty and the Beast,Drama,2002.0
30,231,4,Marooned in Iraq,Drama,2002.0
30,353,5,Life or Something Like It,Drama,2002.0
30,91,2,WWE: Royal Rumble 2005,Drama,2005.0
30,79,4,The Killing,Thriller,1956.0
30,356,5,Look at Me,Drama,2005.0
30,250,2,Cast a Giant Shadow,Drama,1966.0
30,28,5,Lilo and Stitch,Drama,2002.0
30,464,5,The Return of Ruben Blades,Drama,1987.0
30,411,2,Vendetta,Drama,1999.0
30,486,4,Journey to the Center of the Earth,Drama,1959.0
30,459,4,Basquiat,Drama,1996.0
30,312,3,High Fidelity,Drama,2000.0
30,204,2,Venus Boyz,Drama,2002.0
30,420,3,Saturday Night Live: The Best of Dana Carvey,Horror,1999.0
30,34,3,Ashtanga Yoga: Beginner's Practice with Nicki Doane,Drama,2003.0
30,125,1,Nighthawks,Horror,1981.0
30,158,2,A Killer Within,Thriller,2004.0
30,382,2,Buried in the Sand: The Deception of America,Drama,2004.0
30,81,2,Antarctica: IMAX,Drama,1991.0
30,458,4,Blast,Drama,2001.0
30,282,5,Blue Seed: Beyond,Drama,2003.0
30,212,3,Querelle,Drama,1982.0
31,230,4,Unsolved Mysteries: Psychics,Drama,1987.0
31,200,5,The Fall of the Roman Empire,Drama,1964.0
31,362,5,The Flintstones in Viva Rock Vegas,Drama,2000.0
31,354,2,Sadomania,Drama,1981.0
31,498,4,Glory: Bonus Material,Drama,1989.0
31,194,4,Arliss: The Best of Arliss,Drama,1996.0
31,2,4,Isle of Man TT 2004 Review,Drama,2004.0
31,177,3,Pressure,Drama,2002.0
31,218,5,Triumph: Live at the US Festival,Drama,1983.0
31,434,2,Extreme Engineering: Tokyo's Sky City,Drama,2004.0
31,383,2,Hit Team,Drama,2001.0
31,380,4,Live Wire,Drama,1992.0
31,324,5,Mother's Boys,Drama,1994.0
31,115,2,Lord Peter Wimsey: Murder Must Advertise,Thriller,1973.0
31,411,3,Vendetta,Drama,1999.0
31,239,5,Winnie the Pooh: Springtime with Roo,Drama,2004.0
31,445,3,Michael Collins,Drama,1996.0
31,348,3,The Last Temptation of Christ,Drama,1988.0
31,389,4,Steal,Drama,2002.0
31,393,4,The Replacement Killers,Thriller,1998.0
31,276,5,Cold Harvest,Drama,1998.0
31,456,5,Emma (Miniseries),Drama,1996.0
31,39,4,Love Reinvented,Drama,2000.0
31,65,4,Lost in the Pershing Point Hotel,Drama,2000.0
31,504,4,The Twilight Zone: Vol. 27,Drama,1964.0
31,273,4,Taxi,Drama,2004.0
31,285,4,The Devil's Own,Horror,1997.0
31,195,3,Chasing Freedom,Drama,2004.0
31,355,5,Sinful Nuns of St. Valentine,Romance,1973.0
31,102,5,Notre Musique,Drama,2004.0
31,40,2,Pitcher and the Pin-Up,Drama,2004.0
31,439,4,Town Without Pity,Drama,1961.0
31,92,3,ECW: Cyberslam '99,Sci-Fi,2002.0
31,491,3,Torn Curtain,Drama,1966.0
31,320,4,Eat Your Heart Out,Drama,1997.0
31,470,4,Beneath Loch Ness,Drama,2001.0
31,492,3,Mrs. Soffel,Drama,1984.0
31,152,1,A Little Princess,Drama,1995.0
31,382,2,Buried in the Sand: The Deception of America,Drama,2004.0
31,150,5,Firetrap,Drama,2001.0
31,402,1,Pan Tadeusz,Drama,1999.0
31,227,5,The Carol Burnett Show: Show Stoppers,Drama,2001.0
31,356,4,Look at Me,Drama,2005.0
31,490,5,The Passion of Ayn Rand,Romance,1999.0
31,258,3,Mann,Drama,1999.0
31,262,1,Herbie Rides Again,Drama,1974.0
31,62,4,Ken Burns' America: Empire of the Air,Drama,1991.0
31,257,5,Charlotte's Web,Drama,1973.0
31,377,5,Dick Francis: The Racing Game,Drama,1979.0
31,193,3,Marilyn Manson: Fear of a Satanic Planet,Horror,2005.0
31,94,4,G3: Live in Concert,Drama,2000.0
31,245,3,Road Dogz,Drama,2002.0
31,287,3,Luther Vandross: Always and Forever: An Evening of Songs,Drama,1994.0
31,462,5,Classic Cartoon Favorites: Starring Donald,Animation,2005.0
31,452,2,Scorched,Drama,2002.0
31,109,2,No Way Back,Drama,1996.0
31,274,2,Crazy as Hell,Comedy,2002.0
31,235,2,Unhook the Stars,Sci-Fi,1996.0
31,206,4,Unconstitutional: The War on Our Civil Liberties,Action,2004.0
31,191,5,X2: X-Men United,Drama,2003.0
31,435,3,Love Can Seriously Damage Your Health,Drama,1996.0
31,422,2,The Unsinkable Molly Brown,Drama,1964.0
31,93,5,They Came Back,Drama,2004.0
31,272,5,Female Yakuza Tale,Drama,1973.0
31,77,3,Congo,Drama,1995.0
31,234,3,Animation Legend: Winsor McCay,Animation,1921.0
31,63,4,Crash Dive,Drama,1943.0
31,378,5,Party Monster,Drama,2003.0
31,368,3,The Best of Designing Women,Drama,1986.0
31,502,2,Mitch Hedberg: Mitch All Together,Drama,2003.0
31,281,4,The Legend,Fantasy,1993.0
31,192,4,The SoulTaker,Drama,2003.0
31,215,4,That '70s Show: Season 1,Drama,1998.0
31,44,3,Spitfire Grill,Drama,1996.0
31,104,5,The Great Race,Drama,1965.0
31,23,4,Clifford: Clifford Saves the Day! / Clifford's Fluffiest Friend Cleo,Drama,2001.0
31,10,3,Fighter,Action,2001.0
32,351,3,Guns of the Magnificent Seven,Drama,1969.0
32,214,2,Read-Along: Beauty and the Beast,Drama,2002.0
32,115,5,Lord Peter Wimsey: Murder Must Advertise,Thriller,1973.0
32,503,4,Max and Ruby: Springtime for Max and Ruby,Drama,2005.0
32,121,5,Beyonce: Live at Wembley,Drama,2003.0
32,342,3,Noir,Drama,2001.0
32,102,3,Notre Musique,Drama,2004.0
32,157,4,Laird: White Knuckle Extreme,Drama,2004.0
32,222,2,Yellow,Drama,1998.0
32,109,2,No Way Back,Drama,1996.0
32,197,5,Taking Lives,Drama,2004.0
32,335,2,Fear No Evil,Horror,1981.0
32,210,1,Onmyoji,Drama,2001.0
32,361,5,The Phantom of the Opera: Special Edition,Drama,2004.0
32,489,2,Return to Paradise,Drama,1998.0
32,480,4,Flypaper,Drama,1997.0
32,11,4,Full Frame: Documentary Shorts,Documentary,1999.0
32,213,1,Dinner Rush,Drama,2001.0
32,45,3,The Love Letter,Drama,1999.0
32,403,4,Substitute 4: Failure is Not an Option,Drama,2000.0
32,189,4,Airplane II: The Sequel,Drama,1982.0
32,18,5,Immortal Beloved,Drama,1994.0
32,372,3,Jeans,Drama,1998.0
32,215,4,That '70s Show: Season 1,Drama,1998.0
32,300,3,Option Zero,Drama,1997.0
32,168,2,Smokey and the Bandit Part 3,Drama,1983.0
32,227,2,The Carol Burnett Show: Show Stoppers,Drama,2001.0
32,81,2,Antarctica: IMAX,Drama,1991.0
32,352,5,Pick a Card,Drama,1997.0
32,498,2,Glory: Bonus Material,Drama,1989.0
32,378,4,Party Monster,Drama,2003.0
32,428,3,Barney: Barney's Colorful World: Live,Documentary,2004.0
32,467,3,Topper Returns,Drama,1941.0
32,491,5,Torn Curtain,Drama,1966.0
32,302,3,The Isle,Drama,2001.0
32,145,4,Get Out Your Handkerchiefs,Drama,1978.0
32,179,4,Bollywood Bound,Drama,2003.0
32,327,3,Storefront Hitchcock,Drama,1997.0
32,225,5,The Cookout,Drama,2004.0
32,388,2,Body Chemistry,Drama,1990.0
32,458,5,Blast,Drama,2001.0
32,59,4,Sex and the Beauties,Drama,2003.0
32,329,3,Dogma,Drama,1999.0
32,188,5,Dead Birds,Drama,2005.0
32,360,1,Lies,Drama,1999.0
32,286,3,Thunderbirds Are Go,Drama,1966.0
32,431,2,Millennium Actress,Drama,2002.0
33,338,4,The Three Stooges: Three Smart Saps,Drama,1942.0
33,241,4,North by Northwest,Drama,1959.0
33,431,2,Millennium Actress,Drama,2002.0
33,158,2,A Killer Within,Thriller,2004.0
33,222,3,Yellow,Drama,1998.0
33,427,5,Graveyard Shift,Drama,1990.0
33,391,5,The Monkees: Season 2,Drama,1967.0
33,182,2,Moby: Play,Drama,2001.0
33,340,4,Midnight: 2000 Seen By...,Horror,1998.0
33,266,3,Saudade Do Futuro,Drama,2000.0
33,4,3,Paula Abdul's Get Up & Dance,Drama,1994.0
33,382,2,Buried in the Sand: The Deception of America,Drama,2004.0
33,439,3,Town Without Pity,Drama,1961.0
33,278,2,100 Days Before the Command,Drama,1990.0
33,168,3,Smokey and the Bandit Part 3,Drama,1983.0
33,160,5,Gormenghast,Drama,2000.0
33,378,4,Party Monster,Drama,2003.0
33,95,5,Dona Herlinda and Her Son,Drama,1985.0
33,197,4,Taking Lives,Drama,2004.0
33,318,4,Beyond Suspicion,Drama,1994.0
33,280,4,Sarah Brightman: In Concert,Drama,1998.0
33,330,3,Wild Things,Drama,1998.0
33,281,1,The Legend,Fantasy,1993.0
33,194,4,Arliss: The Best of Arliss,Drama,1996.0
33,61,1,Ricky Martin: One Night Only,Horror,1999.0
33,184,5,Billy Blanks: Tae Bo: Cardio Circuit 1,Drama,2004.0
33,22,4,Chump Change,Drama,2000.0
33,492,2,Mrs. Soffel,Drama,1984.0
33,415,3,Reign in Darkness,Horror,2002.0
33,69,3,WWE: Armageddon 2003,Drama,2003.0
33,490,2,The Passion of Ayn Rand,Romance,1999.0
33,152,4,A Little Princess,Drama,1995.0
33,43,4,Silent Service,Drama,2000.0
33,11,2,Full Frame: Documentary Shorts,Documentary,1999.0
33,156,3,Husbands and Wives,Drama,1992.0
33,448,3,Oswald: Welcome to the Big City!,Drama,2001.0
33,57,5,Richard III,Drama,1995.0
33,459,4,Basquiat,Drama,1996.0
33,169,1,Cartoon Network Halloween: 9 Creepy Cartoon Capers,Animation,2004.0
33,273,3,Taxi,Drama,2004.0
33,143,4,The Game,Drama,1997.0
33,283,3,If These Walls Could Talk,Drama,1996.0
33,204,2,Venus Boyz,Drama,2002.0
33,166,3,Fame,Drama,1980.0
33,269,3,Parenthood,Drama,1989.0
33,470,2,Beneath Loch Ness,Drama,2001.0
34,444,4,The Inner Tour,Drama,2001.0
34,458,3,Blast,Drama,2001.0
34,207,3,Denise Austin: Ultimate Fat Burner,Drama,2001.0
34,73,3,Davy Crockett: 50th Anniversary Double Feature,Drama,1954.0
34,148,2,Sweet November,Drama,2001.0
34,221,2,Voyage to the Planets and Beyond,Sci-Fi,2005.0
34,194,4,Arliss: The Best of Arliss,Drama,1996.0
34,99,2,A Fishy Story,Drama,1989.0
34,125,3,Nighthawks,Horror,1981.0
34,70,5,Tai Chi: The 24 Forms,Drama,1999.0
34,403,3,Substitute 4: Failure is Not an Option,Drama,2000.0
34,279,1,Micki and Maude,Drama,1984.0
34,376,4,Genesis: The Way We Walk: Live in Concert,Drama,2001.0
34,27,4,Sesame Street: Elmo's World: The Street We Live On,Documentary,1962.0
34,443,3,Rabbit-Proof Fence,Drama,2002.0
34,340,3,Midnight: 2000 Seen By...,Horror,1998.0
34,176,2,The History Channel Presents: Troy: Unearthing the Legend,Drama,2004.0
34,35,3,Ferngully 2: The Magical Rescue,Animation,2000.0
34,297,3,The Hebrew Hammer,Drama,2003.0
34,453,4,Simple Men,Drama,1992.0
34,409,5,Godzilla vs. The Sea Monster,Drama,1966.0
34,480,4,Flypaper,Drama,1997.0
34,282,2,Blue Seed: Beyond,Drama,2003.0
34,295,5,Ace Ventura: When Nature Calls,Documentary,1995.0
34,199,4,The Deer Hunter,Drama,1978.0
34,326,4,The Plainsman,Drama,1937.0
34,462,3,Classic Cartoon Favorites: Starring Donald,Animation,2005.0
34,487,4,Doctor Who: Lost in Time: The Patrick Troughton Years,Drama,1968.0
34,172,3,Jack,Drama,2003.0
34,16,5,Screamers,Drama,1996.0
34,358,3,The Onion Field,Drama,1979.0
34,77,4,Congo,Drama,1995.0
34,36,5,Lady Chatterley,Drama,1992.0
34,153,5,MTV Yoga,Drama,2002.0
34,278,5,100 Days Before the Command,Drama,1990.0
34,470,2,Beneath Loch Ness,Drama,2001.0
34,195,5,Chasing Freedom,Drama,2004.0
34,484,4,Danielle Steel's Jewels,Drama,1992.0
34,131,4,Arachnid,Drama,2002.0
34,240,4,Woman of the Year,Drama,1942.0
34,245,3,Road Dogz,Drama,2002.0
34,273,3,Taxi,Drama,2004.0
34,149,3,The Edward R. Murrow Collection,Action,2005.0
34,159,5,Gentlemen of Fortune,Drama,1971.0
34,39,4,Love Reinvented,Drama,2000.0
34,234,4,Animation Legend: Winsor McCay,Animation,1921.0
34,196,4,Peter Tosh: Stepping Razor: Red X,Drama,1992.0
34,28,3,Lilo and Stitch,Drama,2002.0
34,135,1,GTO: Great Teacher Onizuka: Set 2,Drama,1998.0
34,178,4,Regular Guys,Drama,1996.0
34,94,4,G3: Live in Concert,Drama,2000.0
34,85,3,Elfen Lied,Drama,2005.0
34,202,2,Ruby's Bucket of Blood,Drama,2001.0
34,13,5,Lord of the Rings: The Return of the King: Extended Edition: Bonus Material,Drama,2003.0
34,118,3,Rambo: First Blood Part II,Drama,1985.0
34,111,4,Duplex (Widescreen),Drama,2003.0
34,266,3,Saudade Do Futuro,Drama,2000.0
34,168,2,Smokey and the Bandit Part 3,Drama,1983.0
34,380,4,Live Wire,Drama,1992.0
34,447,2,The Making of Fanny and Alexander,Drama,1986.0
34,503,4,Max and Ruby: Springtime for Max and Ruby,Drama,2005.0
34,439,4,Town Without Pity,Drama,1961.0
34,249,2,The Hunters,Drama,1958.0
34,24,2,My Bloody Valentine,Romance,1981.0
34,459,3,Basquiat,Drama,1996.0
34,165,3,Richard Pryor: Live on the Sunset Strip,Drama,1982.0
34,433,2,Untamed Heart,Drama,1993.0
34,280,2,Sarah Brightman: In Concert,Drama,1998.0
34,428,4,Barney: Barney's Colorful World: Live,Documentary,2004.0
34,505,5,A Thousand Acres,Drama,1997.0
34,95,5,Dona Herlinda and Her Son,Drama,1985.0
34,205,4,Troy: Bonus Material,Drama,2004.0
34,2,5,Isle of Man TT 2004 Review,Drama,2004.0
34,63,5,Crash Dive,Drama,1943.0
34,335,3,Fear No Evil,Horror,1981.0
34,290,4,Harold and Kumar Go to White Castle,Drama,2004.0
35,115,5,Lord Peter Wimsey: Murder Must Advertise,Thriller,1973.0
35,94,3,G3: Live in Concert,Drama,2000.0
35,381,3,Out for Justice,Drama,1991.0
35,497,4,Broadway's Lost Treasures,Drama,2003.0
35,239,3,Winnie the Pooh: Springtime with Roo,Drama,2004.0
35,85,3,Elfen Lied,Drama,2005.0
35,213,3,Dinner Rush,Drama,2001.0
35,186,4,Panic in the Streets,Drama,1950.0
35,330,5,Wild Things,Drama,1998.0
35,43,5,Silent Service,Drama,2000.0
35,442,5,Mississippi Burning,Drama,1988.0
35,281,3,The Legend,Fantasy,1993.0
35,54,3,We're Not Married,Drama,1952.0
35,20,2,Seeta Aur Geeta,Drama,1972.0
35,314,3,Saturday Night Live: The Best of Jon Lovitz,Horror,1985.0
35,257,3,Charlotte's Web,Drama,1973.0
35,233,3,Chato's Land,Drama,1971.0
35,323,3,Modern Vampires,Drama,1999.0
35,181,1,The Last Shot,Drama,2004.0
35,35,2,Ferngully 2: The Magical Rescue,Animation,2000.0
35,143,4,The Game,Drama,1997.0
35,246,4,The Boston Strangler,Drama,1968.0
35,198,4,Gupt,Drama,1997.0
35,82,3,The Frogmen,Drama,1951.0
35,42,4,Searching for Paradise,Drama,2002.0
35,491,5,Torn Curtain,Drama,1966.0
35,179,3,Bollywood Bound,Drama,2003.0
35,80,3,Winter Kills,Thriller,1979.0
35,452,2,Scorched,Drama,2002.0
35,222,4,Yellow,Drama,1998.0
35,254,1,Westender,Drama,2003.0
35,319,2,Straight to Hell,Drama,1987.0
35,173,4,The Devil's Brigade,Horror,1968.0
35,148,1,Sweet November,Drama,2001.0
35,346,3,Up and Down,Drama,2005.0
35,376,4,Genesis: The Way We Walk: Live in Concert,Drama,2001.0
35,307,3,Godsmack: Smack This!,Drama,2002.0
35,4,2,Paula Abdul's Get Up & Dance,Drama,1994.0
35,304,3,King of the Hill: Season 1,Drama,1997.0
35,24,4,My Bloody Valentine,Romance,1981.0
35,95,5,Dona Herlinda and Her Son,Drama,1985.0
35,209,4,Star Trek: Deep Space Nine: Season 5,Sci-Fi,1996.0
35,500,1,Mail Call: The Best of Season 1,Drama,2002.0
35,87,4,Louder Than Bombs,Drama,2002.0
35,262,3,Herbie Rides Again,Drama,1974.0
35,59,2,Sex and the Beauties,Drama,2003.0
35,387,3,Bizet's Carmen,Drama,1984.0
35,317,3,Mandela and de Klerk,Drama,1997.0
35,460,2,Pink Narcissus,Drama,1971.0
35,118,3,Rambo: First Blood Part II,Drama,1985.0
35,428,5,Barney: Barney's Colorful World: Live,Documentary,2004.0
35,217,2,Cherry 2000,Drama,1988.0
35,339,5,Rolling Stones: Rock and Roll Circus,Drama,1968.0
35,320,4,Eat Your Heart Out,Drama,1997.0
35,293,3,Lennon Legend: The Very Best of John Lennon,Fantasy,2003.0
35,448,3,Oswald: Welcome to the Big City!,Drama,2001.0
35,353,3,Life or Something Like It,Drama,2002.0
35,119,4,Travel the World by Train: Africa,Documentary,1999.0
35,506,4,Blank Generation / Dancin' Barefoot,Drama,1976.0
35,476,1,VeggieTales Classics: Where's God When I'm Scared?,Drama,2004.0
35,163,5,MTV: Making the Band 2: Best of Season 1,Drama,2002.0
35,70,1,Tai Chi: The 24 Forms,Drama,1999.0
35,33,3,Aqua Teen Hunger Force: Vol. 1,Action,2000.0
35,413,1,Igby Goes Down,Drama,2002.0
35,164,3,One Last Dance,Drama,2003.0
35,14,3,Nature: Antarctica,Documentary,1982.0
35,373,3,Third World Cop,Documentary,2000.0
35,93,4,They Came Back,Drama,2004.0
35,195,3,Chasing Freedom,Drama,2004.0
36,392,4,Danielle Steel's Heartbeat,Drama,1993.0
36,250,4,Cast a Giant Shadow,Drama,1966.0
36,458,2,Blast,Drama,2001.0
36,179,3,Bollywood Bound,Drama,2003.0
36,311,1,Ed Wood,Drama,1994.0
36,184,4,Billy Blanks: Tae Bo: Cardio Circuit 1,Drama,2004.0
36,150,5,Firetrap,Drama,2001.0
36,464,2,The Return of Ruben Blades,Drama,1987.0
36,152,4,A Little Princess,Drama,1995.0
36,89,3,Chain of Command,Drama,2000.0
36,372,5,Jeans,Drama,1998.0
36,341,2,Tremors 4: The Legend Begins,Fantasy,2004.0
36,158,5,A Killer Within,Thriller,2004.0
36,436,5,Girls Just Want to Have Fun,Comedy,1985.0
36,400,3,Rio Lobo,Drama,1970.0
36,460,4,Pink Narcissus,Drama,1971.0
36,245,5,Road Dogz,Drama,2002.0
36,356,2,Look at Me,Drama,2005.0
36,489,3,Return to Paradise,Drama,1998.0
36,42,4,Searching for Paradise,Drama,2002.0
36,14,5,Nature: Antarctica,Documentary,1982.0
36,352,3,Pick a Card,Drama,1997.0
36,337,3,Star 80,Sci-Fi,1983.0
36,490,5,The Passion of Ayn Rand,Romance,1999.0
36,424,4,Happiness,Drama,1998.0
36,427,5,Graveyard Shift,Drama,1990.0
36,224,5,Midsomer Murders: Blood Will Out,Thriller,1999.0
36,363,3,Stark Raving Mad,Sci-Fi,2002.0
36,107,3,Magnolia: Bonus Material,Drama,2000.0
36,236,3,Cartoon Crazys Sci-Fi,Comedy,1998.0
36,399,2,Fangs,Drama,2001.0
36,140,4,Lost in the Wild,Drama,1993.0
36,404,4,The Shaft,Drama,2001.0
36,92,4,ECW: Cyberslam '99,Sci-Fi,2002.0
36,213,3,Dinner Rush,Drama,2001.0
36,475,5,Surf Ninjas,Drama,1993.0
36,27,2,Sesame Street: Elmo's World: The Street We Live On,Documentary,1962.0
36,131,2,Arachnid,Drama,2002.0
36,45,3,The Love Letter,Drama,1999.0
36,148,4,Sweet November,Drama,2001.0
36,83,2,Silkwood,Drama,1983.0
36,255,5,The Hunchback of Notre Dame II,Drama,2001.0
36,156,3,Husbands and Wives,Drama,1992.0
36,268,2,The Final Countdown,Drama,1980.0
36,167,5,The Chorus,Drama,2004.0
36,450,4,Isaac Stern: Life's Virtuoso,Drama,2000.0
36,249,4,The Hunters,Drama,1958.0
36,221,3,Voyage to the Planets and Beyond,Sci-Fi,2005.0
36,504,4,The Twilight Zone: Vol. 27,Drama,1964.0
36,57,2,Richard III,Drama,1995.0
36,175,3,Reservoir Dogs,Drama,1992.0
36,174,2,Adam-12: Season 1,Drama,1968.0
36,497,5,Broadway's Lost Treasures,Drama,2003.0
36,70,5,Tai Chi: The 24 Forms,Drama,1999.0
36,90,3,The Lemon Drop Kid,Drama,1951.0
36,228,3,Butch and Sundance: The Early Days,Drama,1979.0
36,11,3,Full Frame: Documentary Shorts,Documentary,1999.0
36,171,5,Funny Face,Comedy,1957.0
36,123,4,Chain of Fools,Drama,2000.0
36,439,3,Town Without Pity,Drama,1961.0
36,289,4,The Avengers,Drama,1998.0
36,299,2,Bridget Jones's Diary,Drama,2001.0
36,271,3,Saludos Amigos,Drama,1943.0
36,237,2,Broken Blossoms,Drama,1918.0
36,463,1,The Twilight Zone: Vol. 12,Drama,1962.0
36,38,5,Daydream Obsession,Drama,2003.0
36,419,3,George Lopez: Why You Crying?,Drama,2005.0
36,305,3,Jack,Drama,1996.0
36,288,1,Saturday Night Live: The Best of Chris Kattan,Horror,2004.0
36,315,3,Combat! Season 3: Operation 2,Action,1964.0
36,382,3,Buried in the Sand: The Deception of America,Drama,2004.0
36,252,4,Stuart Little 2,Drama,2002.0
36,112,2,The Eye of Vichy,Drama,1993.0
37,151,3,Sleepover Nightmare,Horror,2005.0
37,313,3,Pay It Forward,Action,2000.0
37,328,4,Deftones: Live in Hawaii,Drama,2002.0
37,117,2,Silk Stockings,Drama,1957.0
37,469,4,First Night of My Life: 2000 Seen By...,Drama,1998.0
37,270,4,Sex and the City: Season 4,Drama,2001.0
37,494,5,Monty Python's The Meaning of Life: Special Edition,Drama,1983.0
37,340,2,Midnight: 2000 Seen By...,Horror,1998.0
37,404,4,The Shaft,Drama,2001.0
37,19,5,By Dawn's Early Light,Drama,2000.0
37,477,4,George Carlin: Personal Favorites,Drama,1990.0
37,421,4,Agatha Christie's Poirot: Sad Cypress,Drama,2003.0
37,189,4,Airplane II: The Sequel,Drama,1982.0
37,96,5,Inside the Space Station,Sci-Fi,2000.0
37,146,2,Cannibal Women in the Avocado Jungle of Death,Horror,1988.0
37,470,2,Beneath Loch Ness,Drama,2001.0
37,253,3,A Night at the Opera,Horror,1935.0
37,449,1,Jimmy Buffett: MiniMatinee #1,Drama,2003.0
37,349,5,The Swarm,Action,1978.0
37,431,5,Millennium Actress,Drama,2002.0
37,424,3,Happiness,Drama,1998.0
37,186,3,Panic in the Streets,Drama,1950.0
37,207,3,Denise Austin: Ultimate Fat Burner,Drama,2001.0
37,300,4,Option Zero,Drama,1997.0
37,128,4,Mr. Vampire,Drama,1985.0
37,87,4,Louder Than Bombs,Drama,2002.0
37,413,3,Igby Goes Down,Drama,2002.0
37,346,5,Up and Down,Drama,2005.0
37,51,4,Jonah: A VeggieTales Movie: Bonus Material,Drama,2002.0
37,52,3,The Weather Underground,Drama,2002.0
37,453,5,Simple Men,Drama,1992.0
37,471,2,City Lights,Drama,1931.0
37,32,3,ABC Primetime: Mel Gibson's The Passion of the Christ,Romance,2004.0
37,400,5,Rio Lobo,Drama,1970.0
37,100,3,Sam the Iron Bridge,Drama,1993.0
37,442,4,Mississippi Burning,Drama,1988.0
37,273,4,Taxi,Drama,2004.0
37,447,2,The Making of Fanny and Alexander,Drama,1986.0
37,374,3,The Little Girl Who Lives Down the Lane,Drama,1976.0
37,443,3,Rabbit-Proof Fence,Drama,2002.0
37,139,3,Allergies: A Natural Approach,Drama,2001.0
37,386,5,Princess Caraboo,Drama,1994.0
37,192,3,The SoulTaker,Drama,2003.0
37,132,5,Lucio Fulci: The Beyond,Drama,1981.0
38,89,3,Chain of Command,Drama,2000.0
38,182,2,Moby: Play,Drama,2001.0
38,238,3,Led Zeppelin: The Song Remains the Same,Drama,1976.0
38,391,3,The Monkees: Season 2,Drama,1967.0
38,448,5,Oswald: Welcome to the Big City!,Drama,2001.0
38,423,5,My Favorite Martian #1,Drama,1963.0
38,258,3,Mann,Drama,1999.0
38,243,5,Pressure Point,Drama,1962.0
38,32,2,ABC Primetime: Mel Gibson's The Passion of the Christ,Romance,2004.0
38,406,4,Hostage,Drama,2005.0
38,193,4,Marilyn Manson: Fear of a Satanic Planet,Horror,2005.0
38,205,2,Troy: Bonus Material,Drama,2004.0
38,120,3,Plain Dirty,Drama,2004.0
38,38,2,Daydream Obsession,Drama,2003.0
38,400,2,Rio Lobo,Drama,1970.0
38,354,1,Sadomania,Drama,1981.0
38,429,3,Zeus and Roxanne,Drama,1997.0
38,306,3,Sesame Street: Sing Yourself Silly!,Comedy,2005.0
38,168,3,Smokey and the Bandit Part 3,Drama,1983.0
38,140,4,Lost in the Wild,Drama,1993.0
38,457,1,Kill Bill: Vol. 2,Thriller,2004.0
38,83,3,Silkwood,Drama,1983.0
38,320,5,Eat Your Heart Out,Drama,1997.0
38,380,5,Live Wire,Drama,1992.0
38,69,5,WWE: Armageddon 2003,Drama,2003.0
38,474,2,Legend of 1900,Fantasy,1998.0
38,425,3,The 10th Kingdom,Fantasy,2000.0
38,273,1,Taxi,Drama,2004.0
38,497,4,Broadway's Lost Treasures,Drama,2003.0
38,42,5,Searching for Paradise,Drama,2002.0
38,126,2,Vampire Effect (aka Twins Effect),Drama,2003.0
38,337,2,Star 80,Sci-Fi,1983.0
38,73,3,Davy Crockett: 50th Anniversary Double Feature,Drama,1954.0
38,166,4,Fame,Drama,1980.0
38,79,3,The Killing,Thriller,1956.0
38,148,3,Sweet November,Drama,2001.0
38,430,3,Chobits,Drama,2002.0
38,114,3,Dominion Tank Police Part 1 & 2,Drama,1989.0
38,107,4,Magnolia: Bonus Material,Drama,2000.0
38,442,3,Mississippi Burning,Drama,1988.0
38,275,3,Evelyn,Drama,2002.0
38,201,1,Home Movie,Drama,2001.0
38,412,5,Jay Jay the Jet Plane: Adventures in Learning,Animation,1999.0
38,136,3,Cat and the Canary,Drama,1927.0
38,259,3,Animal,Drama,2004.0
38,506,4,Blank Generation / Dancin' Barefoot,Drama,1976.0
38,332,2,They Crawl,Drama,2002.0
38,99,3,A Fishy Story,Drama,1989.0
38,373,4,Third World Cop,Documentary,2000.0
38,110,3,Scandal,Drama,1989.0
38,242,2,Neon Genesis Evangelion: The End of Evangelion,Drama,1995.0
38,109,1,No Way Back,Drama,1996.0
38,341,4,Tremors 4: The Legend Begins,Fantasy,2004.0
38,449,3,Jimmy Buffett: MiniMatinee #1,Drama,2003.0
38,40,3,Pitcher and the Pin-Up,Drama,2004.0
38,21,2,Strange Relations,Drama,2002.0
38,333,3,Mail Call: The Best of Season 2,Drama,2003.0
38,351,3,Guns of the Magnificent Seven,Drama,1969.0
38,225,3,The Cookout,Drama,2004.0
38,503,3,Max and Ruby: Springtime for Max and Ruby,Drama,2005.0
38,78,4,Jingle All the Way,Drama,1996.0
38,298,5,Crunch: Pick Your Spot Pilates,Drama,2002.0
38,319,4,Straight to Hell,Drama,1987.0
38,183,5,IFilm: Deranged,Drama,2005.0
38,307,5,Godsmack: Smack This!,Drama,2002.0
39,34,4,Ashtanga Yoga: Beginner's Practice with Nicki Doane,Drama,2003.0
39,485,2,The Avengers '67,Drama,1967.0
39,119,2,Travel the World by Train: Africa,Documentary,1999.0
39,255,3,The Hunchback of Notre Dame II,Drama,2001.0
39,142,4,The Tricky Master,Drama,2000.0
39,257,4,Charlotte's Web,Drama,1973.0
39,39,2,Love Reinvented,Drama,2000.0
39,252,2,Stuart Little 2,Drama,2002.0
39,128,4,Mr. Vampire,Drama,1985.0
39,452,3,Scorched,Drama,2002.0
39,172,5,Jack,Drama,2003.0
39,176,4,The History Channel Presents: Troy: Unearthing the Legend,Drama,2004.0
39,27,5,Sesame Street: Elmo's World: The Street We Live On,Documentary,1962.0
39,368,2,The Best of Designing Women,Drama,1986.0
39,228,2,Butch and Sundance: The Early Days,Drama,1979.0
39,253,2,A Night at the Opera,Horror,1935.0
39,184,5,Billy Blanks: Tae Bo: Cardio Circuit 1,Drama,2004.0
39,354,5,Sadomania,Drama,1981.0
39,198,3,Gupt,Drama,1997.0
39,196,3,Peter Tosh: Stepping Razor: Red X,Drama,1992.0
39,162,2,John Cleese on How to Irritate People,Drama,1968.0
39,291,1,Chained Heat 3: Hell Mountain,Drama,2000.0
39,467,4,Topper Returns,Drama,1941.0
39,341,4,Tremors 4: The Legend Begins,Fantasy,2004.0
39,381,4,Out for Justice,Drama,1991.0
39,112,2,The Eye of Vichy,Drama,1993.0
39,261,5,The Big Clock,Drama,1948.0
39,328,3,Deftones: Live in Hawaii,Drama,2002.0
39,448,4,Oswald: Welcome to the Big City!,Drama,2001.0
39,356,2,Look at Me,Drama,2005.0
39,471,3,City Lights,Drama,1931.0
39,344,4,The Taming of the Shrew,Drama,1967.0
39,445,4,Michael Collins,Drama,1996.0
39,108,4,Spartan,Drama,2004.0
39,19,4,By Dawn's Early Light,Drama,2000.0
39,127,2,Fatal Beauty,Drama,1987.0
39,478,4,The Beverly Hillbillies,Drama,1962.0
39,474,4,Legend of 1900,Fantasy,1998.0
39,431,4,Millennium Actress,Drama,2002.0
39,483,4,Rush Hour 2,Drama,2001.0
39,60,2,The Libertine,Drama,1969.0
39,440,2,Just 4 Kicks,Drama,2003.0
39,49,1,Devo: The Complete Truth About De-evolution,Drama,2003.0
39,125,4,Nighthawks,Horror,1981.0
40,209,4,Star Trek: Deep Space Nine: Season 5,Sci-Fi,1996.0
40,349,4,The Swarm,Action,1978.0
40,400,5,Rio Lobo,Drama,1970.0
40,362,2,The Flintstones in Viva Rock Vegas,Drama,2000.0
40,414,2,Girl,Drama,1999.0
40,49,4,Devo: The Complete Truth About De-evolution,Drama,2003.0
40,192,3,The SoulTaker,Drama,2003.0
40,377,2,Dick Francis: The Racing Game,Drama,1979.0
40,294,3,Oasis,Drama,2002.0
40,425,3,The 10th Kingdom,Fantasy,2000.0
40,302,2,The Isle,Drama,2001.0
40,467,2,Topper Returns,Drama,1941.0
40,92,3,ECW: Cyberslam '99,Sci-Fi,2002.0
40,47,2,The Bad and the Beautiful,Drama,1952.0
40,252,2,Stuart Little 2,Drama,2002.0
40,343,4,French and Saunders: Live,Drama,2000.0
40,196,5,Peter Tosh: Stepping Razor: Red X,Drama,1992.0
40,33,4,Aqua Teen Hunger Force: Vol. 1,Action,2000.0
40,483,5,Rush Hour 2,Drama,2001.0
40,288,1,Saturday Night Live: The Best of Chris Kattan,Horror,2004.0
40,259,2,Animal,Drama,2004.0
40,79,4,The Killing,Thriller,1956.0
40,284,5,Sasquatch Hunters,Drama,2005.0
40,213,4,Dinner Rush,Drama,2001.0
40,197,2,Taking Lives,Drama,2004.0
40,56,5,Carandiru,Drama,2004.0
40,462,3,Classic Cartoon Favorites: Starring Donald,Animation,2005.0
40,307,4,Godsmack: Smack This!,Drama,2002.0
40,358,3,The Onion Field,Drama,1979.0
40,53,2,The Bonesetter,Drama,2003.0
40,156,5,Husbands and Wives,Drama,1992.0
40,498,4,Glory: Bonus Material,Drama,1989.0
40,430,2,Chobits,Drama,2002.0
40,279,3,Micki and Maude,Drama,1984.0
40,34,4,Ashtanga Yoga: Beginner's Practice with Nicki Doane,Drama,2003.0
40,32,4,ABC Primetime: Mel Gibson's The Passion of the Christ,Romance,2004.0
40,112,4,The Eye of Vichy,Drama,1993.0
40,198,3,Gupt,Drama,1997.0
40,158,5,A Killer Within,Thriller,2004.0
40,352,3,Pick a Card,Drama,1997.0
40,465,1,Coolie No.1,Drama,1995.0
40,496,4,Primus: Hallucino-Genetics Live 2004,Drama,2004.0
40,234,4,Animation Legend: Winsor McCay,Animation,1921.0
40,310,4,Leila,Drama,2000.0
40,373,3,Third World Cop,Documentary,2000.0
40,490,1,The Passion of Ayn Rand,Romance,1999.0
40,8,3,What the #$*! Do We Know!?,Drama,2004.0
40,2,3,Isle of Man TT 2004 Review,Drama,2004.0
40,411,3,Vendetta,Drama,1999.0
40,504,4,The Twilight Zone: Vol. 27,Drama,1964.0
40,225,3,The Cookout,Drama,2004.0
40,229,5,Peter Gabriel: Growing Up Live,Drama,2003.0
40,417,3,Transformers: Season 3: Part 1,Drama,1986.0
40,94,5,G3: Live in Concert,Drama,2000.0
40,262,4,Herbie Rides Again,Drama,1974.0
40,396,4,Arjuna: Complete Collection,Drama,2001.0
40,268,3,The Final Countdown,Drama,1980.0
40,37,2,Zatoichi's Conspiracy,Drama,1973.0
40,152,3,A Little Princess,Drama,1995.0
40,355,5,Sinful Nuns of St. Valentine,Romance,1973.0
40,272,3,Female Yakuza Tale,Drama,1973.0
40,336,3,The Driver,Drama,1978.0
40,315,3,Combat! Season 3: Operation 2,Action,1964.0
40,102,5,Notre Musique,Drama,2004.0
40,218,4,Triumph: Live at the US Festival,Drama,1983.0
40,179,5,Bollywood Bound,Drama,2003.0
40,186,1,Panic in the Streets,Drama,1950.0
40,64,3,Outside the Law,Drama,2001.0
41,373,2,Third World Cop,Documentary,2000.0
41,431,5,Millennium Actress,Drama,2002.0
41,112,4,The Eye of Vichy,Drama,1993.0
41,105,1,Obsessed,Drama,2002.0
41,501,3,Three Days of the Condor,Drama,1975.0
41,312,5,High Fidelity,Drama,2000.0
41,245,3,Road Dogz,Drama,2002.0
41,381,3,Out for Justice,Drama,1991.0
41,376,3,Genesis: The Way We Walk: Live in Concert,Drama,2001.0
41,415,4,Reign in Darkness,Horror,2002.0
41,402,3,Pan Tadeusz,Drama,1999.0
41,305,3,Jack,Drama,1996.0
41,422,3,The Unsinkable Molly Brown,Drama,1964.0
41,169,2,Cartoon Network Halloween: 9 Creepy Cartoon Capers,Animation,2004.0
41,345,2,Star Trek: Voyager: Season 5,Sci-Fi,1998.0
41,226,2,Henry: Portrait of a Serial Killer 2,Thriller,1996.0
41,491,4,Torn Curtain,Drama,1966.0
41,295,4,Ace Ventura: When Nature Calls,Documentary,1995.0
41,424,2,Happiness,Drama,1998.0
41,212,2,Querelle,Drama,1982.0
41,493,2,The Giallo Collection: Who Saw Her Die?,Drama,1972.0
41,36,5,Lady Chatterley,Drama,1992.0
41,26,3,Never Die Alone,Drama,2004.0
41,67,3,Vampire Journals,Drama,1997.0
41,177,3,Pressure,Drama,2002.0
41,446,4,The Underneath,Drama,1995.0
41,344,3,The Taming of the Shrew,Drama,1967.0
41,33,3,Aqua Teen Hunger Force: Vol. 1,Action,2000.0
41,482,2,Frida,Drama,2002.0
41,349,4,The Swarm,Action,1978.0
41,66,4,Barbarian Queen 2,Drama,1989.0
41,170,2,Tomorrow,Drama,1972.0
41,160,5,Gormenghast,Drama,2000.0
41,364,3,Billy Blanks: Tae Bo: Contact 2,Drama,2004.0
41,249,1,The Hunters,Drama,1958.0
41,2,5,Isle of Man TT 2004 Review,Drama,2004.0
41,303,3,Les Liaisons Dangereuses,Drama,1959.0
41,438,4,Bean: The Movie,Drama,1997.0
41,346,5,Up and Down,Drama,2005.0
41,91,2,WWE: Royal Rumble 2005,Drama,2005.0
41,251,4,Midsomer Murders: Strangler's Wood,Thriller,2000.0
41,489,5,Return to Paradise,Drama,1998.0
41,142,2,The Tricky Master,Drama,2000.0
41,214,5,Read-Along: Beauty and the Beast,Drama,2002.0
41,256,2,Ghost Dog: The Way of the Samurai,Horror,2000.0
41,185,3,Missing in Action 2: The Beginning / Missing in Action 3: Braddock,Action,1985.0
41,335,2,Fear No Evil,Horror,1981.0
41,272,4,Female Yakuza Tale,Drama,1973.0
41,130,2,Drowning on Dry Land,Drama,1999.0
41,255,3,The Hunchback of Notre Dame II,Drama,2001.0
41,333,2,Mail Call: The Best of Season 2,Drama,2003.0
41,114,2,Dominion Tank Police Part 1 & 2,Drama,1989.0
41,293,3,Lennon Legend: The Very Best of John Lennon,Fantasy,2003.0
41,124,3,Cold Blooded,Drama,2000.0
41,126,3,Vampire Effect (aka Twins Effect),Drama,2003.0
41,143,3,The Game,Drama,1997.0
41,29,3,Boycott,Drama,2001.0
41,20,3,Seeta Aur Geeta,Drama,1972.0
41,85,2,Elfen Lied,Drama,2005.0
41,92,3,ECW: Cyberslam '99,Sci-Fi,2002.0
42,325,4,Ghosts of Rwanda: Frontline,Horror,2004.0
42,244,4,Stellvia,Drama,2004.0
42,288,5,Saturday Night Live: The Best of Chris Kattan,Horror,2004.0
42,291,3,Chained Heat 3: Hell Mountain,Drama,2000.0
42,78,3,Jingle All the Way,Drama,1996.0
42,313,5,Pay It Forward,Action,2000.0
42,110,4,Scandal,Drama,1989.0
42,227,5,The Carol Burnett Show: Show Stoppers,Drama,2001.0
42,404,2,The Shaft,Drama,2001.0
42,64,3,Outside the Law,Drama,2001.0
42,395,5,Captain Blood,Drama,1935.0
42,263,3,Dragon Ball: Tournament Saga,Fantasy,2001.0
42,344,3,The Taming of the Shrew,Drama,1967.0
42,473,4,Princess Mononoke,Drama,1997.0
42,421,2,Agatha Christie's Poirot: Sad Cypress,Drama,2003.0
42,418,3,The Deal,Drama,2004.0
42,254,4,Westender,Drama,2003.0
42,400,4,Rio Lobo,Drama,1970.0
42,247,5,Oleanna,Drama,1994.0
42,451,5,Batman the Animated Series: Vol. 3,Animation,1993.0
42,269,2,Parenthood,Drama,1989.0
42,21,4,Strange Relations,Drama,2002.0
42,440,4,Just 4 Kicks,Drama,2003.0
42,273,5,Taxi,Drama,2004.0
42,351,4,Guns of the Magnificent Seven,Drama,1969.0
42,28,4,Lilo and Stitch,Drama,2002.0
42,158,4,A Killer Within,Thriller,2004.0
42,102,4,Notre Musique,Drama,2004.0
42,303,2,Les Liaisons Dangereuses,Drama,1959.0
42,106,4,Stevie Ray Vaughan and Double Trouble: Live at Montreux 1982 & 1985,Drama,2004.0
42,230,5,Unsolved Mysteries: Psychics,Drama,1987.0
42,143,3,The Game,Drama,1997.0
42,243,4,Pressure Point,Drama,1962.0
42,196,3,Peter Tosh: Stepping Razor: Red X,Drama,1992.0
42,445,1,Michael Collins,Drama,1996.0
42,25,4,Inspector Morse 31: Death Is Now My Neighbour,Horror,1997.0
42,173,4,The Devil's Brigade,Horror,1968.0
42,389,3,Steal,Drama,2002.0
42,92,2,ECW: Cyberslam '99,Sci-Fi,2002.0
42,403,2,Substitute 4: Failure is Not an Option,Drama,2000.0
42,184,4,Billy Blanks: Tae Bo: Cardio Circuit 1,Drama,2004.0
42,5,5,The Rise and Fall of ECW,Drama,2004.0
42,126,5,Vampire Effect (aka Twins Effect),Drama,2003.0
42,29,2,Boycott,Drama,2001.0
42,386,5,Princess Caraboo,Drama,1994.0
42,387,3,Bizet's Carmen,Drama,1984.0
42,299,3,Bridget Jones's Diary,Drama,2001.0
42,163,3,MTV: Making the Band 2: Best of Season 1,Drama,2002.0
42,341,4,Tremors 4: The Legend Begins,Fantasy,2004.0
42,12,5,My Favorite Brunette,Drama,1947.0
42,328,3,Deftones: Live in Hawaii,Drama,2002.0
42,250,3,Cast a Giant Shadow,Drama,1966.0
42,416,4,Elephant,Drama,2003.0
42,162,4,John Cleese on How to Irritate People,Drama,1968.0
42,119,5,Travel the World by Train: Africa,Documentary,1999.0
42,469,2,First Night of My Life: 2000 Seen By...,Drama,1998.0
42,153,4,MTV Yoga,Drama,2002.0
42,503,2,Max and Ruby: Springtime for Max and Ruby,Drama,2005.0
42,144,3,Deepak Chopra: The Way of the Wizard & Alchemy,Fantasy,2000.0
42,443,3,Rabbit-Proof Fence,Drama,2002.0
42,338,3,The Three Stooges: Three Smart Saps,Drama,1942.0
42,295,3,Ace Ventura: When Nature Calls,Documentary,1995.0
42,317,2,Mandela and de Klerk,Drama,1997.0
42,410,1,Frank Lloyd Wright,Drama,1998.0
42,301,3,Hard Ground,Drama,2003.0
42,345,3,Star Trek: Voyager: Season 5,Sci-Fi,1998.0
42,398,3,In the Realm of the Senses,Documentary,1976.0
42,36,5,Lady Chatterley,Drama,1992.0
42,435,2,Love Can Seriously Damage Your Health,Drama,1996.0
42,357,5,House of Sand and Fog,Drama,2003.0
42,200,5,The Fall of the Roman Empire,Drama,1964.0
42,96,1,Inside the Space Station,Sci-Fi,2000.0
42,156,4,Husbands and Wives,Drama,1992.0
42,505,3,A Thousand Acres,Drama,1997.0
42,491,1,Torn Curtain,Drama,1966.0
43,488,2,His Secret Life,Drama,2001.0
43,322,1,Flesh Gordon,Drama,1974.0
43,227,2,The Carol Burnett Show: Show Stoppers,Drama,2001.0
43,393,4,The Replacement Killers,Thriller,1998.0
43,198,4,Gupt,Drama,1997.0
43,307,5,Godsmack: Smack This!,Drama,2002.0
43,66,4,Barbarian Queen 2,Drama,1989.0
43,482,5,Frida,Drama,2002.0
43,106,4,Stevie Ray Vaughan and Double Trouble: Live at Montreux 1982 & 1985,Drama,2004.0
43,83,5,Silkwood,Drama,1983.0
43,14,5,Nature: Antarctica,Documentary,1982.0
43,74,4,6ixtynin9,Drama,1999.0
43,290,5,Harold and Kumar Go to White Castle,Drama,2004.0
43,387,3,Bizet's Carmen,Drama,1984.0
43,55,1,Jade,Drama,1995.0
43,315,4,Combat! Season 3: Operation 2,Action,1964.0
43,175,4,Reservoir Dogs,Drama,1992.0
43,347,2,Iceman Cometh,Drama,1989.0
43,156,2,Husbands and Wives,Drama,1992.0
43,100,4,Sam the Iron Bridge,Drama,1993.0
43,458,4,Blast,Drama,2001.0
43,174,4,Adam-12: Season 1,Drama,1968.0
43,15,2,Neil Diamond: Greatest Hits Live,Drama,1988.0
43,344,3,The Taming of the Shrew,Drama,1967.0
43,423,4,My Favorite Martian #1,Drama,1963.0
43,454,4,Xena: Warrior Princess: Season 3,Action,1995.0
43,263,5,Dragon Ball: Tournament Saga,Fantasy,2001.0
43,202,3,Ruby's Bucket of Blood,Drama,2001.0
43,158,4,A Killer Within,Thriller,2004.0
43,301,3,Hard Ground,Drama,2003.0
43,357,3,House of Sand and Fog,Drama,2003.0
43,133,5,Viva La Bam: Season 1,Drama,2003.0
43,65,2,Lost in the Pershing Point Hotel,Drama,2000.0
43,354,4,Sadomania,Drama,1981.0
43,302,4,The Isle,Drama,2001.0
43,379,3,Crash Dive,Drama,1996.0
43,91,5,WWE: Royal Rumble 2005,Drama,2005.0
43,41,4,Horror Vision,Horror,2000.0
43,491,4,Torn Curtain,Drama,1966.0
43,78,4,Jingle All the Way,Drama,1996.0
43,502,5,Mitch Hedberg: Mitch All Together,Drama,2003.0
43,236,5,Cartoon Crazys Sci-Fi,Comedy,1998.0
43,484,5,Danielle Steel's Jewels,Drama,1992.0
43,311,4,Ed Wood,Drama,1994.0
43,271,3,Saludos Amigos,Drama,1943.0
43,177,3,Pressure,Drama,2002.0
43,392,4,Danielle Steel's Heartbeat,Drama,1993.0
43,132,5,Lucio Fulci: The Beyond,Drama,1981.0
43,253,5,A Night at the Opera,Horror,1935.0
43,339,4,Rolling Stones: Rock and Roll Circus,Drama,1968.0
43,412,5,Jay Jay the Jet Plane: Adventures in Learning,Animation,1999.0
43,453,3,Simple Men,Drama,1992.0
43,192,5,The SoulTaker,Drama,2003.0
43,107,5,Magnolia: Bonus Material,Drama,2000.0
43,464,4,The Return of Ruben Blades,Drama,1987.0
43,274,4,Crazy as Hell,Comedy,2002.0
43,68,4,Invader Zim,Drama,2004.0
43,111,3,Duplex (Widescreen),Drama,2003.0
43,375,4,Nine Dead Gay Guys,Drama,2003.0
43,234,4,Animation Legend: Winsor McCay,Animation,1921.0
43,443,4,Rabbit-Proof Fence,Drama,2002.0
43,378,1,Party Monster,Drama,2003.0
43,39,2,Love Reinvented,Drama,2000.0
43,186,3,Panic in the Streets,Drama,1950.0
43,38,3,Daydream Obsession,Drama,2003.0
43,102,3,Notre Musique,Drama,2004.0
43,401,4,Halloween 5: The Revenge of Michael Myers,Drama,1989.0
43,17,5,7 Seconds,Drama,2005.0
43,32,5,ABC Primetime: Mel Gibson's The Passion of the Christ,Romance,2004.0
44,145,3,Get Out Your Handkerchiefs,Drama,1978.0
44,210,4,Onmyoji,Drama,2001.0
44,217,3,Cherry 2000,Drama,1988.0
44,398,5,In the Realm of the Senses,Documentary,1976.0
44,65,4,Lost in the Pershing Point Hotel,Drama,2000.0
44,251,3,Midsomer Murders: Strangler's Wood,Thriller,2000.0
44,424,5,Happiness,Drama,1998.0
44,374,5,The Little Girl Who Lives Down the Lane,Drama,1976.0
44,385,3,The Santa Clause 2,Drama,2002.0
44,493,4,The Giallo Collection: Who Saw Her Die?,Drama,1972.0
44,412,2,Jay Jay the Jet Plane: Adventures in Learning,Animation,1999.0
44,486,3,Journey to the Center of the Earth,Drama,1959.0
44,46,2,Rudolph the Red-Nosed Reindeer,Drama,1964.0
44,132,5,Lucio Fulci: The Beyond,Drama,1981.0
44,464,3,The Return of Ruben Blades,Drama,1987.0
44,316,4,Futurama: Monster Robot Maniac Fun Collection,Comedy,1999.0
44,247,4,Oleanna,Drama,1994.0
44,315,5,Combat! Season 3: Operation 2,Action,1964.0
44,248,3,Michael Moore's The Awful Truth: Season 2,Drama,2001.0
44,408,3,Nightbreed,Horror,1990.0
44,113,3,Bruce Lee: A Warrior's Journey,Action,2000.0
44,266,2,Saudade Do Futuro,Drama,2000.0
44,335,3,Fear No Evil,Horror,1981.0
44,289,4,The Avengers,Drama,1998.0
44,387,3,Bizet's Carmen,Drama,1984.0
44,123,4,Chain of Fools,Drama,2000.0
44,496,4,Primus: Hallucino-Genetics Live 2004,Drama,2004.0
44,422,4,The Unsinkable Molly Brown,Drama,1964.0
44,95,4,Dona Herlinda and Her Son,Drama,1985.0
44,75,3,Grind,Drama,1997.0
44,229,1,Peter Gabriel: Growing Up Live,Drama,2003.0
44,199,4,The Deer Hunter,Drama,1978.0
44,483,4,Rush Hour 2,Drama,2001.0
44,246,3,The Boston Strangler,Drama,1968.0
44,269,4,Parenthood,Drama,1989.0
44,18,4,Immortal Beloved,Drama,1994.0
44,260,4,Marat / Sade,Drama,1967.0
44,32,4,ABC Primetime: Mel Gibson's The Passion of the Christ,Romance,2004.0
44,411,5,Vendetta,Drama,1999.0
44,502,2,Mitch Hedberg: Mitch All Together,Drama,2003.0
44,359,3,Absolutely Fabulous: Series 5,Drama,2003.0
44,129,5,Darkwolf,Horror,2003.0
44,453,4,Simple Men,Drama,1992.0
44,265,3,The Jeff Corwin Experience: Costa Rica and the Amazon,Drama,2002.0
44,267,4,Touched by an Angel: Season 1,Drama,1994.0
44,116,3,Bear Cub,Drama,2004.0
45,40,4,Pitcher and the Pin-Up,Drama,2004.0
45,227,3,The Carol Burnett Show: Show Stoppers,Drama,2001.0
45,133,5,Viva La Bam: Season 1,Drama,2003.0
45,471,2,City Lights,Drama,1931.0
45,269,2,Parenthood,Drama,1989.0
45,353,5,Life or Something Like It,Drama,2002.0
45,352,2,Pick a Card,Drama,1997.0
45,343,5,French and Saunders: Live,Drama,2000.0
45,23,3,Clifford: Clifford Saves the Day! / Clifford's Fluffiest Friend Cleo,Drama,2001.0
45,55,3,Jade,Drama,1995.0
45,60,3,The Libertine,Drama,1969.0
45,146,2,Cannibal Women in the Avocado Jungle of Death,Horror,1988.0
45,245,5,Road Dogz,Drama,2002.0
45,315,4,Combat! Season 3: Operation 2,Action,1964.0
45,298,5,Crunch: Pick Your Spot Pilates,Drama,2002.0
45,90,5,The Lemon Drop Kid,Drama,1951.0
45,28,4,Lilo and Stitch,Drama,2002.0
45,50,2,A Yank in the R.A.F.,Drama,1941.0
45,165,2,Richard Pryor: Live on the Sunset Strip,Drama,1982.0
45,9,5,Class of Nuke 'Em High 2,Drama,1991.0
45,314,4,Saturday Night Live: The Best of Jon Lovitz,Horror,1985.0
45,74,4,6ixtynin9,Drama,1999.0
45,236,3,Cartoon Crazys Sci-Fi,Comedy,1998.0
45,262,3,Herbie Rides Again,Drama,1974.0
45,469,4,First Night of My Life: 2000 Seen By...,Drama,1998.0
45,263,1,Dragon Ball: Tournament Saga,Fantasy,2001.0
45,203,3,Sports Illustrated Swimsuit Edition: 1997,Drama,1997.0
45,81,4,Antarctica: IMAX,Drama,1991.0
45,267,4,Touched by an Angel: Season 1,Drama,1994.0
45,309,2,The Day of the Locust,Drama,1975.0
45,347,2,Iceman Cometh,Drama,1989.0
45,251,3,Midsomer Murders: Strangler's Wood,Thriller,2000.0
45,217,3,Cherry 2000,Drama,1988.0
45,156,5,Husbands and Wives,Drama,1992.0
45,411,2,Vendetta,Drama,1999.0
45,274,3,Crazy as Hell,Comedy,2002.0
45,26,5,Never Die Alone,Drama,2004.0
45,14,5,Nature: Antarctica,Documentary,1982.0
45,389,2,Steal,Drama,2002.0
45,376,4,Genesis: The Way We Walk: Live in Concert,Drama,2001.0
45,117,4,Silk Stockings,Drama,1957.0
45,137,4,Naked Lies,Drama,1998.0
45,488,2,His Secret Life,Drama,2001.0
45,162,3,John Cleese on How to Irritate People,Drama,1968.0
45,335,3,Fear No Evil,Horror,1981.0
45,186,4,Panic in the Streets,Drama,1950.0
45,123,3,Chain of Fools,Drama,2000.0
45,330,3,Wild Things,Drama,1998.0
45,505,3,A Thousand Acres,Drama,1997.0
45,373,2,Third World Cop,Documentary,2000.0
45,191,5,X2: X-Men United,Drama,2003.0
45,126,4,Vampire Effect (aka Twins Effect),Drama,2003.0
45,301,5,Hard Ground,Drama,2003.0
45,20,2,Seeta Aur Geeta,Drama,1972.0
45,499,5,Under Suspicion,Drama,2000.0
45,56,3,Carandiru,Drama,2004.0
45,66,4,Barbarian Queen 2,Drama,1989.0
45,170,5,Tomorrow,Drama,1972.0
45,2,5,Isle of Man TT 2004 Review,Drama,2004.0
45,183,3,IFilm: Deranged,Drama,2005.0
45,16,2,Screamers,Drama,1996.0
45,161,3,Ninotchka,Drama,1939.0
45,246,4,The Boston Strangler,Drama,1968.0
45,12,3,My Favorite Brunette,Drama,1947.0
45,387,3,Bizet's Carmen,Drama,1984.0
45,169,2,Cartoon Network Halloween: 9 Creepy Cartoon Capers,Animation,2004.0
45,109,2,No Way Back,Drama,1996.0
45,374,4,The Little Girl Who Lives Down the Lane,Drama,1976.0
45,365,5,R.E.M.: Tourfilm,Drama,1989.0
45,160,5,Gormenghast,Drama,2000.0
45,103,5,Sanford and Son: Season 6,Drama,1976.0
45,403,5,Substitute 4: Failure is Not an Option,Drama,2000.0
46,325,4,Ghosts of Rwanda: Frontline,Horror,2004.0
46,149,3,The Edward R. Murrow Collection,Action,2005.0
46,263,1,Dragon Ball: Tournament Saga,Fantasy,2001.0
46,75,1,Grind,Drama,1997.0
46,233,1,Chato's Land,Drama,1971.0
46,200,2,The Fall of the Roman Empire,Drama,1964.0
46,271,2,Saludos Amigos,Drama,1943.0
46,114,2,Dominion Tank Police Part 1 & 2,Drama,1989.0
46,53,4,The Bonesetter,Drama,2003.0
46,26,2,Never Die Alone,Drama,2004.0
46,119,2,Travel the World by Train: Africa,Documentary,1999.0
46,487,1,Doctor Who: Lost in Time: The Patrick Troughton Years,Drama,1968.0
46,258,3,Mann,Drama,1999.0
46,461,4,Nightwalker #1: Midnight Detective,Horror,2000.0
46,390,3,The Fan,Drama,1981.0
46,320,4,Eat Your Heart Out,Drama,1997.0
46,130,3,Drowning on Dry Land,Drama,1999.0
46,379,2,Crash Dive,Drama,1996.0
46,3,3,Character,Drama,1997.0
46,134,4,Spirit Lost,Drama,1996.0
46,402,5,Pan Tadeusz,Drama,1999.0
46,274,4,Crazy as Hell,Comedy,2002.0
46,190,5,Blood and Sand,Drama,1989.0
46,250,2,Cast a Giant Shadow,Drama,1966.0
46,438,2,Bean: The Movie,Drama,1997.0
46,433,1,Untamed Heart,Drama,1993.0
46,323,4,Modern Vampires,Drama,1999.0
46,241,2,North by Northwest,Drama,1959.0
46,1,5,Dinosaur Planet,Sci-Fi,2003.0
46,499,3,Under Suspicion,Drama,2000.0
46,212,5,Querelle,Drama,1982.0
46,494,3,Monty Python's The Meaning of Life: Special Edition,Drama,1983.0
46,106,3,Stevie Ray Vaughan and Double Trouble: Live at Montreux 1982 & 1985,Drama,2004.0
46,145,4,Get Out Your Handkerchiefs,Drama,1978.0
46,128,3,Mr. Vampire,Drama,1985.0
46,155,4,The Strongest Man in the World,Documentary,1975.0
46,252,2,Stuart Little 2,Drama,2002.0
46,409,4,Godzilla vs. The Sea Monster,Drama,1966.0
46,425,3,The 10th Kingdom,Fantasy,2000.0
46,322,3,Flesh Gordon,Drama,1974.0
46,120,2,Plain Dirty,Drama,2004.0
46,316,5,Futurama: Monster Robot Maniac Fun Collection,Comedy,1999.0
46,64,3,Outside the Law,Drama,2001.0
46,288,5,Saturday Night Live: The Best of Chris Kattan,Horror,2004.0
46,159,3,Gentlemen of Fortune,Drama,1971.0
46,416,3,Elephant,Drama,2003.0
46,393,5,The Replacement Killers,Thriller,1998.0
46,210,2,Onmyoji,Drama,2001.0
46,121,2,Beyonce: Live at Wembley,Drama,2003.0
46,86,4,Iron Monkey 2,Drama,1996.0
46,419,5,George Lopez: Why You Crying?,Drama,2005.0
46,482,4,Frida,Drama,2002.0
46,415,2,Reign in Darkness,Horror,2002.0
46,150,3,Firetrap,Drama,2001.0
46,418,5,The Deal,Drama,2004.0
46,216,2,Impostor,Drama,2000.0
46,326,4,The Plainsman,Drama,1937.0
46,101,4,Complete Shamanic Princess,Drama,1997.0
46,437,2,Beyblade: Fierce Battle,Action,2005.0
46,65,3,Lost in the Pershing Point Hotel,Drama,2000.0
46,353,1,Life or Something Like It,Drama,2002.0
46,283,4,If These Walls Could Talk,Drama,1996.0
46,33,4,Aqua Teen Hunger Force: Vol. 1,Action,2000.0
46,276,2,Cold Harvest,Drama,1998.0
46,324,4,Mother's Boys,Drama,1994.0
46,454,3,Xena: Warrior Princess: Season 3,Action,1995.0
46,146,3,Cannibal Women in the Avocado Jungle of Death,Horror,1988.0
46,199,2,The Deer Hunter,Drama,1978.0
46,362,4,The Flintstones in Viva Rock Vegas,Drama,2000.0
46,100,1,Sam the Iron Bridge,Drama,1993.0
46,169,2,Cartoon Network Halloween: 9 Creepy Cartoon Capers,Animation,2004.0
47,382,3,Buried in the Sand: The Deception of America,Drama,2004.0
47,186,2,Panic in the Streets,Drama,1950.0
47,151,3,Sleepover Nightmare,Horror,2005.0
47,76,1,I Love Lucy: Season 2,Drama,1952.0
47,44,4,Spitfire Grill,Drama,1996.0
47,437,1,Beyblade: Fierce Battle,Action,2005.0
47,405,3,Wings of Desire,Drama,1987.0
47,285,5,The Devil's Own,Horror,1997.0
47,21,2,Strange Relations,Drama,2002.0
47,122,4,Cube 2: Hypercube,Drama,2002.0
47,434,5,Extreme Engineering: Tokyo's Sky City,Drama,2004.0
47,75,1,Grind,Drama,1997.0
47,373,3,Third World Cop,Documentary,2000.0
47,196,1,Peter Tosh: Stepping Razor: Red X,Drama,1992.0
47,348,3,The Last Temptation of Christ,Drama,1988.0
47,172,3,Jack,Drama,2003.0
47,468,1,The Matrix: Revolutions,Drama,2003.0
47,226,5,Henry: Portrait of a Serial Killer 2,Thriller,1996.0
47,109,4,No Way Back,Drama,1996.0
47,268,2,The Final Countdown,Drama,1980.0
47,299,5,Bridget Jones's Diary,Drama,2001.0
47,375,1,Nine Dead Gay Guys,Drama,2003.0
47,487,2,Doctor Who: Lost in Time: The Patrick Troughton Years,Drama,1968.0
47,415,1,Reign in Darkness,Horror,2002.0
47,82,5,The Frogmen,Drama,1951.0
47,212,4,Querelle,Drama,1982.0
47,142,4,The Tricky Master,Drama,2000.0
47,432,4,Les Miserables in Concert,Drama,1996.0
47,143,4,The Game,Drama,1997.0
47,213,4,Dinner Rush,Drama,2001.0
47,104,4,The Great Race,Drama,1965.0
47,60,4,The Libertine,Drama,1969.0
47,380,3,Live Wire,Drama,1992.0
47,447,3,The Making of Fanny and Alexander,Drama,1986.0
47,358,4,The Onion Field,Drama,1979.0
47,115,4,Lord Peter Wimsey: Murder Must Advertise,Thriller,1973.0
47,290,2,Harold and Kumar Go to White Castle,Drama,2004.0
47,87,2,Louder Than Bombs,Drama,2002.0
47,485,5,The Avengers '67,Drama,1967.0
47,22,3,Chump Change,Drama,2000.0
48,332,4,They Crawl,Drama,2002.0
48,183,4,IFilm: Deranged,Drama,2005.0
48,57,4,Richard III,Drama,1995.0
48,178,4,Regular Guys,Drama,1996.0
48,431,5,Millennium Actress,Drama,2002.0
48,117,3,Silk Stockings,Drama,1957.0
48,43,3,Silent Service,Drama,2000.0
48,295,3,Ace Ventura: When Nature Calls,Documentary,1995.0
48,492,2,Mrs. Soffel,Drama,1984.0
48,294,3,Oasis,Drama,2002.0
48,293,4,Lennon Legend: The Very Best of John Lennon,Fantasy,2003.0
48,227,4,The Carol Burnett Show: Show Stoppers,Drama,2001.0
48,422,3,The Unsinkable Molly Brown,Drama,1964.0
48,266,5,Saudade Do Futuro,Drama,2000.0
48,194,1,Arliss: The Best of Arliss,Drama,1996.0
48,501,5,Three Days of the Condor,Drama,1975.0
48,489,4,Return to Paradise,Drama,1998.0
48,107,3,Magnolia: Bonus Material,Drama,2000.0
48,99,4,A Fishy Story,Drama,1989.0
48,246,3,The Boston Strangler,Drama,1968.0
48,123,1,Chain of Fools,Drama,2000.0
48,147,4,Where Sleeping Dogs Lie,Drama,1992.0
48,373,5,Third World Cop,Documentary,2000.0
48,286,5,Thunderbirds Are Go,Drama,1966.0
48,83,4,Silkwood,Drama,1983.0
48,86,5,Iron Monkey 2,Drama,1996.0
48,229,4,Peter Gabriel: Growing Up Live,Drama,2003.0
48,313,4,Pay It Forward,Action,2000.0
48,437,3,Beyblade: Fierce Battle,Action,2005.0
48,268,3,The Final Countdown,Drama,1980.0
48,475,3,Surf Ninjas,Drama,1993.0
48,256,4,Ghost Dog: The Way of the Samurai,Horror,2000.0
48,102,4,Notre Musique,Drama,2004.0
48,35,3,Ferngully 2: The Magical Rescue,Animation,2000.0
48,474,2,Legend of 1900,Fantasy,1998.0
48,408,5,Nightbreed,Horror,1990.0
48,201,2,Home Movie,Drama,2001.0
48,85,4,Elfen Lied,Drama,2005.0
48,271,4,Saludos Amigos,Drama,1943.0
48,94,3,G3: Live in Concert,Drama,2000.0
48,91,4,WWE: Royal Rumble 2005,Drama,2005.0
48,25,2,Inspector Morse 31: Death Is Now My Neighbour,Horror,1997.0
48,423,5,My Favorite Martian #1,Drama,1963.0
48,29,5,Boycott,Drama,2001.0
48,241,5,North by Northwest,Drama,1959.0
48,278,3,100 Days Before the Command,Drama,1990.0
48,30,1,Something's Gotta Give,Drama,2003.0
48,23,4,Clifford: Clifford Saves the Day! / Clifford's Fluffiest Friend Cleo,Drama,2001.0
48,109,2,No Way Back,Drama,1996.0
48,330,3,Wild Things,Drama,1998.0
48,3,5,Character,Drama,1997.0
48,261,5,The Big Clock,Drama,1948.0
48,379,5,Crash Dive,Drama,1996.0
48,385,4,The Santa Clause 2,Drama,2002.0
48,284,5,Sasquatch Hunters,Drama,2005.0
48,236,1,Cartoon Crazys Sci-Fi,Comedy,1998.0
48,221,2,Voyage to the Planets and Beyond,Sci-Fi,2005.0
48,218,3,Triumph: Live at the US Festival,Drama,1983.0
48,273,5,Taxi,Drama,2004.0
48,78,3,Jingle All the Way,Drama,1996.0
48,70,4,Tai Chi: The 24 Forms,Drama,1999.0
48,215,2,That '70s Show: Season 1,Drama,1998.0
48,203,4,Sports Illustrated Swimsuit Edition: 1997,Drama,1997.0
48,411,4,Vendetta,Drama,1999.0
48,352,4,Pick a Card,Drama,1997.0
48,340,3,Midnight: 2000 Seen By...,Horror,1998.0
48,426,4,Recess: School's Out,Drama,2001.0
48,326,2,The Plainsman,Drama,1937.0
48,369,3,Playing Mona Lisa,Drama,2000.0
48,409,5,Godzilla vs. The Sea Monster,Drama,1966.0
48,167,3,The Chorus,Drama,2004.0
48,334,3,The Pacifier,Drama,2005.0
48,21,4,Strange Relations,Drama,2002.0
48,73,5,Davy Crockett: 50th Anniversary Double Feature,Drama,1954.0
48,52,5,The Weather Underground,Drama,2002.0
48,446,4,The Underneath,Drama,1995.0
48,74,4,6ixtynin9,Drama,1999.0
48,31,5,Classic Albums: Meat Loaf: Bat Out of Hell,Drama,1999.0
49,275,4,Evelyn,Drama,2002.0
49,503,2,Max and Ruby: Springtime for Max and Ruby,Drama,2005.0
49,300,3,Option Zero,Drama,1997.0
49,477,2,George Carlin: Personal Favorites,Drama,1990.0
49,172,4,Jack,Drama,2003.0
49,164,3,One Last Dance,Drama,2003.0
49,100,5,Sam the Iron Bridge,Drama,1993.0
49,254,4,Westender,Drama,2003.0
49,63,2,Crash Dive,Drama,1943.0
49,153,4,MTV Yoga,Drama,2002.0
49,487,2,Doctor Who: Lost in Time: The Patrick Troughton Years,Drama,1968.0
49,423,4,My Favorite Martian #1,Drama,1963.0
49,87,3,Louder Than Bombs,Drama,2002.0
49,177,5,Pressure,Drama,2002.0
49,20,5,Seeta Aur Geeta,Drama,1972.0
49,98,3,The Battle of Algiers: Bonus Material,Action,1965.0
49,204,4,Venus Boyz,Drama,2002.0
49,431,1,Millennium Actress,Drama,2002.0
49,61,2,Ricky Martin: One Night Only,Horror,1999.0
49,55,4,Jade,Drama,1995.0
49,315,3,Combat! Season 3: Operation 2,Action,1964.0
49,304,4,King of the Hill: Season 1,Drama,1997.0
49,399,3,Fangs,Drama,2001.0
49,107,4,Magnolia: Bonus Material,Drama,2000.0
49,222,1,Yellow,Drama,1998.0
49,247,3,Oleanna,Drama,1994.0
49,67,4,Vampire Journals,Drama,1997.0
49,266,5,Saudade Do Futuro,Drama,2000.0
49,151,3,Sleepover Nightmare,Horror,2005.0
49,45,4,The Love Letter,Drama,1999.0
49,80,3,Winter Kills,Thriller,1979.0
49,144,4,Deepak Chopra: The Way of the Wizard & Alchemy,Fantasy,2000.0
49,250,3,Cast a Giant Shadow,Drama,1966.0
49,230,5,Unsolved Mysteries: Psychics,Drama,1987.0
49,340,3,Midnight: 2000 Seen By...,Horror,1998.0
49,270,3,Sex and the City: Season 4,Drama,2001.0
49,418,4,The Deal,Drama,2004.0
49,237,4,Broken Blossoms,Drama,1918.0
49,29,3,Boycott,Drama,2001.0
49,212,4,Querelle,Drama,1982.0
49,493,2,The Giallo Collection: Who Saw Her Die?,Drama,1972.0
49,448,4,Oswald: Welcome to the Big City!,Drama,2001.0
49,8,4,What the #$*! Do We Know!?,Drama,2004.0
49,110,3,Scandal,Drama,1989.0
49,183,3,IFilm: Deranged,Drama,2005.0
49,306,3,Sesame Street: Sing Yourself Silly!,Comedy,2005.0
49,294,2,Oasis,Drama,2002.0
49,328,4,Deftones: Live in Hawaii,Drama,2002.0
49,392,3,Danielle Steel's Heartbeat,Drama,1993.0
49,233,4,Chato's Land,Drama,1971.0
49,47,3,The Bad and the Beautiful,Drama,1952.0
49,364,4,Billy Blanks: Tae Bo: Contact 2,Drama,2004.0
49,227,1,The Carol Burnett Show: Show Stoppers,Drama,2001.0
49,256,2,Ghost Dog: The Way of the Samurai,Horror,2000.0
49,271,2,Saludos Amigos,Drama,1943.0
49,51,5,Jonah: A VeggieTales Movie: Bonus Material,Drama,2002.0
49,444,4,The Inner Tour,Drama,2001.0
49,420,3,Saturday Night Live: The Best of Dana Carvey,Horror,1999.0
49,57,3,Richard III,Drama,1995.0
49,354,4,Sadomania,Drama,1981.0
49,134,3,Spirit Lost,Drama,1996.0
49,351,4,Guns of the Magnificent Seven,Drama,1969.0
49,169,3,Cartoon Network Halloween: 9 Creepy Cartoon Capers,Animation,2004.0
50,295,3,Ace Ventura: When Nature Calls,Documentary,1995.0
50,325,5,Ghosts of Rwanda: Frontline,Horror,2004.0
50,132,4,Lucio Fulci: The Beyond,Drama,1981.0
50,13,3,Lord of the Rings: The Return of the King: Extended Edition: Bonus Material,Drama,2003.0
50,461,5,Nightwalker #1: Midnight Detective,Horror,2000.0
50,309,4,The Day of the Locust,Drama,1975.0
50,19,3,By Dawn's Early Light,Drama,2000.0
50,205,3,Troy: Bonus Material,Drama,2004.0
50,444,2,The Inner Tour,Drama,2001.0
50,94,2,G3: Live in Concert,Drama,2000.0
50,484,5,Danielle Steel's Jewels,Drama,1992.0
50,486,2,Journey to the Center of the Earth,Drama,1959.0
50,128,2,Mr. Vampire,Drama,1985.0
50,218,4,Triumph: Live at the US Festival,Drama,1983.0
50,61,5,Ricky Martin: One Night Only,Horror,1999.0
50,437,5,Beyblade: Fierce Battle,Action,2005.0
50,324,5,Mother's Boys,Drama,1994.0
50,430,5,Chobits,Drama,2002.0
50,209,2,Star Trek: Deep Space Nine: Season 5,Sci-Fi,1996.0
50,70,3,Tai Chi: The 24 Forms,Drama,1999.0
50,171,2,Funny Face,Comedy,1957.0
50,28,2,Lilo and Stitch,Drama,2002.0
50,434,5,Extreme Engineering: Tokyo's Sky City,Drama,2004.0
50,311,4,Ed Wood,Drama,1994.0
50,238,5,Led Zeppelin: The Song Remains the Same,Drama,1976.0
50,284,2,Sasquatch Hunters,Drama,2005.0
50,129,3,Darkwolf,Horror,2003.0
50,471,4,City Lights,Drama,1931.0
50,187,5,Death to Smoochy,Horror,2002.0
50,475,2,Surf Ninjas,Drama,1993.0
50,411,3,Vendetta,Drama,1999.0
50,384,4,Crossroads,Drama,1986.0
50,102,4,Notre Musique,Drama,2004.0
50,10,5,Fighter,Action,2001.0
50,1,3,Dinosaur Planet,Sci-Fi,2003.0
50,161,2,Ninotchka,Drama,1939.0
50,337,1,Star 80,Sci-Fi,1983.0
50,38,3,Daydream Obsession,Drama,2003.0
50,407,3,The Abductors,Drama,1972.0
50,116,3,Bear Cub,Drama,2004.0
50,192,5,The SoulTaker,Drama,2003.0
50,314,2,Saturday Night Live: The Best of Jon Lovitz,Horror,1985.0
50,275,3,Evelyn,Drama,2002.0
50,419,5,George Lopez: Why You Crying?,Drama,2005.0
50,260,3,Marat / Sade,Drama,1967.0
50,415,4,Reign in Darkness,Horror,2002.0
51,164,2,One Last Dance,Drama,2003.0
51,343,3,French and Saunders: Live,Drama,2000.0
51,227,2,The Carol Burnett Show: Show Stoppers,Drama,2001.0
51,160,3,Gormenghast,Drama,2000.0
51,54,4,We're Not Married,Drama,1952.0
51,50,4,A Yank in the R.A.F.,Drama,1941.0
51,89,2,Chain of Command,Drama,2000.0
51,225,5,The Cookout,Drama,2004.0
51,444,5,The Inner Tour,Drama,2001.0
51,182,3,Moby: Play,Drama,2001.0
51,429,4,Zeus and Roxanne,Drama,1997.0
51,376,4,Genesis: The Way We Walk: Live in Concert,Drama,2001.0
51,447,4,The Making of Fanny and Alexander,Drama,1986.0
51,159,4,Gentlemen of Fortune,Drama,1971.0
51,380,3,Live Wire,Drama,1992.0
51,132,3,Lucio Fulci: The Beyond,Drama,1981.0
51,70,4,Tai Chi: The 24 Forms,Drama,1999.0
51,496,2,Primus: Hallucino-Genetics Live 2004,Drama,2004.0
51,340,4,Midnight: 2000 Seen By...,Horror,1998.0
51,313,4,Pay It Forward,Action,2000.0
51,407,3,The Abductors,Drama,1972.0
51,47,5,The Bad and the Beautiful,Drama,1952.0
51,56,3,Carandiru,Drama,2004.0
51,80,3,Winter Kills,Thriller,1979.0
51,318,3,Beyond Suspicion,Drama,1994.0
51,424,4,Happiness,Drama,1998.0
51,65,3,Lost in the Pershing Point Hotel,Drama,2000.0
51,265,2,The Jeff Corwin Experience: Costa Rica and the Amazon,Drama,2002.0
51,267,4,Touched by an Angel: Season 1,Drama,1994.0
51,352,3,Pick a Card,Drama,1997.0
51,244,5,Stellvia,Drama,2004.0
51,221,4,Voyage to the Planets and Beyond,Sci-Fi,2005.0
51,25,4,Inspector Morse 31: Death Is Now My Neighbour,Horror,1997.0
51,351,5,Guns of the Magnificent Seven,Drama,1969.0
51,337,4,Star 80,Sci-Fi,1983.0
51,92,4,ECW: Cyberslam '99,Sci-Fi,2002.0
51,279,3,Micki and Maude,Drama,1984.0
51,67,5,Vampire Journals,Drama,1997.0
51,20,4,Seeta Aur Geeta,Drama,1972.0
51,119,2,Travel the World by Train: Africa,Documentary,1999.0
51,430,4,Chobits,Drama,2002.0
52,117,4,Silk Stockings,Drama,1957.0
52,227,5,The Carol Burnett Show: Show Stoppers,Drama,2001.0
52,151,4,Sleepover Nightmare,Horror,2005.0
52,437,5,Beyblade: Fierce Battle,Action,2005.0
52,137,2,Naked Lies,Drama,1998.0
52,34,3,Ashtanga Yoga: Beginner's Practice with Nicki Doane,Drama,2003.0
52,167,3,The Chorus,Drama,2004.0
52,81,3,Antarctica: IMAX,Drama,1991.0
52,461,4,Nightwalker #1: Midnight Detective,Horror,2000.0
52,312,4,High Fidelity,Drama,2000.0
52,427,4,Graveyard Shift,Drama,1990.0
52,401,5,Halloween 5: The Revenge of Michael Myers,Drama,1989.0
52,269,2,Parenthood,Drama,1989.0
52,320,2,Eat Your Heart Out,Drama,1997.0
52,452,1,Scorched,Drama,2002.0
52,495,2,Mission Kashmir,Action,2000.0
52,259,3,Animal,Drama,2004.0
52,55,3,Jade,Drama,1995.0
52,477,2,George Carlin: Personal Favorites,Drama,1990.0
52,134,4,Spirit Lost,Drama,1996.0
52,156,3,Husbands and Wives,Drama,1992.0
52,321,2,Ju-Rei: The Uncanny,Drama,2004.0
52,382,4,Buried in the Sand: The Deception of America,Drama,2004.0
52,415,3,Reign in Darkness,Horror,2002.0
52,433,5,Untamed Heart,Drama,1993.0
52,71,3,Maya Lin: A Strong Clear Vision,Drama,1995.0
52,163,3,MTV: Making the Band 2: Best of Season 1,Drama,2002.0
52,403,4,Substitute 4: Failure is Not an Option,Drama,2000.0
52,218,1,Triumph: Live at the US Festival,Drama,1983.0
52,464,5,The Return of Ruben Blades,Drama,1987.0
52,361,4,The Phantom of the Opera: Special Edition,Drama,2004.0
52,246,3,The Boston Strangler,Drama,1968.0
52,182,2,Moby: Play,Drama,2001.0
52,370,2,Chaplin,Drama,1918.0
52,303,2,Les Liaisons Dangereuses,Drama,1959.0
52,282,1,Blue Seed: Beyond,Drama,2003.0
52,147,2,Where Sleeping Dogs Lie,Drama,1992.0
52,396,1,Arjuna: Complete Collection,Drama,2001.0
52,344,3,The Taming of the Shrew,Drama,1967.0
52,221,3,Voyage to the Planets and Beyond,Sci-Fi,2005.0
52,10,5,Fighter,Action,2001.0
52,23,5,Clifford: Clifford Saves the Day! / Clifford's Fluffiest Friend Cleo,Drama,2001.0
52,501,3,Three Days of the Condor,Drama,1975.0
52,48,3,Justice League,Drama,2001.0
52,389,5,Steal,Drama,2002.0
52,70,3,Tai Chi: The 24 Forms,Drama,1999.0
52,499,4,Under Suspicion,Drama,2000.0
52,431,3,Millennium Actress,Drama,2002.0
52,203,4,Sports Illustrated Swimsuit Edition: 1997,Drama,1997.0
52,283,4,If These Walls Could Talk,Drama,1996.0
52,302,3,The Isle,Drama,2001.0
52,322,5,Flesh Gordon,Drama,1974.0
52,406,2,Hostage,Drama,2005.0
52,253,4,A Night at the Opera,Horror,1935.0
52,51,5,Jonah: A VeggieTales Movie: Bonus Material,Drama,2002.0
52,486,4,Journey to the Center of the Earth,Drama,1959.0
52,87,3,Louder Than Bombs,Drama,2002.0
52,217,4,Cherry 2000,Drama,1988.0
52,393,5,The Replacement Killers,Thriller,1998.0
52,224,4,Midsomer Murders: Blood Will Out,Thriller,1999.0
52,188,4,Dead Birds,Drama,2005.0
52,346,4,Up and Down,Drama,2005.0
52,85,4,Elfen Lied,Drama,2005.0
52,328,3,Deftones: Live in Hawaii,Drama,2002.0
52,195,2,Chasing Freedom,Drama,2004.0
52,243,4,Pressure Point,Drama,1962.0
52,103,2,Sanford and Son: Season 6,Drama,1976.0
52,372,3,Jeans,Drama,1998.0
52,6,5,Sick,Drama,1997.0
52,208,3,The Three Stooges: Sing a Song of Six Pants,Drama,1947.0
52,140,2,Lost in the Wild,Drama,1993.0
52,475,4,Surf Ninjas,Drama,1993.0
52,9,3,Class of Nuke 'Em High 2,Drama,1991.0
52,315,4,Combat! Season 3: Operation 2,Action,1964.0
52,82,2,The Frogmen,Drama,1951.0
53,338,3,The Three Stooges: Three Smart Saps,Drama,1942.0
53,139,3,Allergies: A Natural Approach,Drama,2001.0
53,431,3,Millennium Actress,Drama,2002.0
53,430,5,Chobits,Drama,2002.0
53,224,4,Midsomer Murders: Blood Will Out,Thriller,1999.0
53,368,5,The Best of Designing Women,Drama,1986.0
53,289,4,The Avengers,Drama,1998.0
53,238,5,Led Zeppelin: The Song Remains the Same,Drama,1976.0
53,257,4,Charlotte's Web,Drama,1973.0
53,56,3,Carandiru,Drama,2004.0
53,283,3,If These Walls Could Talk,Drama,1996.0
53,93,5,They Came Back,Drama,2004.0
53,259,5,Animal,Drama,2004.0
53,196,5,Peter Tosh: Stepping Razor: Red X,Drama,1992.0
53,316,2,Futurama: Monster Robot Maniac Fun Collection,Comedy,1999.0
53,197,1,Taking Lives,Drama,2004.0
53,195,2,Chasing Freedom,Drama,2004.0
53,62,4,Ken Burns' America: Empire of the Air,Drama,1991.0
53,241,3,North by Northwest,Drama,1959.0
53,303,4,Les Liaisons Dangereuses,Drama,1959.0
53,46,3,Rudolph the Red-Nosed Reindeer,Drama,1964.0
53,179,1,Bollywood Bound,Drama,2003.0
53,192,4,The SoulTaker,Drama,2003.0
53,408,4,Nightbreed,Horror,1990.0
53,33,5,Aqua Teen Hunger Force: Vol. 1,Action,2000.0
53,134,4,Spirit Lost,Drama,1996.0
53,334,4,The Pacifier,Drama,2005.0
53,82,3,The Frogmen,Drama,1951.0
53,1,4,Dinosaur Planet,Sci-Fi,2003.0
53,116,4,Bear Cub,Drama,2004.0
53,4,4,Paula Abdul's Get Up & Dance,Drama,1994.0
53,385,3,The Santa Clause 2,Drama,2002.0
53,91,4,WWE: Royal Rumble 2005,Drama,2005.0
53,498,4,Glory: Bonus Material,Drama,1989.0
53,353,5,Life or Something Like It,Drama,2002.0
53,288,3,Saturday Night Live: The Best of Chris Kattan,Horror,2004.0
53,494,2,Monty Python's The Meaning of Life: Special Edition,Drama,1983.0
53,129,3,Darkwolf,Horror,2003.0
53,296,4,In His Life: The John Lennon Story,Drama,2000.0
53,302,4,The Isle,Drama,2001.0
53,160,4,Gormenghast,Drama,2000.0
53,9,4,Class of Nuke 'Em High 2,Drama,1991.0
53,76,1,I Love Lucy: Season 2,Drama,1952.0
53,133,3,Viva La Bam: Season 1,Drama,2003.0
53,162,4,John Cleese on How to Irritate People,Drama,1968.0
53,427,5,Graveyard Shift,Drama,1990.0
53,99,3,A Fishy Story,Drama,1989.0
53,214,5,Read-Along: Beauty and the Beast,Drama,2002.0
53,422,4,The Unsinkable Molly Brown,Drama,1964.0
53,119,4,Travel the World by Train: Africa,Documentary,1999.0
53,25,3,Inspector Morse 31: Death Is Now My Neighbour,Horror,1997.0
53,137,3,Naked Lies,Drama,1998.0
53,469,4,First Night of My Life: 2000 Seen By...,Drama,1998.0
53,472,3,Mr. Jealousy,Drama,1998.0
53,223,5,Chappelle's Show: Season 1,Drama,2003.0
53,188,5,Dead Birds,Drama,2005.0
53,199,5,The Deer Hunter,Drama,1978.0
53,125,2,Nighthawks,Horror,1981.0
53,244,2,Stellvia,Drama,2004.0
54,384,4,Crossroads,Drama,1986.0
54,62,3,Ken Burns' America: Empire of the Air,Drama,1991.0
54,82,5,The Frogmen,Drama,1951.0
54,220,3,Winston Churchill: The Wilderness Years,Drama,1983.0
54,27,3,Sesame Street: Elmo's World: The Street We Live On,Documentary,1962.0
54,506,5,Blank Generation / Dancin' Barefoot,Drama,1976.0
54,199,4,The Deer Hunter,Drama,1978.0
54,125,3,Nighthawks,Horror,1981.0
54,69,4,WWE: Armageddon 2003,Drama,2003.0
54,110,3,Scandal,Drama,1989.0
54,14,2,Nature: Antarctica,Documentary,1982.0
54,227,3,The Carol Burnett Show: Show Stoppers,Drama,2001.0
54,176,2,The History Channel Presents: Troy: Unearthing the Legend,Drama,2004.0
54,314,4,Saturday Night Live: The Best of Jon Lovitz,Horror,1985.0
54,439,4,Town Without Pity,Drama,1961.0
54,23,5,Clifford: Clifford Saves the Day! / Clifford's Fluffiest Friend Cleo,Drama,2001.0
54,348,5,The Last Temptation of Christ,Drama,1988.0
54,365,3,R.E.M.: Tourfilm,Drama,1989.0
54,352,4,Pick a Card,Drama,1997.0
54,356,4,Look at Me,Drama,2005.0
54,10,4,Fighter,Action,2001.0
54,496,3,Primus: Hallucino-Genetics Live 2004,Drama,2004.0
54,195,2,Chasing Freedom,Drama,2004.0
54,182,4,Moby: Play,Drama,2001.0
54,395,1,Captain Blood,Drama,1935.0
54,472,3,Mr. Jealousy,Drama,1998.0
54,402,1,Pan Tadeusz,Drama,1999.0
54,290,2,Harold and Kumar Go to White Castle,Drama,2004.0
54,8,2,What the #$*! Do We Know!?,Drama,2004.0
54,262,5,Herbie Rides Again,Drama,1974.0
54,43,4,Silent Service,Drama,2000.0
54,90,3,The Lemon Drop Kid,Drama,1951.0
54,309,4,The Day of the Locust,Drama,1975.0
54,179,5,Bollywood Bound,Drama,2003.0
54,302,3,The Isle,Drama,2001.0
54,393,2,The Replacement Killers,Thriller,1998.0
54,105,3,Obsessed,Drama,2002.0
54,124,3,Cold Blooded,Drama,2000.0
54,278,2,100 Days Before the Command,Drama,1990.0
54,129,4,Darkwolf,Horror,2003.0
54,1,4,Dinosaur Planet,Sci-Fi,2003.0
54,427,4,Graveyard Shift,Drama,1990.0
54,132,4,Lucio Fulci: The Beyond,Drama,1981.0
54,121,4,Beyonce: Live at Wembley,Drama,2003.0
54,136,3,Cat and the Canary,Drama,1927.0
54,12,4,My Favorite Brunette,Drama,1947.0
54,101,3,Complete Shamanic Princess,Drama,1997.0
54,52,3,The Weather Underground,Drama,2002.0
54,56,5,Carandiru,Drama,2004.0
54,388,1,Body Chemistry,Drama,1990.0
54,339,5,Rolling Stones: Rock and Roll Circus,Drama,1968.0
54,460,3,Pink Narcissus,Drama,1971.0
54,55,3,Jade,Drama,1995.0
54,17,4,7 Seconds,Drama,2005.0
54,449,2,Jimmy Buffett: MiniMatinee #1,Drama,2003.0
54,148,3,Sweet November,Drama,2001.0
54,369,2,Playing Mona Lisa,Drama,2000.0
54,49,3,Devo: The Complete Truth About De-evolution,Drama,2003.0
54,430,3,Chobits,Drama,2002.0
54,185,5,Missing in Action 2: The Beginning / Missing in Action 3: Braddock,Action,1985.0
54,265,5,The Jeff Corwin Experience: Costa Rica and the Amazon,Drama,2002.0
54,163,1,MTV: Making the Band 2: Best of Season 1,Drama,2002.0
54,155,4,The Strongest Man in the World,Documentary,1975.0
54,130,5,Drowning on Dry Land,Drama,1999.0
54,416,4,Elephant,Drama,2003.0
54,95,3,Dona Herlinda and Her Son,Drama,1985.0
54,172,3,Jack,Drama,2003.0
54,318,3,Beyond Suspicion,Drama,1994.0
55,380,3,Live Wire,Drama,1992.0
55,227,2,The Carol Burnett Show: Show Stoppers,Drama,2001.0
55,91,5,WWE: Royal Rumble 2005,Drama,2005.0
55,63,2,Crash Dive,Drama,1943.0
55,484,3,Danielle Steel's Jewels,Drama,1992.0
55,462,5,Classic Cartoon Favorites: Starring Donald,Animation,2005.0
55,116,2,Bear Cub,Drama,2004.0
55,289,4,The Avengers,Drama,1998.0
55,401,2,Halloween 5: The Revenge of Michael Myers,Drama,1989.0
55,187,4,Death to Smoochy,Horror,2002.0
55,36,5,Lady Chatterley,Drama,1992.0
55,457,3,Kill Bill: Vol. 2,Thriller,2004.0
55,177,2,Pressure,Drama,2002.0
55,372,4,Jeans,Drama,1998.0
55,296,2,In His Life: The John Lennon Story,Drama,2000.0
55,274,1,Crazy as Hell,Comedy,2002.0
55,316,3,Futurama: Monster Robot Maniac Fun Collection,Comedy,1999.0
55,210,4,Onmyoji,Drama,2001.0
55,357,3,House of Sand and Fog,Drama,2003.0
55,55,4,Jade,Drama,1995.0
55,87,5,Louder Than Bombs,Drama,2002.0
55,271,3,Saludos Amigos,Drama,1943.0
55,412,3,Jay Jay the Jet Plane: Adventures in Learning,Animation,1999.0
55,349,3,The Swarm,Action,1978.0
55,231,3,Marooned in Iraq,Drama,2002.0
55,353,3,Life or Something Like It,Drama,2002.0
55,82,5,The Frogmen,Drama,1951.0
55,3,4,Character,Drama,1997.0
55,277,3,Enigma: MCMXC A.D,Drama,2003.0
55,391,5,The Monkees: Season 2,Drama,1967.0
55,408,5,Nightbreed,Horror,1990.0
55,108,4,Spartan,Drama,2004.0
55,468,3,The Matrix: Revolutions,Drama,2003.0
55,355,5,Sinful Nuns of St. Valentine,Romance,1973.0
55,123,2,Chain of Fools,Drama,2000.0
55,413,1,Igby Goes Down,Drama,2002.0
55,480,4,Flypaper,Drama,1997.0
55,85,3,Elfen Lied,Drama,2005.0
55,74,1,6ixtynin9,Drama,1999.0
55,445,3,Michael Collins,Drama,1996.0
55,241,4,North by Northwest,Drama,1959.0
55,451,3,Batman the Animated Series: Vol. 3,Animation,1993.0
55,245,4,Road Dogz,Drama,2002.0
55,272,3,Female Yakuza Tale,Drama,1973.0
55,506,3,Blank Generation / Dancin' Barefoot,Drama,1976.0
55,253,5,A Night at the Opera,Horror,1935.0
55,417,5,Transformers: Season 3: Part 1,Drama,1986.0
55,92,3,ECW: Cyberslam '99,Sci-Fi,2002.0
55,81,4,Antarctica: IMAX,Drama,1991.0
55,495,5,Mission Kashmir,Action,2000.0
55,31,2,Classic Albums: Meat Loaf: Bat Out of Hell,Drama,1999.0
55,25,4,Inspector Morse 31: Death Is Now My Neighbour,Horror,1997.0
55,492,4,Mrs. Soffel,Drama,1984.0
55,328,4,Deftones: Live in Hawaii,Drama,2002.0
55,65,2,Lost in the Pershing Point Hotel,Drama,2000.0
55,344,3,The Taming of the Shrew,Drama,1967.0
55,294,3,Oasis,Drama,2002.0
55,7,4,8 Man,Drama,1992.0
55,39,3,Love Reinvented,Drama,2000.0
55,200,3,The Fall of the Roman Empire,Drama,1964.0
55,267,4,Touched by an Angel: Season 1,Drama,1994.0
55,288,2,Saturday Night Live: The Best of Chris Kattan,Horror,2004.0
55,340,2,Midnight: 2000 Seen By...,Horror,1998.0
55,252,5,Stuart Little 2,Drama,2002.0
55,131,3,Arachnid,Drama,2002.0
55,117,2,Silk Stockings,Drama,1957.0
55,407,2,The Abductors,Drama,1972.0
56,173,5,The Devil's Brigade,Horror,1968.0
56,411,3,Vendetta,Drama,1999.0
56,473,4,Princess Mononoke,Drama,1997.0
56,31,4,Classic Albums: Meat Loaf: Bat Out of Hell,Drama,1999.0
56,280,4,Sarah Brightman: In Concert,Drama,1998.0
56,378,5,Party Monster,Drama,2003.0
56,80,3,Winter Kills,Thriller,1979.0
56,306,3,Sesame Street: Sing Yourself Silly!,Comedy,2005.0
56,348,3,The Last Temptation of Christ,Drama,1988.0
56,160,1,Gormenghast,Drama,2000.0
56,89,3,Chain of Command,Drama,2000.0
56,455,3,Cardcaptor Sakura: The Movie,Drama,1999.0
56,339,5,Rolling Stones: Rock and Roll Circus,Drama,1968.0
56,205,4,Troy: Bonus Material,Drama,2004.0
56,45,4,The Love Letter,Drama,1999.0
56,63,2,Crash Dive,Drama,1943.0
56,68,3,Invader Zim,Drama,2004.0
56,253,5,A Night at the Opera,Horror,1935.0
56,386,5,Princess Caraboo,Drama,1994.0
56,263,3,Dragon Ball: Tournament Saga,Fantasy,2001.0
56,249,1,The Hunters,Drama,1958.0
56,254,3,Westender,Drama,2003.0
56,267,3,Touched by an Angel: Season 1,Drama,1994.0
56,311,3,Ed Wood,Drama,1994.0
56,238,5,Led Zeppelin: The Song Remains the Same,Drama,1976.0
56,58,4,Dragonheart,Drama,1996.0
56,289,2,The Avengers,Drama,1998.0
56,137,5,Naked Lies,Drama,1998.0
56,491,5,Torn Curtain,Drama,1966.0
56,197,1,Taking Lives,Drama,2004.0
56,119,5,Travel the World by Train: Africa,Documentary,1999.0
56,423,3,My Favorite Martian #1,Drama,1963.0
56,399,2,Fangs,Drama,2001.0
56,131,2,Arachnid,Drama,2002.0
56,318,3,Beyond Suspicion,Drama,1994.0
56,22,3,Chump Change,Drama,2000.0
56,61,4,Ricky Martin: One Night Only,Horror,1999.0
56,293,5,Lennon Legend: The Very Best of John Lennon,Fantasy,2003.0
56,2,3,Isle of Man TT 2004 Review,Drama,2004.0
56,285,2,The Devil's Own,Horror,1997.0
56,96,3,Inside the Space Station,Sci-Fi,2000.0
56,221,5,Voyage to the Planets and Beyond,Sci-Fi,2005.0
56,387,3,Bizet's Carmen,Drama,1984.0
56,398,4,In the Realm of the Senses,Documentary,1976.0
56,424,4,Happiness,Drama,1998.0
56,405,4,Wings of Desire,Drama,1987.0
56,363,5,Stark Raving Mad,Sci-Fi,2002.0
56,346,2,Up and Down,Drama,2005.0
56,451,2,Batman the Animated Series: Vol. 3,Animation,1993.0
56,499,2,Under Suspicion,Drama,2000.0
56,292,4,Saturday Night Live: The Best of Gilda Radner,Horror,2005.0
56,319,4,Straight to Hell,Drama,1987.0
56,136,4,Cat and the Canary,Drama,1927.0
56,100,3,Sam the Iron Bridge,Drama,1993.0
56,129,3,Darkwolf,Horror,2003.0
56,15,4,Neil Diamond: Greatest Hits Live,Drama,1988.0
56,42,5,Searching for Paradise,Drama,2002.0
56,170,2,Tomorrow,Drama,1972.0
56,495,2,Mission Kashmir,Action,2000.0
56,465,4,Coolie No.1,Drama,1995.0
56,118,5,Rambo: First Blood Part II,Drama,1985.0
56,94,2,G3: Live in Concert,Drama,2000.0
56,30,3,Something's Gotta Give,Drama,2003.0
56,87,2,Louder Than Bombs,Drama,2002.0
56,325,4,Ghosts of Rwanda: Frontline,Horror,2004.0
56,240,1,Woman of the Year,Drama,1942.0
56,251,2,Midsomer Murders: Strangler's Wood,Thriller,2000.0
56,138,5,Star Trek: Voyager: Season 1,Sci-Fi,1995.0
56,145,4,Get Out Your Handkerchiefs,Drama,1978.0
56,135,3,GTO: Great Teacher Onizuka: Set 2,Drama,1998.0
56,97,3,Mostly Martha,Drama,2002.0
56,206,3,Unconstitutional: The War on Our Civil Liberties,Action,2004.0
57,137,3,Naked Lies,Drama,1998.0
57,412,2,Jay Jay the Jet Plane: Adventures in Learning,Animation,1999.0
57,220,3,Winston Churchill: The Wilderness Years,Drama,1983.0
57,54,3,We're Not Married,Drama,1952.0
57,209,4,Star Trek: Deep Space Nine: Season 5,Sci-Fi,1996.0
57,405,4,Wings of Desire,Drama,1987.0
57,219,3,Neon Bible,Drama,1995.0
57,166,5,Fame,Drama,1980.0
57,465,5,Coolie No.1,Drama,1995.0
57,268,3,The Final Countdown,Drama,1980.0
57,483,3,Rush Hour 2,Drama,2001.0
57,295,4,Ace Ventura: When Nature Calls,Documentary,1995.0
57,246,3,The Boston Strangler,Drama,1968.0
57,354,1,Sadomania,Drama,1981.0
57,199,5,The Deer Hunter,Drama,1978.0
57,386,2,Princess Caraboo,Drama,1994.0
57,115,5,Lord Peter Wimsey: Murder Must Advertise,Thriller,1973.0
57,157,4,Laird: White Knuckle Extreme,Drama,2004.0
57,194,3,Arliss: The Best of Arliss,Drama,1996.0
57,353,5,Life or Something Like It,Drama,2002.0
57,18,4,Immortal Beloved,Drama,1994.0
57,183,4,IFilm: Deranged,Drama,2005.0
57,250,2,Cast a Giant Shadow,Drama,1966.0
57,418,1,The Deal,Drama,2004.0
57,471,3,City Lights,Drama,1931.0
57,17,5,7 Seconds,Drama,2005.0
57,381,1,Out for Justice,Drama,1991.0
57,309,4,The Day of the Locust,Drama,1975.0
57,257,4,Charlotte's Web,Drama,1973.0
57,214,5,Read-Along: Beauty and the Beast,Drama,2002.0
57,57,5,Richard III,Drama,1995.0
57,34,4,Ashtanga Yoga: Beginner's Practice with Nicki Doane,Drama,2003.0
57,332,3,They Crawl,Drama,2002.0
57,371,3,The Trouble with Angels,Drama,1966.0
57,121,2,Beyonce: Live at Wembley,Drama,2003.0
57,237,3,Broken Blossoms,Drama,1918.0
57,349,2,The Swarm,Action,1978.0
57,127,3,Fatal Beauty,Drama,1987.0
57,348,3,The Last Temptation of Christ,Drama,1988.0
57,79,3,The Killing,Thriller,1956.0
57,319,4,Straight to Hell,Drama,1987.0
57,160,3,Gormenghast,Drama,2000.0
57,245,5,Road Dogz,Drama,2002.0
57,24,4,My Bloody Valentine,Romance,1981.0
57,259,3,Animal,Drama,2004.0
57,253,2,A Night at the Opera,Horror,1935.0
57,168,3,Smokey and the Bandit Part 3,Drama,1983.0
57,287,5,Luther Vandross: Always and Forever: An Evening of Songs,Drama,1994.0
57,449,4,Jimmy Buffett: MiniMatinee #1,Drama,2003.0
57,395,4,Captain Blood,Drama,1935.0
57,442,4,Mississippi Burning,Drama,1988.0
57,273,5,Taxi,Drama,2004.0
57,343,5,French and Saunders: Live,Drama,2000.0
57,308,4,The Legend of the 7 Golden Vampires/7 Brothers of Dracula,Fantasy,1974.0
57,361,3,The Phantom of the Opera: Special Edition,Drama,2004.0
57,122,5,Cube 2: Hypercube,Drama,2002.0
57,417,1,Transformers: Season 3: Part 1,Drama,1986.0
57,443,5,Rabbit-Proof Fence,Drama,2002.0
57,387,4,Bizet's Carmen,Drama,1984.0
57,254,5,Westender,Drama,2003.0
57,167,2,The Chorus,Drama,2004.0
57,134,5,Spirit Lost,Drama,1996.0
57,431,4,Millennium Actress,Drama,2002.0
57,445,3,Michael Collins,Drama,1996.0
57,9,3,Class of Nuke 'Em High 2,Drama,1991.0
57,203,3,Sports Illustrated Swimsuit Edition: 1997,Drama,1997.0
57,376,3,Genesis: The Way We Walk: Live in Concert,Drama,2001.0
57,315,2,Combat! Season 3: Operation 2,Action,1964.0
57,10,5,Fighter,Action,2001.0
57,438,2,Bean: The Movie,Drama,1997.0
57,105,2,Obsessed,Drama,2002.0
57,477,5,George Carlin: Personal Favorites,Drama,1990.0
57,189,2,Airplane II: The Sequel,Drama,1982.0
58,230,3,Unsolved Mysteries: Psychics,Drama,1987.0
58,414,4,Girl,Drama,1999.0
58,449,3,Jimmy Buffett: MiniMatinee #1,Drama,2003.0
58,304,2,King of the Hill: Season 1,Drama,1997.0
58,312,3,High Fidelity,Drama,2000.0
58,468,2,The Matrix: Revolutions,Drama,2003.0
58,215,5,That '70s Show: Season 1,Drama,1998.0
58,460,3,Pink Narcissus,Drama,1971.0
58,173,4,The Devil's Brigade,Horror,1968.0
58,360,5,Lies,Drama,1999.0
58,60,4,The Libertine,Drama,1969.0
58,416,5,Elephant,Drama,2003.0
58,492,3,Mrs. Soffel,Drama,1984.0
58,71,4,Maya Lin: A Strong Clear Vision,Drama,1995.0
58,371,4,The Trouble with Angels,Drama,1966.0
58,176,3,The History Channel Presents: Troy: Unearthing the Legend,Drama,2004.0
58,229,3,Peter Gabriel: Growing Up Live,Drama,2003.0
58,290,5,Harold and Kumar Go to White Castle,Drama,2004.0
58,311,3,Ed Wood,Drama,1994.0
58,314,2,Saturday Night Live: The Best of Jon Lovitz,Horror,1985.0
58,220,3,Winston Churchill: The Wilderness Years,Drama,1983.0
58,467,3,Topper Returns,Drama,1941.0
58,57,4,Richard III,Drama,1995.0
58,499,4,Under Suspicion,Drama,2000.0
58,219,4,Neon Bible,Drama,1995.0
58,131,3,Arachnid,Drama,2002.0
58,393,4,The Replacement Killers,Thriller,1998.0
58,471,3,City Lights,Drama,1931.0
58,277,2,Enigma: MCMXC A.D,Drama,2003.0
58,15,3,Neil Diamond: Greatest Hits Live,Drama,1988.0
58,99,5,A Fishy Story,Drama,1989.0
58,121,2,Beyonce: Live at Wembley,Drama,2003.0
58,324,1,Mother's Boys,Drama,1994.0
58,318,5,Beyond Suspicion,Drama,1994.0
58,431,4,Millennium Actress,Drama,2002.0
58,181,4,The Last Shot,Drama,2004.0
58,260,3,Marat / Sade,Drama,1967.0
58,182,4,Moby: Play,Drama,2001.0
58,362,4,The Flintstones in Viva Rock Vegas,Drama,2000.0
58,407,5,The Abductors,Drama,1972.0
58,388,5,Body Chemistry,Drama,1990.0
58,163,4,MTV: Making the Band 2: Best of Season 1,Drama,2002.0
58,53,3,The Bonesetter,Drama,2003.0
58,202,4,Ruby's Bucket of Blood,Drama,2001.0
58,271,3,Saludos Amigos,Drama,1943.0
58,489,5,Return to Paradise,Drama,1998.0
58,443,3,Rabbit-Proof Fence,Drama,2002.0
58,461,3,Nightwalker #1: Midnight Detective,Horror,2000.0
58,442,2,Mississippi Burning,Drama,1988.0
58,47,3,The Bad and the Beautiful,Drama,1952.0
58,139,3,Allergies: A Natural Approach,Drama,2001.0
58,227,3,The Carol Burnett Show: Show Stoppers,Drama,2001.0
58,184,2,Billy Blanks: Tae Bo: Cardio Circuit 1,Drama,2004.0
58,358,5,The Onion Field,Drama,1979.0
58,307,3,Godsmack: Smack This!,Drama,2002.0
58,265,3,The Jeff Corwin Experience: Costa Rica and the Amazon,Drama,2002.0
58,315,4,Combat! Season 3: Operation 2,Action,1964.0
58,505,5,A Thousand Acres,Drama,1997.0
58,46,3,Rudolph the Red-Nosed Reindeer,Drama,1964.0
58,359,3,Absolutely Fabulous: Series 5,Drama,2003.0
59,244,3,Stellvia,Drama,2004.0
59,262,5,Herbie Rides Again,Drama,1974.0
59,334,4,The Pacifier,Drama,2005.0
59,472,4,Mr. Jealousy,Drama,1998.0
59,115,4,Lord Peter Wimsey: Murder Must Advertise,Thriller,1973.0
59,487,5,Doctor Who: Lost in Time: The Patrick Troughton Years,Drama,1968.0
59,296,4,In His Life: The John Lennon Story,Drama,2000.0
59,214,2,Read-Along: Beauty and the Beast,Drama,2002.0
59,402,4,Pan Tadeusz,Drama,1999.0
59,27,4,Sesame Street: Elmo's World: The Street We Live On,Documentary,1962.0
59,372,3,Jeans,Drama,1998.0
59,100,4,Sam the Iron Bridge,Drama,1993.0
59,465,3,Coolie No.1,Drama,1995.0
59,246,2,The Boston Strangler,Drama,1968.0
59,142,2,The Tricky Master,Drama,2000.0
59,109,2,No Way Back,Drama,1996.0
59,219,4,Neon Bible,Drama,1995.0
59,496,1,Primus: Hallucino-Genetics Live 2004,Drama,2004.0
59,236,3,Cartoon Crazys Sci-Fi,Comedy,1998.0
59,108,3,Spartan,Drama,2004.0
59,104,3,The Great Race,Drama,1965.0
59,397,1,A Night in Casablanca,Horror,1946.0
59,230,4,Unsolved Mysteries: Psychics,Drama,1987.0
59,136,2,Cat and the Canary,Drama,1927.0
59,428,5,Barney: Barney's Colorful World: Live,Documentary,2004.0
59,201,3,Home Movie,Drama,2001.0
59,18,3,Immortal Beloved,Drama,1994.0
59,57,4,Richard III,Drama,1995.0
59,240,4,Woman of the Year,Drama,1942.0
59,430,4,Chobits,Drama,2002.0
59,68,3,Invader Zim,Drama,2004.0
59,255,4,The Hunchback of Notre Dame II,Drama,2001.0
59,348,4,The Last Temptation of Christ,Drama,1988.0
59,497,3,Broadway's Lost Treasures,Drama,2003.0
59,34,4,Ashtanga Yoga: Beginner's Practice with Nicki Doane,Drama,2003.0
59,203,5,Sports Illustrated Swimsuit Edition: 1997,Drama,1997.0
59,8,4,What the #$*! Do We Know!?,Drama,2004.0
59,30,5,Something's Gotta Give,Drama,2003.0
59,157,4,Laird: White Knuckle Extreme,Drama,2004.0
59,50,2,A Yank in the R.A.F.,Drama,1941.0
59,421,3,Agatha Christie's Poirot: Sad Cypress,Drama,2003.0
59,363,4,Stark Raving Mad,Sci-Fi,2002.0
59,242,5,Neon Genesis Evangelion: The End of Evangelion,Drama,1995.0
59,126,5,Vampire Effect (aka Twins Effect),Drama,2003.0
59,401,5,Halloween 5: The Revenge of Michael Myers,Drama,1989.0
59,284,2,Sasquatch Hunters,Drama,2005.0
59,146,3,Cannibal Women in the Avocado Jungle of Death,Horror,1988.0
59,344,5,The Taming of the Shrew,Drama,1967.0
59,93,3,They Came Back,Drama,2004.0
59,349,4,The Swarm,Action,1978.0
59,176,2,The History Channel Presents: Troy: Unearthing the Legend,Drama,2004.0
59,415,5,Reign in Darkness,Horror,2002.0
59,427,4,Graveyard Shift,Drama,1990.0
59,130,3,Drowning on Dry Land,Drama,1999.0
59,224,2,Midsomer Murders: Blood Will Out,Thriller,1999.0
59,154,4,Demon Warrior Koji,Action,2000.0
59,184,4,Billy Blanks: Tae Bo: Cardio Circuit 1,Drama,2004.0
59,323,4,Modern Vampires,Drama,1999.0
59,354,4,Sadomania,Drama,1981.0
59,132,3,Lucio Fulci: The Beyond,Drama,1981.0
59,351,3,Guns of the Magnificent Seven,Drama,1969.0
59,170,3,Tomorrow,Drama,1972.0
59,140,3,Lost in the Wild,Drama,1993.0
60,352,4,Pick a Card,Drama,1997.0
60,468,2,The Matrix: Revolutions,Drama,2003.0
60,256,5,Ghost Dog: The Way of the Samurai,Horror,2000.0
60,324,4,Mother's Boys,Drama,1994.0
60,92,3,ECW: Cyberslam '99,Sci-Fi,2002.0
60,57,1,Richard III,Drama,1995.0
60,217,5,Cherry 2000,Drama,1988.0
60,154,3,Demon Warrior Koji,Action,2000.0
60,255,4,The Hunchback of Notre Dame II,Drama,2001.0
60,409,4,Godzilla vs. The Sea Monster,Drama,1966.0
60,266,5,Saudade Do Futuro,Drama,2000.0
60,215,3,That '70s Show: Season 1,Drama,1998.0
60,201,3,Home Movie,Drama,2001.0
60,296,5,In His Life: The John Lennon Story,Drama,2000.0
60,155,3,The Strongest Man in the World,Documentary,1975.0
60,101,4,Complete Shamanic Princess,Drama,1997.0
60,274,3,Crazy as Hell,Comedy,2002.0
60,105,2,Obsessed,Drama,2002.0
60,310,4,Leila,Drama,2000.0
60,152,4,A Little Princess,Drama,1995.0
60,34,5,Ashtanga Yoga: Beginner's Practice with Nicki Doane,Drama,2003.0
60,478,5,The Beverly Hillbillies,Drama,1962.0
60,504,3,The Twilight Zone: Vol. 27,Drama,1964.0
60,498,2,Glory: Bonus Material,Drama,1989.0
60,472,3,Mr. Jealousy,Drama,1998.0
60,107,2,Magnolia: Bonus Material,Drama,2000.0
60,10,3,Fighter,Action,2001.0
60,452,3,Scorched,Drama,2002.0
60,355,4,Sinful Nuns of St. Valentine,Romance,1973.0
60,462,1,Classic Cartoon Favorites: Starring Donald,Animation,2005.0
60,111,3,Duplex (Widescreen),Drama,2003.0
60,416,3,Elephant,Drama,2003.0
60,371,5,The Trouble with Angels,Drama,1966.0
60,231,2,Marooned in Iraq,Drama,2002.0
60,17,4,7 Seconds,Drama,2005.0
60,236,3,Cartoon Crazys Sci-Fi,Comedy,1998.0
60,22,5,Chump Change,Drama,2000.0
60,89,4,Chain of Command,Drama,2000.0
60,287,4,Luther Vandross: Always and Forever: An Evening of Songs,Drama,1994.0
60,20,3,Seeta Aur Geeta,Drama,1972.0
60,412,1,Jay Jay the Jet Plane: Adventures in Learning,Animation,1999.0
60,378,4,Party Monster,Drama,2003.0
60,176,4,The History Channel Presents: Troy: Unearthing the Legend,Drama,2004.0
60,70,2,Tai Chi: The 24 Forms,Drama,1999.0
61,275,3,Evelyn,Drama,2002.0
61,92,4,ECW: Cyberslam '99,Sci-Fi,2002.0
61,137,2,Naked Lies,Drama,1998.0
61,78,4,Jingle All the Way,Drama,1996.0
61,220,3,Winston Churchill: The Wilderness Years,Drama,1983.0
61,403,4,Substitute 4: Failure is Not an Option,Drama,2000.0
61,254,3,Westender,Drama,2003.0
61,256,4,Ghost Dog: The Way of the Samurai,Horror,2000.0
61,294,3,Oasis,Drama,2002.0
61,321,2,Ju-Rei: The Uncanny,Drama,2004.0
61,102,3,Notre Musique,Drama,2004.0
61,310,5,Leila,Drama,2000.0
61,157,4,Laird: White Knuckle Extreme,Drama,2004.0
61,415,3,Reign in Darkness,Horror,2002.0
61,3,5,Character,Drama,1997.0
61,298,5,Crunch: Pick Your Spot Pilates,Drama,2002.0
61,188,2,Dead Birds,Drama,2005.0
61,174,3,Adam-12: Season 1,Drama,1968.0
61,15,1,Neil Diamond: Greatest Hits Live,Drama,1988.0
61,79,5,The Killing,Thriller,1956.0
61,280,4,Sarah Brightman: In Concert,Drama,1998.0
61,37,4,Zatoichi's Conspiracy,Drama,1973.0
61,460,1,Pink Narcissus,Drama,1971.0
61,53,3,The Bonesetter,Drama,2003.0
61,467,4,Topper Returns,Drama,1941.0
61,52,1,The Weather Underground,Drama,2002.0
61,77,4,Congo,Drama,1995.0
61,121,3,Beyonce: Live at Wembley,Drama,2003.0
61,130,1,Drowning on Dry Land,Drama,1999.0
61,245,3,Road Dogz,Drama,2002.0
61,111,4,Duplex (Widescreen),Drama,2003.0
61,257,2,Charlotte's Web,Drama,1973.0
61,396,3,Arjuna: Complete Collection,Drama,2001.0
61,185,3,Missing in Action 2: The Beginning / Missing in Action 3: Braddock,Action,1985.0
61,88,1,Record of Lodoss War: Chronicles of the Heroic Knight,Action,1998.0
61,207,4,Denise Austin: Ultimate Fat Burner,Drama,2001.0
61,62,4,Ken Burns' America: Empire of the Air,Drama,1991.0
61,65,5,Lost in the Pershing Point Hotel,Drama,2000.0
61,416,4,Elephant,Drama,2003.0
61,386,4,Princess Caraboo,Drama,1994.0
61,232,2,Gross Anatomy,Drama,1989.0
61,414,4,Girl,Drama,1999.0
61,500,3,Mail Call: The Best of Season 1,Drama,2002.0
61,309,3,The Day of the Locust,Drama,1975.0
61,73,2,Davy Crockett: 50th Anniversary Double Feature,Drama,1954.0
61,356,5,Look at Me,Drama,2005.0
61,170,2,Tomorrow,Drama,1972.0
61,382,4,Buried in the Sand: The Deception of America,Drama,2004.0
61,420,2,Saturday Night Live: The Best of Dana Carvey,Horror,1999.0
61,336,5,The Driver,Drama,1978.0
61,55,4,Jade,Drama,1995.0
61,23,3,Clifford: Clifford Saves the Day! / Clifford's Fluffiest Friend Cleo,Drama,2001.0
61,476,2,VeggieTales Classics: Where's God When I'm Scared?,Drama,2004.0
62,308,5,The Legend of the 7 Golden Vampires/7 Brothers of Dracula,Fantasy,1974.0
62,437,4,Beyblade: Fierce Battle,Action,2005.0
62,311,2,Ed Wood,Drama,1994.0
62,293,3,Lennon Legend: The Very Best of John Lennon,Fantasy,2003.0
62,292,4,Saturday Night Live: The Best of Gilda Radner,Horror,2005.0
62,423,3,My Favorite Martian #1,Drama,1963.0
62,434,3,Extreme Engineering: Tokyo's Sky City,Drama,2004.0
62,14,1,Nature: Antarctica,Documentary,1982.0
62,493,3,The Giallo Collection: Who Saw Her Die?,Drama,1972.0
62,351,4,Guns of the Magnificent Seven,Drama,1969.0
62,185,5,Missing in Action 2: The Beginning / Missing in Action 3: Braddock,Action,1985.0
62,211,4,The Agronomist,Drama,2004.0
62,342,5,Noir,Drama,2001.0
62,115,3,Lord Peter Wimsey: Murder Must Advertise,Thriller,1973.0
62,209,2,Star Trek: Deep Space Nine: Season 5,Sci-Fi,1996.0
62,470,3,Beneath Loch Ness,Drama,2001.0
62,428,4,Barney: Barney's Colorful World: Live,Documentary,2004.0
62,455,3,Cardcaptor Sakura: The Movie,Drama,1999.0
62,199,3,The Deer Hunter,Drama,1978.0
62,382,2,Buried in the Sand: The Deception of America,Drama,2004.0
62,142,2,The Tricky Master,Drama,2000.0
62,64,3,Outside the Law,Drama,2001.0
62,136,3,Cat and the Canary,Drama,1927.0
62,101,2,Complete Shamanic Princess,Drama,1997.0
62,57,5,Richard III,Drama,1995.0
62,276,4,Cold Harvest,Drama,1998.0
62,251,5,Midsomer Murders: Strangler's Wood,Thriller,2000.0
62,369,2,Playing Mona Lisa,Drama,2000.0
62,278,4,100 Days Before the Command,Drama,1990.0
62,213,3,Dinner Rush,Drama,2001.0
62,237,4,Broken Blossoms,Drama,1918.0
62,85,5,Elfen Lied,Drama,2005.0
62,228,1,Butch and Sundance: The Early Days,Drama,1979.0
62,392,3,Danielle Steel's Heartbeat,Drama,1993.0
62,99,3,A Fishy Story,Drama,1989.0
62,166,3,Fame,Drama,1980.0
62,472,1,Mr. Jealousy,Drama,1998.0
62,113,5,Bruce Lee: A Warrior's Journey,Action,2000.0
62,66,5,Barbarian Queen 2,Drama,1989.0
62,238,4,Led Zeppelin: The Song Remains the Same,Drama,1976.0
62,362,2,The Flintstones in Viva Rock Vegas,Drama,2000.0
62,370,4,Chaplin,Drama,1918.0
62,3,5,Character,Drama,1997.0
62,8,4,What the #$*! Do We Know!?,Drama,2004.0
62,154,3,Demon Warrior Koji,Action,2000.0
62,83,5,Silkwood,Drama,1983.0
62,70,3,Tai Chi: The 24 Forms,Drama,1999.0
62,465,3,Coolie No.1,Drama,1995.0
62,103,4,Sanford and Son: Season 6,Drama,1976.0
62,9,4,Class of Nuke 'Em High 2,Drama,1991.0
62,378,4,Party Monster,Drama,2003.0
62,396,4,Arjuna: Complete Collection,Drama,2001.0
62,361,4,The Phantom of the Opera: Special Edition,Drama,2004.0
62,11,3,Full Frame: Documentary Shorts,Documentary,1999.0
63,300,3,Option Zero,Drama,1997.0
63,326,5,The Plainsman,Drama,1937.0
63,290,4,Harold and Kumar Go to White Castle,Drama,2004.0
63,317,4,Mandela and de Klerk,Drama,1997.0
63,217,4,Cherry 2000,Drama,1988.0
63,480,3,Flypaper,Drama,1997.0
63,369,3,Playing Mona Lisa,Drama,2000.0
63,150,3,Firetrap,Drama,2001.0
63,473,3,Princess Mononoke,Drama,1997.0
63,111,3,Duplex (Widescreen),Drama,2003.0
63,145,4,Get Out Your Handkerchiefs,Drama,1978.0
63,91,4,WWE: Royal Rumble 2005,Drama,2005.0
63,250,3,Cast a Giant Shadow,Drama,1966.0
63,22,3,Chump Change,Drama,2000.0
63,287,4,Luther Vandross: Always and Forever: An Evening of Songs,Drama,1994.0
63,98,2,The Battle of Algiers: Bonus Material,Action,1965.0
63,337,3,Star 80,Sci-Fi,1983.0
63,263,3,Dragon Ball: Tournament Saga,Fantasy,2001.0
63,362,5,The Flintstones in Viva Rock Vegas,Drama,2000.0
63,200,2,The Fall of the Roman Empire,Drama,1964.0
63,162,3,John Cleese on How to Irritate People,Drama,1968.0
63,25,3,Inspector Morse 31: Death Is Now My Neighbour,Horror,1997.0
63,273,3,Taxi,Drama,2004.0
63,215,5,That '70s Show: Season 1,Drama,1998.0
63,102,3,Notre Musique,Drama,2004.0
63,28,2,Lilo and Stitch,Drama,2002.0
63,328,5,Deftones: Live in Hawaii,Drama,2002.0
63,53,4,The Bonesetter,Drama,2003.0
63,391,4,The Monkees: Season 2,Drama,1967.0
63,244,4,Stellvia,Drama,2004.0
63,87,2,Louder Than Bombs,Drama,2002.0
63,278,3,100 Days Before the Command,Drama,1990.0
63,186,4,Panic in the Streets,Drama,1950.0
63,438,3,Bean: The Movie,Drama,1997.0
63,225,4,The Cookout,Drama,2004.0
63,403,4,Substitute 4: Failure is Not an Option,Drama,2000.0
63,89,2,Chain of Command,Drama,2000.0
63,322,2,Flesh Gordon,Drama,1974.0
63,283,1,If These Walls Could Talk,Drama,1996.0
63,42,4,Searching for Paradise,Drama,2002.0
63,234,5,Animation Legend: Winsor McCay,Animation,1921.0
63,39,3,Love Reinvented,Drama,2000.0
63,377,3,Dick Francis: The Racing Game,Drama,1979.0
63,312,5,High Fidelity,Drama,2000.0
63,113,4,Bruce Lee: A Warrior's Journey,Action,2000.0
63,432,2,Les Miserables in Concert,Drama,1996.0
63,297,5,The Hebrew Hammer,Drama,2003.0
63,19,4,By Dawn's Early Light,Drama,2000.0
63,66,3,Barbarian Queen 2,Drama,1989.0
63,304,3,King of the Hill: Season 1,Drama,1997.0
63,333,4,Mail Call: The Best of Season 2,Drama,2003.0
63,191,3,X2: X-Men United,Drama,2003.0
63,260,5,Marat / Sade,Drama,1967.0
63,129,5,Darkwolf,Horror,2003.0
63,14,4,Nature: Antarctica,Documentary,1982.0
63,381,4,Out for Justice,Drama,1991.0
63,207,2,Denise Austin: Ultimate Fat Burner,Drama,2001.0
63,159,3,Gentlemen of Fortune,Drama,1971.0
63,383,2,Hit Team,Drama,2001.0
63,345,3,Star Trek: Voyager: Season 5,Sci-Fi,1998.0
63,415,4,Reign in Darkness,Horror,2002.0
63,280,2,Sarah Brightman: In Concert,Drama,1998.0
63,471,4,City Lights,Drama,1931.0
63,50,2,A Yank in the R.A.F.,Drama,1941.0
63,143,4,The Game,Drama,1997.0
63,435,4,Love Can Seriously Damage Your Health,Drama,1996.0
63,41,5,Horror Vision,Horror,2000.0
63,363,5,Stark Raving Mad,Sci-Fi,2002.0
63,496,5,Primus: Hallucino-Genetics Live 2004,Drama,2004.0
63,251,4,Midsomer Murders: Strangler's Wood,Thriller,2000.0
63,124,4,Cold Blooded,Drama,2000.0
63,163,3,MTV: Making the Band 2: Best of Season 1,Drama,2002.0
64,239,3,Winnie the Pooh: Springtime with Roo,Drama,2004.0
64,472,4,Mr. Jealousy,Drama,1998.0
64,174,3,Adam-12: Season 1,Drama,1968.0
64,146,5,Cannibal Women in the Avocado Jungle of Death,Horror,1988.0
64,485,5,The Avengers '67,Drama,1967.0
64,176,5,The History Channel Presents: Troy: Unearthing the Legend,Drama,2004.0
64,45,5,The Love Letter,Drama,1999.0
64,210,3,Onmyoji,Drama,2001.0
64,101,3,Complete Shamanic Princess,Drama,1997.0
64,27,3,Sesame Street: Elmo's World: The Street We Live On,Documentary,1962.0
64,381,4,Out for Justice,Drama,1991.0
64,341,5,Tremors 4: The Legend Begins,Fantasy,2004.0
64,279,5,Micki and Maude,Drama,1984.0
64,426,4,Recess: School's Out,Drama,2001.0
64,126,2,Vampire Effect (aka Twins Effect),Drama,2003.0
64,144,1,Deepak Chopra: The Way of the Wizard & Alchemy,Fantasy,2000.0
64,11,4,Full Frame: Documentary Shorts,Documentary,1999.0
64,191,5,X2: X-Men United,Drama,2003.0
64,15,3,Neil Diamond: Greatest Hits Live,Drama,1988.0
64,218,5,Triumph: Live at the US Festival,Drama,1983.0
64,256,2,Ghost Dog: The Way of the Samurai,Horror,2000.0
64,286,2,Thunderbirds Are Go,Drama,1966.0
64,81,3,Antarctica: IMAX,Drama,1991.0
64,296,3,In His Life: The John Lennon Story,Drama,2000.0
64,442,4,Mississippi Burning,Drama,1988.0
64,506,3,Blank Generation / Dancin' Barefoot,Drama,1976.0
64,447,2,The Making of Fanny and Alexander,Drama,1986.0
64,488,5,His Secret Life,Drama,2001.0
64,444,1,The Inner Tour,Drama,2001.0
64,259,2,Animal,Drama,2004.0
64,404,2,The Shaft,Drama,2001.0
64,459,4,Basquiat,Drama,1996.0
64,417,4,Transformers: Season 3: Part 1,Drama,1986.0
64,486,5,Journey to the Center of the Earth,Drama,1959.0
64,172,5,Jack,Drama,2003.0
64,225,5,The Cookout,Drama,2004.0
64,194,4,Arliss: The Best of Arliss,Drama,1996.0
64,306,2,Sesame Street: Sing Yourself Silly!,Comedy,2005.0
64,180,4,Scratch,Drama,2002.0
64,361,4,The Phantom of the Opera: Special Edition,Drama,2004.0
64,420,4,Saturday Night Live: The Best of Dana Carvey,Horror,1999.0
64,201,3,Home Movie,Drama,2001.0
64,217,4,Cherry 2000,Drama,1988.0
64,428,2,Barney: Barney's Colorful World: Live,Documentary,2004.0
65,255,2,The Hunchback of Notre Dame II,Drama,2001.0
65,290,4,Harold and Kumar Go to White Castle,Drama,2004.0
65,391,5,The Monkees: Season 2,Drama,1967.0
65,273,5,Taxi,Drama,2004.0
65,151,1,Sleepover Nightmare,Horror,2005.0
65,285,5,The Devil's Own,Horror,1997.0
65,268,2,The Final Countdown,Drama,1980.0
65,69,4,WWE: Armageddon 2003,Drama,2003.0
65,224,4,Midsomer Murders: Blood Will Out,Thriller,1999.0
65,506,4,Blank Generation / Dancin' Barefoot,Drama,1976.0
65,112,3,The Eye of Vichy,Drama,1993.0
65,409,3,Godzilla vs. The Sea Monster,Drama,1966.0
65,98,4,The Battle of Algiers: Bonus Material,Action,1965.0
65,248,3,Michael Moore's The Awful Truth: Season 2,Drama,2001.0
65,491,1,Torn Curtain,Drama,1966.0
65,257,3,Charlotte's Web,Drama,1973.0
65,449,3,Jimmy Buffett: MiniMatinee #1,Drama,2003.0
65,66,2,Barbarian Queen 2,Drama,1989.0
65,121,2,Beyonce: Live at Wembley,Drama,2003.0
65,448,1,Oswald: Welcome to the Big City!,Drama,2001.0
65,434,3,Extreme Engineering: Tokyo's Sky City,Drama,2004.0
65,77,4,Congo,Drama,1995.0
65,153,4,MTV Yoga,Drama,2002.0
65,192,3,The SoulTaker,Drama,2003.0
65,462,5,Classic Cartoon Favorites: Starring Donald,Animation,2005.0
65,87,4,Louder Than Bombs,Drama,2002.0
65,195,2,Chasing Freedom,Drama,2004.0
65,209,3,Star Trek: Deep Space Nine: Season 5,Sci-Fi,1996.0
65,80,5,Winter Kills,Thriller,1979.0
65,359,4,Absolutely Fabulous: Series 5,Drama,2003.0
65,134,3,Spirit Lost,Drama,1996.0
65,241,5,North by Northwest,Drama,1959.0
65,1,2,Dinosaur Planet,Sci-Fi,2003.0
65,407,3,The Abductors,Drama,1972.0
65,502,1,Mitch Hedberg: Mitch All Together,Drama,2003.0
65,59,4,Sex and the Beauties,Drama,2003.0
65,250,2,Cast a Giant Shadow,Drama,1966.0
65,205,3,Troy: Bonus Material,Drama,2004.0
65,485,2,The Avengers '67,Drama,1967.0
65,131,4,Arachnid,Drama,2002.0
65,282,3,Blue Seed: Beyond,Drama,2003.0
65,393,2,The Replacement Killers,Thriller,1998.0
65,168,3,Smokey and the Bandit Part 3,Drama,1983.0
65,496,4,Primus: Hallucino-Genetics Live 2004,Drama,2004.0
65,165,4,Richard Pryor: Live on the Sunset Strip,Drama,1982.0
65,447,5,The Making of Fanny and Alexander,Drama,1986.0
65,144,5,Deepak Chopra: The Way of the Wizard & Alchemy,Fantasy,2000.0
65,356,3,Look at Me,Drama,2005.0
65,47,3,The Bad and the Beautiful,Drama,1952.0
65,5,2,The Rise and Fall of ECW,Drama,2004.0
65,176,2,The History Channel Presents: Troy: Unearthing the Legend,Drama,2004.0
65,50,5,A Yank in the R.A.F.,Drama,1941.0
65,438,2,Bean: The Movie,Drama,1997.0
65,317,3,Mandela and de Klerk,Drama,1997.0
65,389,3,Steal,Drama,2002.0
65,118,3,Rambo: First Blood Part II,Drama,1985.0
65,130,2,Drowning on Dry Land,Drama,1999.0
65,280,1,Sarah Brightman: In Concert,Drama,1998.0
65,416,2,Elephant,Drama,2003.0
65,136,3,Cat and the Canary,Drama,1927.0
65,208,4,The Three Stooges: Sing a Song of Six Pants,Drama,1947.0
65,335,5,Fear No Evil,Horror,1981.0
65,331,4,Chasing Amy,Drama,1997.0
65,453,4,Simple Men,Drama,1992.0
65,139,5,Allergies: A Natural Approach,Drama,2001.0
65,160,4,Gormenghast,Drama,2000.0
65,115,5,Lord Peter Wimsey: Murder Must Advertise,Thriller,1973.0
65,459,3,Basquiat,Drama,1996.0
66,232,4,Gross Anatomy,Drama,1989.0
66,317,2,Mandela and de Klerk,Drama,1997.0
66,129,4,Darkwolf,Horror,2003.0
66,417,5,Transformers: Season 3: Part 1,Drama,1986.0
66,177,4,Pressure,Drama,2002.0
66,224,2,Midsomer Murders: Blood Will Out,Thriller,1999.0
66,400,3,Rio Lobo,Drama,1970.0
66,310,3,Leila,Drama,2000.0
66,145,3,Get Out Your Handkerchiefs,Drama,1978.0
66,108,3,Spartan,Drama,2004.0
66,332,4,They Crawl,Drama,2002.0
66,85,4,Elfen Lied,Drama,2005.0
66,344,5,The Taming of the Shrew,Drama,1967.0
66,281,4,The Legend,Fantasy,1993.0
66,136,1,Cat and the Canary,Drama,1927.0
66,467,2,Topper Returns,Drama,1941.0
66,359,3,Absolutely Fabulous: Series 5,Drama,2003.0
66,2,4,Isle of Man TT 2004 Review,Drama,2004.0
66,473,5,Princess Mononoke,Drama,1997.0
66,502,4,Mitch Hedberg: Mitch All Together,Drama,2003.0
66,16,4,Screamers,Drama,1996.0
66,403,4,Substitute 4: Failure is Not an Option,Drama,2000.0
66,74,3,6ixtynin9,Drama,1999.0
66,176,4,The History Channel Presents: Troy: Unearthing the Legend,Drama,2004.0
66,282,5,Blue Seed: Beyond,Drama,2003.0
66,373,3,Third World Cop,Documentary,2000.0
66,66,3,Barbarian Queen 2,Drama,1989.0
66,407,3,The Abductors,Drama,1972.0
66,194,5,Arliss: The Best of Arliss,Drama,1996.0
66,208,2,The Three Stooges: Sing a Song of Six Pants,Drama,1947.0
66,506,5,Blank Generation / Dancin' Barefoot,Drama,1976.0
66,355,2,Sinful Nuns of St. Valentine,Romance,1973.0
66,253,3,A Night at the Opera,Horror,1935.0
66,26,4,Never Die Alone,Drama,2004.0
66,393,5,The Replacement Killers,Thriller,1998.0
66,483,2,Rush Hour 2,Drama,2001.0
66,152,2,A Little Princess,Drama,1995.0
66,462,4,Classic Cartoon Favorites: Starring Donald,Animation,2005.0
66,201,5,Home Movie,Drama,2001.0
66,191,5,X2: X-Men United,Drama,2003.0
66,101,3,Complete Shamanic Princess,Drama,1997.0
66,198,1,Gupt,Drama,1997.0
66,477,4,George Carlin: Personal Favorites,Drama,1990.0
66,272,4,Female Yakuza Tale,Drama,1973.0
67,375,3,Nine Dead Gay Guys,Drama,2003.0
67,435,5,Love Can Seriously Damage Your Health,Drama,1996.0
67,293,3,Lennon Legend: The Very Best of John Lennon,Fantasy,2003.0
67,272,4,Female Yakuza Tale,Drama,1973.0
67,342,3,Noir,Drama,2001.0
67,15,1,Neil Diamond: Greatest Hits Live,Drama,1988.0
67,91,2,WWE: Royal Rumble 2005,Drama,2005.0
67,250,3,Cast a Giant Shadow,Drama,1966.0
67,133,5,Viva La Bam: Season 1,Drama,2003.0
67,205,4,Troy: Bonus Material,Drama,2004.0
67,461,4,Nightwalker #1: Midnight Detective,Horror,2000.0
67,392,1,Danielle Steel's Heartbeat,Drama,1993.0
67,423,5,My Favorite Martian #1,Drama,1963.0
67,363,4,Stark Raving Mad,Sci-Fi,2002.0
67,483,3,Rush Hour 2,Drama,2001.0
67,445,5,Michael Collins,Drama,1996.0
67,1,5,Dinosaur Planet,Sci-Fi,2003.0
67,265,5,The Jeff Corwin Experience: Costa Rica and the Amazon,Drama,2002.0
67,357,3,House of Sand and Fog,Drama,2003.0
67,82,2,The Frogmen,Drama,1951.0
67,301,5,Hard Ground,Drama,2003.0
67,114,2,Dominion Tank Police Part 1 & 2,Drama,1989.0
67,352,5,Pick a Card,Drama,1997.0
67,145,4,Get Out Your Handkerchiefs,Drama,1978.0
67,13,2,Lord of the Rings: The Return of the King: Extended Edition: Bonus Material,Drama,2003.0
67,221,2,Voyage to the Planets and Beyond,Sci-Fi,2005.0
67,416,2,Elephant,Drama,2003.0
67,253,4,A Night at the Opera,Horror,1935.0
67,12,3,My Favorite Brunette,Drama,1947.0
67,247,2,Oleanna,Drama,1994.0
67,109,3,No Way Back,Drama,1996.0
67,365,2,R.E.M.: Tourfilm,Drama,1989.0
67,425,4,The 10th Kingdom,Fantasy,2000.0
67,431,3,Millennium Actress,Drama,2002.0
67,481,3,Building the Great Pyramid,Drama,2002.0
67,63,2,Crash Dive,Drama,1943.0
67,48,3,Justice League,Drama,2001.0
67,117,3,Silk Stockings,Drama,1957.0
67,495,4,Mission Kashmir,Action,2000.0
67,500,4,Mail Call: The Best of Season 1,Drama,2002.0
67,188,4,Dead Birds,Drama,2005.0
67,308,3,The Legend of the 7 Golden Vampires/7 Brothers of Dracula,Fantasy,1974.0
67,226,1,Henry: Portrait of a Serial Killer 2,Thriller,1996.0
67,58,5,Dragonheart,Drama,1996.0
67,421,2,Agatha Christie's Poirot: Sad Cypress,Drama,2003.0
67,439,2,Town Without Pity,Drama,1961.0
67,216,3,Impostor,Drama,2000.0
68,438,5,Bean: The Movie,Drama,1997.0
68,375,3,Nine Dead Gay Guys,Drama,2003.0
68,448,3,Oswald: Welcome to the Big City!,Drama,2001.0
68,248,5,Michael Moore's The Awful Truth: Season 2,Drama,2001.0
68,43,3,Silent Service,Drama,2000.0
68,277,3,Enigma: MCMXC A.D,Drama,2003.0
68,70,3,Tai Chi: The 24 Forms,Drama,1999.0
68,97,3,Mostly Martha,Drama,2002.0
68,37,1,Zatoichi's Conspiracy,Drama,1973.0
68,96,5,Inside the Space Station,Sci-Fi,2000.0
68,440,4,Just 4 Kicks,Drama,2003.0
68,32,2,ABC Primetime: Mel Gibson's The Passion of the Christ,Romance,2004.0
68,100,5,Sam the Iron Bridge,Drama,1993.0
68,178,4,Regular Guys,Drama,1996.0
68,274,3,Crazy as Hell,Comedy,2002.0
68,488,4,His Secret Life,Drama,2001.0
68,101,3,Complete Shamanic Princess,Drama,1997.0
68,280,2,Sarah Brightman: In Concert,Drama,1998.0
68,384,3,Crossroads,Drama,1986.0
68,234,3,Animation Legend: Winsor McCay,Animation,1921.0
68,425,2,The 10th Kingdom,Fantasy,2000.0
68,34,4,Ashtanga Yoga: Beginner's Practice with Nicki Doane,Drama,2003.0
68,252,5,Stuart Little 2,Drama,2002.0
68,458,3,Blast,Drama,2001.0
68,221,1,Voyage to the Planets and Beyond,Sci-Fi,2005.0
68,148,3,Sweet November,Drama,2001.0
68,317,2,Mandela and de Klerk,Drama,1997.0
68,387,3,Bizet's Carmen,Drama,1984.0
68,171,3,Funny Face,Comedy,1957.0
68,140,2,Lost in the Wild,Drama,1993.0
68,431,2,Millennium Actress,Drama,2002.0
68,111,4,Duplex (Widescreen),Drama,2003.0
68,276,3,Cold Harvest,Drama,1998.0
68,112,5,The Eye of Vichy,Drama,1993.0
68,463,4,The Twilight Zone: Vol. 12,Drama,1962.0
68,217,3,Cherry 2000,Drama,1988.0
68,194,3,Arliss: The Best of Arliss,Drama,1996.0
68,293,3,Lennon Legend: The Very Best of John Lennon,Fantasy,2003.0
68,447,4,The Making of Fanny and Alexander,Drama,1986.0
68,139,4,Allergies: A Natural Approach,Drama,2001.0
68,69,5,WWE: Armageddon 2003,Drama,2003.0
68,336,3,The Driver,Drama,1978.0
68,411,4,Vendetta,Drama,1999.0
68,278,4,100 Days Before the Command,Drama,1990.0
68,429,4,Zeus and Roxanne,Drama,1997.0
68,473,3,Princess Mononoke,Drama,1997.0
68,501,4,Three Days of the Condor,Drama,1975.0
68,405,3,Wings of Desire,Drama,1987.0
68,292,2,Saturday Night Live: The Best of Gilda Radner,Horror,2005.0
68,8,5,What the #$*! Do We Know!?,Drama,2004.0
68,434,4,Extreme Engineering: Tokyo's Sky City,Drama,2004.0
68,230,4,Unsolved Mysteries: Psychics,Drama,1987.0
68,46,3,Rudolph the Red-Nosed Reindeer,Drama,1964.0
68,161,4,Ninotchka,Drama,1939.0
68,93,3,They Came Back,Drama,2004.0
68,202,2,Ruby's Bucket of Blood,Drama,2001.0
68,116,3,Bear Cub,Drama,2004.0
68,33,4,Aqua Teen Hunger Force: Vol. 1,Action,2000.0
68,102,3,Notre Musique,Drama,2004.0
68,242,1,Neon Genesis Evangelion: The End of Evangelion,Drama,1995.0
68,308,3,The Legend of the 7 Golden Vampires/7 Brothers of Dracula,Fantasy,1974.0
68,386,1,Princess Caraboo,Drama,1994.0
68,193,3,Marilyn Manson: Fear of a Satanic Planet,Horror,2005.0
68,273,5,Taxi,Drama,2004.0
68,238,2,Led Zeppelin: The Song Remains the Same,Drama,1976.0
68,469,4,First Night of My Life: 2000 Seen By...,Drama,1998.0
68,420,5,Saturday Night Live: The Best of Dana Carvey,Horror,1999.0
68,349,5,The Swarm,Action,1978.0
68,312,3,High Fidelity,Drama,2000.0
68,482,2,Frida,Drama,2002.0
69,173,5,The Devil's Brigade,Horror,1968.0
69,349,5,The Swarm,Action,1978.0
69,216,2,Impostor,Drama,2000.0
69,307,3,Godsmack: Smack This!,Drama,2002.0
69,85,4,Elfen Lied,Drama,2005.0
69,147,2,Where Sleeping Dogs Lie,Drama,1992.0
69,49,5,Devo: The Complete Truth About De-evolution,Drama,2003.0
69,484,4,Danielle Steel's Jewels,Drama,1992.0
69,408,5,Nightbreed,Horror,1990.0
69,303,4,Les Liaisons Dangereuses,Drama,1959.0
69,35,4,Ferngully 2: The Magical Rescue,Animation,2000.0
69,299,3,Bridget Jones's Diary,Drama,2001.0
69,489,3,Return to Paradise,Drama,1998.0
69,40,3,Pitcher and the Pin-Up,Drama,2004.0
69,398,5,In the Realm of the Senses,Documentary,1976.0
69,423,4,My Favorite Martian #1,Drama,1963.0
69,492,5,Mrs. Soffel,Drama,1984.0
69,438,3,Bean: The Movie,Drama,1997.0
69,304,5,King of the Hill: Season 1,Drama,1997.0
69,91,3,WWE: Royal Rumble 2005,Drama,2005.0
69,138,4,Star Trek: Voyager: Season 1,Sci-Fi,1995.0
69,124,5,Cold Blooded,Drama,2000.0
69,223,5,Chappelle's Show: Season 1,Drama,2003.0
69,249,5,The Hunters,Drama,1958.0
69,382,4,Buried in the Sand: The Deception of America,Drama,2004.0
69,102,4,Notre Musique,Drama,2004.0
69,291,5,Chained Heat 3: Hell Mountain,Drama,2000.0
69,443,4,Rabbit-Proof Fence,Drama,2002.0
69,11,3,Full Frame: Documentary Shorts,Documentary,1999.0
69,16,4,Screamers,Drama,1996.0
69,457,5,Kill Bill: Vol. 2,Thriller,2004.0
69,426,5,Recess: School's Out,Drama,2001.0
69,207,4,Denise Austin: Ultimate Fat Burner,Drama,2001.0
69,380,2,Live Wire,Drama,1992.0
69,272,1,Female Yakuza Tale,Drama,1973.0
69,351,4,Guns of the Magnificent Seven,Drama,1969.0
69,56,2,Carandiru,Drama,2004.0
69,224,4,Midsomer Murders: Blood Will Out,Thriller,1999.0
69,431,5,Millennium Actress,Drama,2002.0
69,437,3,Beyblade: Fierce Battle,Action,2005.0
69,267,2,Touched by an Angel: Season 1,Drama,1994.0
69,171,2,Funny Face,Comedy,1957.0
69,134,2,Spirit Lost,Drama,1996.0
69,166,3,Fame,Drama,1980.0
70,262,4,Herbie Rides Again,Drama,1974.0
70,180,4,Scratch,Drama,2002.0
70,340,5,Midnight: 2000 Seen By...,Horror,1998.0
70,360,4,Lies,Drama,1999.0
70,37,4,Zatoichi's Conspiracy,Drama,1973.0
70,425,2,The 10th Kingdom,Fantasy,2000.0
70,135,4,GTO: Great Teacher Onizuka: Set 2,Drama,1998.0
70,170,4,Tomorrow,Drama,1972.0
70,412,1,Jay Jay the Jet Plane: Adventures in Learning,Animation,1999.0
70,404,2,The Shaft,Drama,2001.0
70,53,1,The Bonesetter,Drama,2003.0
70,62,3,Ken Burns' America: Empire of the Air,Drama,1991.0
70,84,4,The Powerpuff Girls Movie,Drama,2002.0
70,166,3,Fame,Drama,1980.0
70,151,4,Sleepover Nightmare,Horror,2005.0
70,351,1,Guns of the Magnificent Seven,Drama,1969.0
70,423,5,My Favorite Martian #1,Drama,1963.0
70,280,4,Sarah Brightman: In Concert,Drama,1998.0
70,381,2,Out for Justice,Drama,1991.0
70,305,3,Jack,Drama,1996.0
70,147,5,Where Sleeping Dogs Lie,Drama,1992.0
70,47,5,The Bad and the Beautiful,Drama,1952.0
70,194,5,Arliss: The Best of Arliss,Drama,1996.0
70,341,3,Tremors 4: The Legend Begins,Fantasy,2004.0
70,103,5,Sanford and Son: Season 6,Drama,1976.0
70,248,5,Michael Moore's The Awful Truth: Season 2,Drama,2001.0
70,270,2,Sex and the City: Season 4,Drama,2001.0
70,424,5,Happiness,Drama,1998.0
70,64,5,Outside the Law,Drama,2001.0
70,407,3,The Abductors,Drama,1972.0
70,73,4,Davy Crockett: 50th Anniversary Double Feature,Drama,1954.0
70,467,5,Topper Returns,Drama,1941.0
70,388,3,Body Chemistry,Drama,1990.0
70,441,5,Dark Shadows: Vol. 9,Horror,1968.0
70,198,3,Gupt,Drama,1997.0
70,338,2,The Three Stooges: Three Smart Saps,Drama,1942.0
70,42,2,Searching for Paradise,Drama,2002.0
70,175,3,Reservoir Dogs,Drama,1992.0
70,298,4,Crunch: Pick Your Spot Pilates,Drama,2002.0
70,217,1,Cherry 2000,Drama,1988.0
70,39,5,Love Reinvented,Drama,2000.0
70,320,5,Eat Your Heart Out,Drama,1997.0
70,258,4,Mann,Drama,1999.0
70,476,4,VeggieTales Classics: Where's God When I'm Scared?,Drama,2004.0
70,469,3,First Night of My Life: 2000 Seen By...,Drama,1998.0
70,108,2,Spartan,Drama,2004.0
70,22,4,Chump Change,Drama,2000.0
70,336,5,The Driver,Drama,1978.0
70,434,3,Extreme Engineering: Tokyo's Sky City,Drama,2004.0
70,260,2,Marat / Sade,Drama,1967.0
70,102,3,Notre Musique,Drama,2004.0
70,173,4,The Devil's Brigade,Horror,1968.0
70,247,4,Oleanna,Drama,1994.0
70,177,5,Pressure,Drama,2002.0
70,433,4,Untamed Heart,Drama,1993.0
70,471,3,City Lights,Drama,1931.0
71,426,2,Recess: School's Out,Drama,2001.0
71,291,3,Chained Heat 3: Hell Mountain,Drama,2000.0
71,491,1,Torn Curtain,Drama,1966.0
71,50,2,A Yank in the R.A.F.,Drama,1941.0
71,445,5,Michael Collins,Drama,1996.0
71,421,4,Agatha Christie's Poirot: Sad Cypress,Drama,2003.0
71,414,2,Girl,Drama,1999.0
71,316,4,Futurama: Monster Robot Maniac Fun Collection,Comedy,1999.0
71,202,4,Ruby's Bucket of Blood,Drama,2001.0
71,75,5,Grind,Drama,1997.0
71,353,5,Life or Something Like It,Drama,2002.0
71,397,4,A Night in Casablanca,Horror,1946.0
71,407,2,The Abductors,Drama,1972.0
71,217,5,Cherry 2000,Drama,1988.0
71,451,5,Batman the Animated Series: Vol. 3,Animation,1993.0
71,182,5,Moby: Play,Drama,2001.0
71,23,3,Clifford: Clifford Saves the Day! / Clifford's Fluffiest Friend Cleo,Drama,2001.0
71,323,2,Modern Vampires,Drama,1999.0
71,280,3,Sarah Brightman: In Concert,Drama,1998.0
71,289,3,The Avengers,Drama,1998.0
71,357,3,House of Sand and Fog,Drama,2003.0
71,416,5,Elephant,Drama,2003.0
71,70,3,Tai Chi: The 24 Forms,Drama,1999.0
71,232,3,Gross Anatomy,Drama,1989.0
71,302,4,The Isle,Drama,2001.0
71,173,3,The Devil's Brigade,Horror,1968.0
71,368,2,The Best of Designing Women,Drama,1986.0
71,501,4,Three Days of the Condor,Drama,1975.0
71,374,3,The Little Girl Who Lives Down the Lane,Drama,1976.0
71,385,4,The Santa Clause 2,Drama,2002.0
71,67,5,Vampire Journals,Drama,1997.0
71,331,4,Chasing Amy,Drama,1997.0
71,235,4,Unhook the Stars,Sci-Fi,1996.0
71,3,4,Character,Drama,1997.0
71,127,4,Fatal Beauty,Drama,1987.0
71,411,1,Vendetta,Drama,1999.0
71,342,3,Noir,Drama,2001.0
71,199,3,The Deer Hunter,Drama,1978.0
71,33,3,Aqua Teen Hunger Force: Vol. 1,Action,2000.0
71,500,3,Mail Call: The Best of Season 1,Drama,2002.0
71,161,3,Ninotchka,Drama,1939.0
71,493,3,The Giallo Collection: Who Saw Her Die?,Drama,1972.0
71,52,3,The Weather Underground,Drama,2002.0
71,265,4,The Jeff Corwin Experience: Costa Rica and the Amazon,Drama,2002.0
71,240,4,Woman of the Year,Drama,1942.0
71,294,3,Oasis,Drama,2002.0
71,310,3,Leila,Drama,2000.0
71,196,5,Peter Tosh: Stepping Razor: Red X,Drama,1992.0
71,313,2,Pay It Forward,Action,2000.0
71,98,3,The Battle of Algiers: Bonus Material,Action,1965.0
71,219,3,Neon Bible,Drama,1995.0
71,502,3,Mitch Hedberg: Mitch All Together,Drama,2003.0
71,77,5,Congo,Drama,1995.0
71,283,4,If These Walls Could Talk,Drama,1996.0
71,259,2,Animal,Drama,2004.0
71,104,5,The Great Race,Drama,1965.0
71,55,3,Jade,Drama,1995.0
71,341,2,Tremors 4: The Legend Begins,Fantasy,2004.0
71,436,5,Girls Just Want to Have Fun,Comedy,1985.0
71,383,2,Hit Team,Drama,2001.0
71,134,3,Spirit Lost,Drama,1996.0
71,106,3,Stevie Ray Vaughan and Double Trouble: Live at Montreux 1982 & 1985,Drama,2004.0
71,1,4,Dinosaur Planet,Sci-Fi,2003.0
71,109,1,No Way Back,Drama,1996.0
71,162,3,John Cleese on How to Irritate People,Drama,1968.0
71,423,3,My Favorite Martian #1,Drama,1963.0
71,169,5,Cartoon Network Halloween: 9 Creepy Cartoon Capers,Animation,2004.0
71,238,3,Led Zeppelin: The Song Remains the Same,Drama,1976.0
71,403,3,Substitute 4: Failure is Not an Option,Drama,2000.0
71,477,4,George Carlin: Personal Favorites,Drama,1990.0
71,279,4,Micki and Maude,Drama,1984.0
72,281,3,The Legend,Fantasy,1993.0
72,308,5,The Legend of the 7 Golden Vampires/7 Brothers of Dracula,Fantasy,1974.0
72,28,4,Lilo and Stitch,Drama,2002.0
72,126,5,Vampire Effect (aka Twins Effect),Drama,2003.0
72,414,3,Girl,Drama,1999.0
72,374,5,The Little Girl Who Lives Down the Lane,Drama,1976.0
72,339,3,Rolling Stones: Rock and Roll Circus,Drama,1968.0
72,38,3,Daydream Obsession,Drama,2003.0
72,196,5,Peter Tosh: Stepping Razor: Red X,Drama,1992.0
72,177,3,Pressure,Drama,2002.0
72,111,3,Duplex (Widescreen),Drama,2003.0
72,490,4,The Passion of Ayn Rand,Romance,1999.0
72,355,2,Sinful Nuns of St. Valentine,Romance,1973.0
72,280,2,Sarah Brightman: In Concert,Drama,1998.0
72,29,3,Boycott,Drama,2001.0
72,289,2,The Avengers,Drama,1998.0
72,77,3,Congo,Drama,1995.0
72,435,2,Love Can Seriously Damage Your Health,Drama,1996.0
72,474,5,Legend of 1900,Fantasy,1998.0
72,437,5,Beyblade: Fierce Battle,Action,2005.0
72,473,2,Princess Mononoke,Drama,1997.0
72,301,5,Hard Ground,Drama,2003.0
72,461,4,Nightwalker #1: Midnight Detective,Horror,2000.0
72,458,4,Blast,Drama,2001.0
72,353,2,Life or Something Like It,Drama,2002.0
72,409,2,Godzilla vs. The Sea Monster,Drama,1966.0
72,272,3,Female Yakuza Tale,Drama,1973.0
72,240,3,Woman of the Year,Drama,1942.0
72,498,3,Glory: Bonus Material,Drama,1989.0
72,425,4,The 10th Kingdom,Fantasy,2000.0
72,443,3,Rabbit-Proof Fence,Drama,2002.0
72,318,3,Beyond Suspicion,Drama,1994.0
72,104,3,The Great Race,Drama,1965.0
72,381,5,Out for Justice,Drama,1991.0
72,39,1,Love Reinvented,Drama,2000.0
72,182,4,Moby: Play,Drama,2001.0
72,2,4,Isle of Man TT 2004 Review,Drama,2004.0
72,132,4,Lucio Fulci: The Beyond,Drama,1981.0
72,422,4,The Unsinkable Molly Brown,Drama,1964.0
72,88,5,Record of Lodoss War: Chronicles of the Heroic Knight,Action,1998.0
72,433,4,Untamed Heart,Drama,1993.0
72,288,2,Saturday Night Live: The Best of Chris Kattan,Horror,2004.0
72,312,4,High Fidelity,Drama,2000.0
72,93,3,They Came Back,Drama,2004.0
72,84,3,The Powerpuff Girls Movie,Drama,2002.0
72,243,4,Pressure Point,Drama,1962.0
72,186,3,Panic in the Streets,Drama,1950.0
72,494,3,Monty Python's The Meaning of Life: Special Edition,Drama,1983.0
72,114,3,Dominion Tank Police Part 1 & 2,Drama,1989.0
72,109,2,No Way Back,Drama,1996.0
72,258,4,Mann,Drama,1999.0
72,115,3,Lord Peter Wimsey: Murder Must Advertise,Thriller,1973.0
72,50,4,A Yank in the R.A.F.,Drama,1941.0
72,356,2,Look at Me,Drama,2005.0
72,317,2,Mandela and de Klerk,Drama,1997.0
72,306,3,Sesame Street: Sing Yourself Silly!,Comedy,2005.0
72,144,3,Deepak Chopra: The Way of the Wizard & Alchemy,Fantasy,2000.0
73,355,5,Sinful Nuns of St. Valentine,Romance,1973.0
73,358,5,The Onion Field,Drama,1979.0
73,180,4,Scratch,Drama,2002.0
73,379,2,Crash Dive,Drama,1996.0
73,278,4,100 Days Before the Command,Drama,1990.0
73,351,2,Guns of the Magnificent Seven,Drama,1969.0
73,111,5,Duplex (Widescreen),Drama,2003.0
73,484,4,Danielle Steel's Jewels,Drama,1992.0
73,22,4,Chump Change,Drama,2000.0
73,11,3,Full Frame: Documentary Shorts,Documentary,1999.0
73,391,5,The Monkees: Season 2,Drama,1967.0
73,82,3,The Frogmen,Drama,1951.0
73,347,2,Iceman Cometh,Drama,1989.0
73,287,4,Luther Vandross: Always and Forever: An Evening of Songs,Drama,1994.0
73,190,5,Blood and Sand,Drama,1989.0
73,404,5,The Shaft,Drama,2001.0
73,78,5,Jingle All the Way,Drama,1996.0
73,243,5,Pressure Point,Drama,1962.0
73,81,3,Antarctica: IMAX,Drama,1991.0
73,175,3,Reservoir Dogs,Drama,1992.0
73,237,2,Broken Blossoms,Drama,1918.0
73,31,3,Classic Albums: Meat Loaf: Bat Out of Hell,Drama,1999.0
73,3,1,Character,Drama,1997.0
73,501,5,Three Days of the Condor,Drama,1975.0
73,77,2,Congo,Drama,1995.0
73,471,2,City Lights,Drama,1931.0
73,374,3,The Little Girl Who Lives Down the Lane,Drama,1976.0
73,433,2,Untamed Heart,Drama,1993.0
73,489,4,Return to Paradise,Drama,1998.0
73,282,2,Blue Seed: Beyond,Drama,2003.0
73,247,4,Oleanna,Drama,1994.0
73,342,5,Noir,Drama,2001.0
73,428,3,Barney: Barney's Colorful World: Live,Documentary,2004.0
73,415,3,Reign in Darkness,Horror,2002.0
73,194,3,Arliss: The Best of Arliss,Drama,1996.0
73,356,2,Look at Me,Drama,2005.0
73,339,3,Rolling Stones: Rock and Roll Circus,Drama,1968.0
73,283,4,If These Walls Could Talk,Drama,1996.0
73,36,2,Lady Chatterley,Drama,1992.0
73,435,3,Love Can Seriously Damage Your Health,Drama,1996.0
73,132,4,Lucio Fulci: The Beyond,Drama,1981.0
73,446,4,The Underneath,Drama,1995.0
73,228,1,Butch and Sundance: The Early Days,Drama,1979.0
73,173,4,The Devil's Brigade,Horror,1968.0
73,436,5,Girls Just Want to Have Fun,Comedy,1985.0
73,163,3,MTV: Making the Band 2: Best of Season 1,Drama,2002.0
73,42,1,Searching for Paradise,Drama,2002.0
73,409,3,Godzilla vs. The Sea Monster,Drama,1966.0
73,186,3,Panic in the Streets,Drama,1950.0
73,227,5,The Carol Burnett Show: Show Stoppers,Drama,2001.0
73,419,2,George Lopez: Why You Crying?,Drama,2005.0
73,452,3,Scorched,Drama,2002.0
73,61,5,Ricky Martin: One Night Only,Horror,1999.0
73,146,4,Cannibal Women in the Avocado Jungle of Death,Horror,1988.0
73,98,4,The Battle of Algiers: Bonus Material,Action,1965.0
73,495,3,Mission Kashmir,Action,2000.0
73,462,5,Classic Cartoon Favorites: Starring Donald,Animation,2005.0
73,84,4,The Powerpuff Girls Movie,Drama,2002.0
73,407,5,The Abductors,Drama,1972.0
73,152,5,A Little Princess,Drama,1995.0
73,296,4,In His Life: The John Lennon Story,Drama,2000.0
73,464,3,The Return of Ruben Blades,Drama,1987.0
73,456,4,Emma (Miniseries),Drama,1996.0
73,123,3,Chain of Fools,Drama,2000.0
73,252,4,Stuart Little 2,Drama,2002.0
73,223,2,Chappelle's Show: Season 1,Drama,2003.0
73,465,3,Coolie No.1,Drama,1995.0
73,164,4,One Last Dance,Drama,2003.0
73,261,4,The Big Clock,Drama,1948.0
73,92,3,ECW: Cyberslam '99,Sci-Fi,2002.0
73,147,4,Where Sleeping Dogs Lie,Drama,1992.0
73,376,5,Genesis: The Way We Walk: Live in Concert,Drama,2001.0
73,399,3,Fangs,Drama,2001.0
73,364,2,Billy Blanks: Tae Bo: Contact 2,Drama,2004.0
73,420,4,Saturday Night Live: The Best of Dana Carvey,Horror,1999.0
73,25,4,Inspector Morse 31: Death Is Now My Neighbour,Horror,1997.0
73,244,4,Stellvia,Drama,2004.0
73,445,2,Michael Collins,Drama,1996.0
73,369,2,Playing Mona Lisa,Drama,2000.0
73,224,4,Midsomer Murders: Blood Will Out,Thriller,1999.0
74,49,4,Devo: The Complete Truth About De-evolution,Drama,2003.0
74,141,3,Goddess of Mercy,Drama,2004.0
74,190,5,Blood and Sand,Drama,1989.0
74,386,3,Princess Caraboo,Drama,1994.0
74,127,1,Fatal Beauty,Drama,1987.0
74,102,5,Notre Musique,Drama,2004.0
74,233,4,Chato's Land,Drama,1971.0
74,377,3,Dick Francis: The Racing Game,Drama,1979.0
74,351,4,Guns of the Magnificent Seven,Drama,1969.0
74,274,4,Crazy as Hell,Comedy,2002.0
74,107,5,Magnolia: Bonus Material,Drama,2000.0
74,345,2,Star Trek: Voyager: Season 5,Sci-Fi,1998.0
74,73,5,Davy Crockett: 50th Anniversary Double Feature,Drama,1954.0
74,368,5,The Best of Designing Women,Drama,1986.0
74,81,3,Antarctica: IMAX,Drama,1991.0
74,114,4,Dominion Tank Police Part 1 & 2,Drama,1989.0
74,159,4,Gentlemen of Fortune,Drama,1971.0
74,33,5,Aqua Teen Hunger Force: Vol. 1,Action,2000.0
74,435,3,Love Can Seriously Damage Your Health,Drama,1996.0
74,337,1,Star 80,Sci-Fi,1983.0
74,191,1,X2: X-Men United,Drama,2003.0
74,448,4,Oswald: Welcome to the Big City!,Drama,2001.0
74,286,5,Thunderbirds Are Go,Drama,1966.0
74,440,2,Just 4 Kicks,Drama,2003.0
74,472,3,Mr. Jealousy,Drama,1998.0
74,87,3,Louder Than Bombs,Drama,2002.0
74,211,2,The Agronomist,Drama,2004.0
74,397,4,A Night in Casablanca,Horror,1946.0
74,272,1,Female Yakuza Tale,Drama,1973.0
74,18,4,Immortal Beloved,Drama,1994.0
74,246,3,The Boston Strangler,Drama,1968.0
74,128,5,Mr. Vampire,Drama,1985.0
74,181,4,The Last Shot,Drama,2004.0
74,391,2,The Monkees: Season 2,Drama,1967.0
74,214,4,Read-Along: Beauty and the Beast,Drama,2002.0
74,459,3,Basquiat,Drama,1996.0
74,43,5,Silent Service,Drama,2000.0
74,334,4,The Pacifier,Drama,2005.0
74,209,5,Star Trek: Deep Space Nine: Season 5,Sci-Fi,1996.0
74,21,3,Strange Relations,Drama,2002.0
74,256,2,Ghost Dog: The Way of the Samurai,Horror,2000.0
74,302,3,The Isle,Drama,2001.0
74,35,4,Ferngully 2: The Magical Rescue,Animation,2000.0
74,7,2,8 Man,Drama,1992.0
74,319,4,Straight to Hell,Drama,1987.0
74,289,4,The Avengers,Drama,1998.0
74,379,5,Crash Dive,Drama,1996.0
74,152,2,A Little Princess,Drama,1995.0
74,456,4,Emma (Miniseries),Drama,1996.0
74,213,3,Dinner Rush,Drama,2001.0
74,88,3,Record of Lodoss War: Chronicles of the Heroic Knight,Action,1998.0
74,77,5,Congo,Drama,1995.0
74,483,4,Rush Hour 2,Drama,2001.0
74,369,5,Playing Mona Lisa,Drama,2000.0
74,208,3,The Three Stooges: Sing a Song of Six Pants,Drama,1947.0
74,300,5,Option Zero,Drama,1997.0
74,108,3,Spartan,Drama,2004.0
74,178,4,Regular Guys,Drama,1996.0
74,430,2,Chobits,Drama,2002.0
74,204,2,Venus Boyz,Drama,2002.0
74,65,3,Lost in the Pershing Point Hotel,Drama,2000.0
74,205,5,Troy: Bonus Material,Drama,2004.0
74,239,5,Winnie the Pooh: Springtime with Roo,Drama,2004.0
74,148,4,Sweet November,Drama,2001.0
75,485,5,The Avengers '67,Drama,1967.0
75,309,3,The Day of the Locust,Drama,1975.0
75,501,4,Three Days of the Condor,Drama,1975.0
75,386,4,Princess Caraboo,Drama,1994.0
75,363,3,Stark Raving Mad,Sci-Fi,2002.0
75,374,5,The Little Girl Who Lives Down the Lane,Drama,1976.0
75,481,2,Building the Great Pyramid,Drama,2002.0
75,355,1,Sinful Nuns of St. Valentine,Romance,1973.0
75,490,4,The Passion of Ayn Rand,Romance,1999.0
75,495,3,Mission Kashmir,Action,2000.0
75,335,1,Fear No Evil,Horror,1981.0
75,172,4,Jack,Drama,2003.0
75,276,4,Cold Harvest,Drama,1998.0
75,138,5,Star Trek: Voyager: Season 1,Sci-Fi,1995.0
75,303,3,Les Liaisons Dangereuses,Drama,1959.0
75,281,1,The Legend,Fantasy,1993.0
75,314,2,Saturday Night Live: The Best of Jon Lovitz,Horror,1985.0
75,6,1,Sick,Drama,1997.0
75,203,5,Sports Illustrated Swimsuit Edition: 1997,Drama,1997.0
75,323,5,Modern Vampires,Drama,1999.0
75,252,5,Stuart Little 2,Drama,2002.0
75,391,4,The Monkees: Season 2,Drama,1967.0
75,449,2,Jimmy Buffett: MiniMatinee #1,Drama,2003.0
75,179,3,Bollywood Bound,Drama,2003.0
75,401,4,Halloween 5: The Revenge of Michael Myers,Drama,1989.0
75,118,1,Rambo: First Blood Part II,Drama,1985.0
75,458,4,Blast,Drama,2001.0
75,396,4,Arjuna: Complete Collection,Drama,2001.0
75,400,5,Rio Lobo,Drama,1970.0
75,265,5,The Jeff Corwin Experience: Costa Rica and the Amazon,Drama,2002.0
75,37,4,Zatoichi's Conspiracy,Drama,1973.0
75,254,4,Westender,Drama,2003.0
75,457,4,Kill Bill: Vol. 2,Thriller,2004.0
75,163,4,MTV: Making the Band 2: Best of Season 1,Drama,2002.0
75,256,1,Ghost Dog: The Way of the Samurai,Horror,2000.0
75,67,4,Vampire Journals,Drama,1997.0
75,140,1,Lost in the Wild,Drama,1993.0
75,368,1,The Best of Designing Women,Drama,1986.0
75,279,4,Micki and Maude,Drama,1984.0
75,75,4,Grind,Drama,1997.0
75,372,2,Jeans,Drama,1998.0
75,2,5,Isle of Man TT 2004 Review,Drama,2004.0
75,49,5,Devo: The Complete Truth About De-evolution,Drama,2003.0
75,176,4,The History Channel Presents: Troy: Unearthing the Legend,Drama,2004.0
75,273,3,Taxi,Drama,2004.0
75,365,4,R.E.M.: Tourfilm,Drama,1989.0
75,32,4,ABC Primetime: Mel Gibson's The Passion of the Christ,Romance,2004.0
75,364,4,Billy Blanks: Tae Bo: Contact 2,Drama,2004.0
75,40,2,Pitcher and the Pin-Up,Drama,2004.0
75,454,3,Xena: Warrior Princess: Season 3,Action,1995.0
75,20,4,Seeta Aur Geeta,Drama,1972.0
75,502,4,Mitch Hedberg: Mitch All Together,Drama,2003.0
75,361,4,The Phantom of the Opera: Special Edition,Drama,2004.0
75,139,2,Allergies: A Natural Approach,Drama,2001.0
75,475,3,Surf Ninjas,Drama,1993.0
75,353,3,Life or Something Like It,Drama,2002.0
75,105,5,Obsessed,Drama,2002.0
75,242,4,Neon Genesis Evangelion: The End of Evangelion,Drama,1995.0
75,393,4,The Replacement Killers,Thriller,1998.0
75,73,5,Davy Crockett: 50th Anniversary Double Feature,Drama,1954.0
75,409,5,Godzilla vs. The Sea Monster,Drama,1966.0
75,482,1,Frida,Drama,2002.0
75,257,3,Charlotte's Web,Drama,1973.0
75,25,4,Inspector Morse 31: Death Is Now My Neighbour,Horror,1997.0
75,247,4,Oleanna,Drama,1994.0
75,117,1,Silk Stockings,Drama,1957.0
75,382,2,Buried in the Sand: The Deception of America,Drama,2004.0
76,108,2,Spartan,Drama,2004.0
76,81,4,Antarctica: IMAX,Drama,1991.0
76,316,5,Futurama: Monster Robot Maniac Fun Collection,Comedy,1999.0
76,56,3,Carandiru,Drama,2004.0
76,129,4,Darkwolf,Horror,2003.0
76,273,3,Taxi,Drama,2004.0
76,415,4,Reign in Darkness,Horror,2002.0
76,249,2,The Hunters,Drama,1958.0
76,241,3,North by Northwest,Drama,1959.0
76,88,2,Record of Lodoss War: Chronicles of the Heroic Knight,Action,1998.0
76,225,4,The Cookout,Drama,2004.0
76,433,4,Untamed Heart,Drama,1993.0
76,132,4,Lucio Fulci: The Beyond,Drama,1981.0
76,291,3,Chained Heat 3: Hell Mountain,Drama,2000.0
76,357,5,House of Sand and Fog,Drama,2003.0
76,212,3,Querelle,Drama,1982.0
76,388,5,Body Chemistry,Drama,1990.0
76,493,5,The Giallo Collection: Who Saw Her Die?,Drama,1972.0
76,419,2,George Lopez: Why You Crying?,Drama,2005.0
76,238,4,Led Zeppelin: The Song Remains the Same,Drama,1976.0
76,26,5,Never Die Alone,Drama,2004.0
76,341,3,Tremors 4: The Legend Begins,Fantasy,2004.0
76,230,4,Unsolved Mysteries: Psychics,Drama,1987.0
76,155,2,The Strongest Man in the World,Documentary,1975.0
76,465,2,Coolie No.1,Drama,1995.0
76,24,3,My Bloody Valentine,Romance,1981.0
76,145,2,Get Out Your Handkerchiefs,Drama,1978.0
76,101,4,Complete Shamanic Princess,Drama,1997.0
76,131,4,Arachnid,Drama,2002.0
76,190,2,Blood and Sand,Drama,1989.0
76,370,2,Chaplin,Drama,1918.0
76,447,2,The Making of Fanny and Alexander,Drama,1986.0
76,64,5,Outside the Law,Drama,2001.0
76,356,1,Look at Me,Drama,2005.0
76,418,4,The Deal,Drama,2004.0
76,402,5,Pan Tadeusz,Drama,1999.0
76,165,2,Richard Pryor: Live on the Sunset Strip,Drama,1982.0
76,444,2,The Inner Tour,Drama,2001.0
76,319,4,Straight to Hell,Drama,1987.0
76,39,4,Love Reinvented,Drama,2000.0
76,262,3,Herbie Rides Again,Drama,1974.0
76,51,3,Jonah: A VeggieTales Movie: Bonus Material,Drama,2002.0
76,125,4,Nighthawks,Horror,1981.0
76,358,3,The Onion Field,Drama,1979.0
76,332,3,They Crawl,Drama,2002.0
76,408,5,Nightbreed,Horror,1990.0
76,317,5,Mandela and de Klerk,Drama,1997.0
76,320,5,Eat Your Heart Out,Drama,1997.0
76,269,3,Parenthood,Drama,1989.0
76,226,1,Henry: Portrait of a Serial Killer 2,Thriller,1996.0
76,195,5,Chasing Freedom,Drama,2004.0
76,421,3,Agatha Christie's Poirot: Sad Cypress,Drama,2003.0
76,118,4,Rambo: First Blood Part II,Drama,1985.0
76,99,4,A Fishy Story,Drama,1989.0
76,119,3,Travel the World by Train: Africa,Documentary,1999.0
76,243,5,Pressure Point,Drama,1962.0
76,228,4,Butch and Sundance: The Early Days,Drama,1979.0
76,353,3,Life or Something Like It,Drama,2002.0
76,424,3,Happiness,Drama,1998.0
76,389,2,Steal,Drama,2002.0
76,112,1,The Eye of Vichy,Drama,1993.0
76,76,5,I Love Lucy: Season 2,Drama,1952.0
76,60,5,The Libertine,Drama,1969.0
76,381,4,Out for Justice,Drama,1991.0
76,169,5,Cartoon Network Halloween: 9 Creepy Cartoon Capers,Animation,2004.0
76,368,5,The Best of Designing Women,Drama,1986.0
76,428,4,Barney: Barney's Colorful World: Live,Documentary,2004.0
76,384,3,Crossroads,Drama,1986.0
76,162,5,John Cleese on How to Irritate People,Drama,1968.0
76,113,5,Bruce Lee: A Warrior's Journey,Action,2000.0
76,328,4,Deftones: Live in Hawaii,Drama,2002.0
76,446,3,The Underneath,Drama,1995.0
76,121,4,Beyonce: Live at Wembley,Drama,2003.0
76,201,4,Home Movie,Drama,2001.0
76,458,3,Blast,Drama,2001.0
76,232,4,Gross Anatomy,Drama,1989.0
76,383,5,Hit Team,Drama,2001.0
76,242,5,Neon Genesis Evangelion: The End of Evangelion,Drama,1995.0
76,87,4,Louder Than Bombs,Drama,2002.0
77,314,3,Saturday Night Live: The Best of Jon Lovitz,Horror,1985.0
77,463,5,The Twilight Zone: Vol. 12,Drama,1962.0
77,13,5,Lord of the Rings: The Return of the King: Extended Edition: Bonus Material,Drama,2003.0
77,46,2,Rudolph the Red-Nosed Reindeer,Drama,1964.0
77,34,4,Ashtanga Yoga: Beginner's Practice with Nicki Doane,Drama,2003.0
77,35,3,Ferngully 2: The Magical Rescue,Animation,2000.0
77,445,4,Michael Collins,Drama,1996.0
77,258,4,Mann,Drama,1999.0
77,248,3,Michael Moore's The Awful Truth: Season 2,Drama,2001.0
77,378,3,Party Monster,Drama,2003.0
77,79,5,The Killing,Thriller,1956.0
77,290,3,Harold and Kumar Go to White Castle,Drama,2004.0
77,373,3,Third World Cop,Documentary,2000.0
77,85,2,Elfen Lied,Drama,2005.0
77,158,5,A Killer Within,Thriller,2004.0
77,322,5,Flesh Gordon,Drama,1974.0
77,83,4,Silkwood,Drama,1983.0
77,201,3,Home Movie,Drama,2001.0
77,404,1,The Shaft,Drama,2001.0
77,460,4,Pink Narcissus,Drama,1971.0
77,430,5,Chobits,Drama,2002.0
77,53,3,The Bonesetter,Drama,2003.0
77,324,4,Mother's Boys,Drama,1994.0
77,504,2,The Twilight Zone: Vol. 27,Drama,1964.0
77,130,3,Drowning on Dry Land,Drama,1999.0
77,206,4,Unconstitutional: The War on Our Civil Liberties,Action,2004.0
77,124,3,Cold Blooded,Drama,2000.0
77,473,4,Princess Mononoke,Drama,1997.0
77,303,5,Les Liaisons Dangereuses,Drama,1959.0
77,129,2,Darkwolf,Horror,2003.0
77,461,4,Nightwalker #1: Midnight Detective,Horror,2000.0
77,346,3,Up and Down,Drama,2005.0
77,502,3,Mitch Hedberg: Mitch All Together,Drama,2003.0
77,486,4,Journey to the Center of the Earth,Drama,1959.0
77,272,2,Female Yakuza Tale,Drama,1973.0
77,469,3,First Night of My Life: 2000 Seen By...,Drama,1998.0
77,377,3,Dick Francis: The Racing Game,Drama,1979.0
77,118,4,Rambo: First Blood Part II,Drama,1985.0
77,282,5,Blue Seed: Beyond,Drama,2003.0
77,88,1,Record of Lodoss War: Chronicles of the Heroic Knight,Action,1998.0
77,66,3,Barbarian Queen 2,Drama,1989.0
77,405,3,Wings of Desire,Drama,1987.0
77,32,3,ABC Primetime: Mel Gibson's The Passion of the Christ,Romance,2004.0
77,309,4,The Day of the Locust,Drama,1975.0
77,484,2,Danielle Steel's Jewels,Drama,1992.0
77,69,3,WWE: Armageddon 2003,Drama,2003.0
77,480,3,Flypaper,Drama,1997.0
77,225,4,The Cookout,Drama,2004.0
77,339,4,Rolling Stones: Rock and Roll Circus,Drama,1968.0
77,497,3,Broadway's Lost Treasures,Drama,2003.0
77,86,5,Iron Monkey 2,Drama,1996.0
77,448,3,Oswald: Welcome to the Big City!,Drama,2001.0
77,131,3,Arachnid,Drama,2002.0
77,352,4,Pick a Card,Drama,1997.0
77,68,3,Invader Zim,Drama,2004.0
77,230,4,Unsolved Mysteries: Psychics,Drama,1987.0
77,357,5,House of Sand and Fog,Drama,2003.0
77,489,3,Return to Paradise,Drama,1998.0
77,435,2,Love Can Seriously Damage Your Health,Drama,1996.0
77,10,3,Fighter,Action,2001.0
77,421,3,Agatha Christie's Poirot: Sad Cypress,Drama,2003.0
77,103,4,Sanford and Son: Season 6,Drama,1976.0
77,335,2,Fear No Evil,Horror,1981.0
77,474,5,Legend of 1900,Fantasy,1998.0
77,90,3,The Lemon Drop Kid,Drama,1951.0
77,40,4,Pitcher and the Pin-Up,Drama,2004.0
77,393,5,The Replacement Killers,Thriller,1998.0
77,243,4,Pressure Point,Drama,1962.0
77,87,4,Louder Than Bombs,Drama,2002.0
77,369,4,Playing Mona Lisa,Drama,2000.0
77,214,4,Read-Along: Beauty and the Beast,Drama,2002.0
77,65,3,Lost in the Pershing Point Hotel,Drama,2000.0
77,367,3,Spun,Drama,2003.0
77,178,1,Regular Guys,Drama,1996.0
77,151,4,Sleepover Nightmare,Horror,2005.0
77,333,3,Mail Call: The Best of Season 2,Drama,2003.0
77,499,4,Under Suspicion,Drama,2000.0
77,269,3,Parenthood,Drama,1989.0
77,239,5,Winnie the Pooh: Springtime with Roo,Drama,2004.0
78,52,3,The Weather Underground,Drama,2002.0
78,272,2,Female Yakuza Tale,Drama,1973.0
78,26,3,Never Die Alone,Drama,2004.0
78,456,5,Emma (Miniseries),Drama,1996.0
78,412,4,Jay Jay the Jet Plane: Adventures in Learning,Animation,1999.0
78,91,4,WWE: Royal Rumble 2005,Drama,2005.0
78,388,1,Body Chemistry,Drama,1990.0
78,117,3,Silk Stockings,Drama,1957.0
78,114,2,Dominion Tank Police Part 1 & 2,Drama,1989.0
78,79,2,The Killing,Thriller,1956.0
78,317,2,Mandela and de Klerk,Drama,1997.0
78,7,4,8 Man,Drama,1992.0
78,67,4,Vampire Journals,Drama,1997.0
78,214,2,Read-Along: Beauty and the Beast,Drama,2002.0
78,460,4,Pink Narcissus,Drama,1971.0
78,215,4,That '70s Show: Season 1,Drama,1998.0
78,146,4,Cannibal Women in the Avocado Jungle of Death,Horror,1988.0
78,357,2,House of Sand and Fog,Drama,2003.0
78,437,3,Beyblade: Fierce Battle,Action,2005.0
78,31,4,Classic Albums: Meat Loaf: Bat Out of Hell,Drama,1999.0
78,203,3,Sports Illustrated Swimsuit Edition: 1997,Drama,1997.0
78,143,4,The Game,Drama,1997.0
78,289,2,The Avengers,Drama,1998.0
78,318,4,Beyond Suspicion,Drama,1994.0
78,390,5,The Fan,Drama,1981.0
78,207,4,Denise Austin: Ultimate Fat Burner,Drama,2001.0
78,484,2,Danielle Steel's Jewels,Drama,1992.0
78,275,2,Evelyn,Drama,2002.0
78,110,2,Scandal,Drama,1989.0
78,293,4,Lennon Legend: The Very Best of John Lennon,Fantasy,2003.0
78,81,3,Antarctica: IMAX,Drama,1991.0
78,234,3,Animation Legend: Winsor McCay,Animation,1921.0
78,446,4,The Underneath,Drama,1995.0
78,241,1,North by Northwest,Drama,1959.0
78,332,3,They Crawl,Drama,2002.0
78,84,2,The Powerpuff Girls Movie,Drama,2002.0
78,19,2,By Dawn's Early Light,Drama,2000.0
78,130,3,Drowning on Dry Land,Drama,1999.0
78,292,5,Saturday Night Live: The Best of Gilda Radner,Horror,2005.0
78,480,4,Flypaper,Drama,1997.0
78,128,2,Mr. Vampire,Drama,1985.0
78,115,5,Lord Peter Wimsey: Murder Must Advertise,Thriller,1973.0
78,212,2,Querelle,Drama,1982.0
78,474,5,Legend of 1900,Fantasy,1998.0
78,331,2,Chasing Amy,Drama,1997.0
78,470,4,Beneath Loch Ness,Drama,2001.0
78,469,5,First Night of My Life: 2000 Seen By...,Drama,1998.0
78,297,3,The Hebrew Hammer,Drama,2003.0
78,344,5,The Taming of the Shrew,Drama,1967.0
78,48,3,Justice League,Drama,2001.0
78,15,3,Neil Diamond: Greatest Hits Live,Drama,1988.0
78,256,2,Ghost Dog: The Way of the Samurai,Horror,2000.0
78,461,5,Nightwalker #1: Midnight Detective,Horror,2000.0
78,452,3,Scorched,Drama,2002.0
78,377,5,Dick Francis: The Racing Game,Drama,1979.0
78,453,3,Simple Men,Drama,1992.0
78,308,3,The Legend of the 7 Golden Vampires/7 Brothers of Dracula,Fantasy,1974.0
78,506,5,Blank Generation / Dancin' Barefoot,Drama,1976.0
78,403,3,Substitute 4: Failure is Not an Option,Drama,2000.0
79,315,4,Combat! Season 3: Operation 2,Action,1964.0
79,122,4,Cube 2: Hypercube,Drama,2002.0
79,289,3,The Avengers,Drama,1998.0
79,110,5,Scandal,Drama,1989.0
79,221,2,Voyage to the Planets and Beyond,Sci-Fi,2005.0
79,71,5,Maya Lin: A Strong Clear Vision,Drama,1995.0
79,61,4,Ricky Martin: One Night Only,Horror,1999.0
79,284,3,Sasquatch Hunters,Drama,2005.0
79,192,5,The SoulTaker,Drama,2003.0
79,239,5,Winnie the Pooh: Springtime with Roo,Drama,2004.0
79,104,4,The Great Race,Drama,1965.0
79,124,4,Cold Blooded,Drama,2000.0
79,428,2,Barney: Barney's Colorful World: Live,Documentary,2004.0
79,502,4,Mitch Hedberg: Mitch All Together,Drama,2003.0
79,76,5,I Love Lucy: Season 2,Drama,1952.0
79,20,2,Seeta Aur Geeta,Drama,1972.0
79,183,4,IFilm: Deranged,Drama,2005.0
79,208,5,The Three Stooges: Sing a Song of Six Pants,Drama,1947.0
79,301,5,Hard Ground,Drama,2003.0
79,401,2,Halloween 5: The Revenge of Michael Myers,Drama,1989.0
79,275,3,Evelyn,Drama,2002.0
79,100,4,Sam the Iron Bridge,Drama,1993.0
79,64,4,Outside the Law,Drama,2001.0
79,79,5,The Killing,Thriller,1956.0
79,400,3,Rio Lobo,Drama,1970.0
79,176,5,The History Channel Presents: Troy: Unearthing the Legend,Drama,2004.0
79,185,1,Missing in Action 2: The Beginning / Missing in Action 3: Braddock,Action,1985.0
79,262,3,Herbie Rides Again,Drama,1974.0
79,160,5,Gormenghast,Drama,2000.0
79,420,5,Saturday Night Live: The Best of Dana Carvey,Horror,1999.0
79,201,2,Home Movie,Drama,2001.0
79,452,5,Scorched,Drama,2002.0
79,277,2,Enigma: MCMXC A.D,Drama,2003.0
79,261,5,The Big Clock,Drama,1948.0
79,242,3,Neon Genesis Evangelion: The End of Evangelion,Drama,1995.0
79,92,3,ECW: Cyberslam '99,Sci-Fi,2002.0
79,150,3,Firetrap,Drama,2001.0
79,97,4,Mostly Martha,Drama,2002.0
79,288,5,Saturday Night Live: The Best of Chris Kattan,Horror,2004.0
79,217,5,Cherry 2000,Drama,1988.0
79,338,2,The Three Stooges: Three Smart Saps,Drama,1942.0
79,80,2,Winter Kills,Thriller,1979.0
79,352,1,Pick a Card,Drama,1997.0
79,105,4,Obsessed,Drama,2002.0
79,231,3,Marooned in Iraq,Drama,2002.0
79,480,4,Flypaper,Drama,1997.0
79,227,3,The Carol Burnett Show: Show Stoppers,Drama,2001.0
79,205,3,Troy: Bonus Material,Drama,2004.0
79,209,2,Star Trek: Deep Space Nine: Season 5,Sci-Fi,1996.0
79,351,5,Guns of the Magnificent Seven,Drama,1969.0
79,473,3,Princess Mononoke,Drama,1997.0
79,189,2,Airplane II: The Sequel,Drama,1982.0
79,265,5,The Jeff Corwin Experience: Costa Rica and the Amazon,Drama,2002.0
79,74,2,6ixtynin9,Drama,1999.0
79,167,4,The Chorus,Drama,2004.0
79,19,3,By Dawn's Early Light,Drama,2000.0
79,303,3,Les Liaisons Dangereuses,Drama,1959.0
79,165,1,Richard Pryor: Live on the Sunset Strip,Drama,1982.0
79,152,4,A Little Princess,Drama,1995.0
79,138,5,Star Trek: Voyager: Season 1,Sci-Fi,1995.0
79,146,2,Cannibal Women in the Avocado Jungle of Death,Horror,1988.0
79,42,5,Searching for Paradise,Drama,2002.0
79,148,3,Sweet November,Drama,2001.0
79,22,4,Chump Change,Drama,2000.0
79,222,2,Yellow,Drama,1998.0
79,451,2,Batman the Animated Series: Vol. 3,Animation,1993.0
79,278,4,100 Days Before the Command,Drama,1990.0
79,40,3,Pitcher and the Pin-Up,Drama,2004.0
79,361,4,The Phantom of the Opera: Special Edition,Drama,2004.0
79,319,2,Straight to Hell,Drama,1987.0
79,458,4,Blast,Drama,2001.0
79,405,4,Wings of Desire,Drama,1987.0
79,214,5,Read-Along: Beauty and the Beast,Drama,2002.0
79,198,4,Gupt,Drama,1997.0
79,409,5,Godzilla vs. The Sea Monster,Drama,1966.0
79,479,5,George Carlin: What Am I Doing in New Jersey?,Drama,1988.0
79,30,4,Something's Gotta Give,Drama,2003.0
80,33,3,Aqua Teen Hunger Force: Vol. 1,Action,2000.0
80,167,5,The Chorus,Drama,2004.0
80,304,5,King of the Hill: Season 1,Drama,1997.0
80,53,4,The Bonesetter,Drama,2003.0
80,354,4,Sadomania,Drama,1981.0
80,37,3,Zatoichi's Conspiracy,Drama,1973.0
80,503,3,Max and Ruby: Springtime for Max and Ruby,Drama,2005.0
80,38,4,Daydream Obsession,Drama,2003.0
80,343,2,French and Saunders: Live,Drama,2000.0
80,496,5,Primus: Hallucino-Genetics Live 2004,Drama,2004.0
80,363,2,Stark Raving Mad,Sci-Fi,2002.0
80,154,1,Demon Warrior Koji,Action,2000.0
80,168,5,Smokey and the Bandit Part 3,Drama,1983.0
80,207,4,Denise Austin: Ultimate Fat Burner,Drama,2001.0
80,132,2,Lucio Fulci: The Beyond,Drama,1981.0
80,383,4,Hit Team,Drama,2001.0
80,480,4,Flypaper,Drama,1997.0
80,357,4,House of Sand and Fog,Drama,2003.0
80,472,2,Mr. Jealousy,Drama,1998.0
80,44,4,Spitfire Grill,Drama,1996.0
80,227,5,The Carol Burnett Show: Show Stoppers,Drama,2001.0
80,324,1,Mother's Boys,Drama,1994.0
80,317,3,Mandela and de Klerk,Drama,1997.0
80,41,2,Horror Vision,Horror,2000.0
80,79,3,The Killing,Thriller,1956.0
80,409,4,Godzilla vs. The Sea Monster,Drama,1966.0
80,68,2,Invader Zim,Drama,2004.0
80,305,5,Jack,Drama,1996.0
80,237,4,Broken Blossoms,Drama,1918.0
80,501,3,Three Days of the Condor,Drama,1975.0
80,405,1,Wings of Desire,Drama,1987.0
80,372,4,Jeans,Drama,1998.0
80,325,4,Ghosts of Rwanda: Frontline,Horror,2004.0
80,385,2,The Santa Clause 2,Drama,2002.0
80,459,2,Basquiat,Drama,1996.0
80,172,5,Jack,Drama,2003.0
80,58,3,Dragonheart,Drama,1996.0
80,449,4,Jimmy Buffett: MiniMatinee #1,Drama,2003.0
80,298,4,Crunch: Pick Your Spot Pilates,Drama,2002.0
80,177,3,Pressure,Drama,2002.0
80,282,5,Blue Seed: Beyond,Drama,2003.0
80,66,3,Barbarian Queen 2,Drama,1989.0
80,24,3,My Bloody Valentine,Romance,1981.0
80,121,3,Beyonce: Live at Wembley,Drama,2003.0
80,98,3,The Battle of Algiers: Bonus Material,Action,1965.0
80,347,2,Iceman Cometh,Drama,1989.0
80,95,4,Dona Herlinda and Her Son,Drama,1985.0
80,20,5,Seeta Aur Geeta,Drama,1972.0
80,15,2,Neil Diamond: Greatest Hits Live,Drama,1988.0
80,311,3,Ed Wood,Drama,1994.0
80,152,4,A Little Princess,Drama,1995.0
80,308,5,The Legend of the 7 Golden Vampires/7 Brothers of Dracula,Fantasy,1974.0
80,297,5,The Hebrew Hammer,Drama,2003.0
80,17,3,7 Seconds,Drama,2005.0
80,389,3,Steal,Drama,2002.0
80,193,5,Marilyn Manson: Fear of a Satanic Planet,Horror,2005.0
80,506,5,Blank Generation / Dancin' Barefoot,Drama,1976.0
80,164,4,One Last Dance,Drama,2003.0
80,212,3,Querelle,Drama,1982.0
80,129,5,Darkwolf,Horror,2003.0
80,408,5,Nightbreed,Horror,1990.0
80,276,4,Cold Harvest,Drama,1998.0
80,230,4,Unsolved Mysteries: Psychics,Drama,1987.0
80,502,2,Mitch Hedberg: Mitch All Together,Drama,2003.0
80,437,4,Beyblade: Fierce Battle,Action,2005.0
80,113,5,Bruce Lee: A Warrior's Journey,Action,2000.0
80,400,1,Rio Lobo,Drama,1970.0
80,396,4,Arjuna: Complete Collection,Drama,2001.0
80,36,4,Lady Chatterley,Drama,1992.0
80,370,4,Chaplin,Drama,1918.0
80,157,3,Laird: White Knuckle Extreme,Drama,2004.0
80,183,3,IFilm: Deranged,Drama,2005.0
80,118,3,Rambo: First Blood Part II,Drama,1985.0
80,318,5,Beyond Suspicion,Drama,1994.0
80,145,5,Get Out Your Handkerchiefs,Drama,1978.0
81,441,5,Dark Shadows: Vol. 9,Horror,1968.0
81,358,2,The Onion Field,Drama,1979.0
81,82,4,The Frogmen,Drama,1951.0
81,424,3,Happiness,Drama,1998.0
81,13,3,Lord of the Rings: The Return of the King: Extended Edition: Bonus Material,Drama,2003.0
81,349,2,The Swarm,Action,1978.0
81,239,5,Winnie the Pooh: Springtime with Roo,Drama,2004.0
81,121,3,Beyonce: Live at Wembley,Drama,2003.0
81,186,2,Panic in the Streets,Drama,1950.0
81,140,4,Lost in the Wild,Drama,1993.0
81,421,4,Agatha Christie's Poirot: Sad Cypress,Drama,2003.0
81,493,3,The Giallo Collection: Who Saw Her Die?,Drama,1972.0
81,34,4,Ashtanga Yoga: Beginner's Practice with Nicki Doane,Drama,2003.0
81,119,5,Travel the World by Train: Africa,Documentary,1999.0
81,65,2,Lost in the Pershing Point Hotel,Drama,2000.0
81,23,4,Clifford: Clifford Saves the Day! / Clifford's Fluffiest Friend Cleo,Drama,2001.0
81,492,3,Mrs. Soffel,Drama,1984.0
81,338,3,The Three Stooges: Three Smart Saps,Drama,1942.0
81,324,5,Mother's Boys,Drama,1994.0
81,312,3,High Fidelity,Drama,2000.0
81,139,2,Allergies: A Natural Approach,Drama,2001.0
81,377,3,Dick Francis: The Racing Game,Drama,1979.0
81,308,2,The Legend of the 7 Golden Vampires/7 Brothers of Dracula,Fantasy,1974.0
81,364,3,Billy Blanks: Tae Bo: Contact 2,Drama,2004.0
81,198,3,Gupt,Drama,1997.0
81,127,4,Fatal Beauty,Drama,1987.0
81,271,5,Saludos Amigos,Drama,1943.0
81,74,3,6ixtynin9,Drama,1999.0
81,153,3,MTV Yoga,Drama,2002.0
81,229,4,Peter Gabriel: Growing Up Live,Drama,2003.0
81,335,5,Fear No Evil,Horror,1981.0
81,269,4,Parenthood,Drama,1989.0
81,452,3,Scorched,Drama,2002.0
81,60,1,The Libertine,Drama,1969.0
81,253,3,A Night at the Opera,Horror,1935.0
81,433,4,Untamed Heart,Drama,1993.0
81,359,5,Absolutely Fabulous: Series 5,Drama,2003.0
81,470,5,Beneath Loch Ness,Drama,2001.0
81,484,3,Danielle Steel's Jewels,Drama,1992.0
81,112,3,The Eye of Vichy,Drama,1993.0
81,183,3,IFilm: Deranged,Drama,2005.0
81,268,4,The Final Countdown,Drama,1980.0
81,212,3,Querelle,Drama,1982.0
81,75,4,Grind,Drama,1997.0
81,385,3,The Santa Clause 2,Drama,2002.0
81,374,3,The Little Girl Who Lives Down the Lane,Drama,1976.0
81,472,5,Mr. Jealousy,Drama,1998.0
81,206,4,Unconstitutional: The War on Our Civil Liberties,Action,2004.0
81,234,4,Animation Legend: Winsor McCay,Animation,1921.0
81,92,3,ECW: Cyberslam '99,Sci-Fi,2002.0
81,155,4,The Strongest Man in the World,Documentary,1975.0
81,174,2,Adam-12: Season 1,Drama,1968.0
81,432,2,Les Miserables in Concert,Drama,1996.0
81,221,5,Voyage to the Planets and Beyond,Sci-Fi,2005.0
81,213,3,Dinner Rush,Drama,2001.0
81,161,3,Ninotchka,Drama,1939.0
81,260,2,Marat / Sade,Drama,1967.0
81,461,4,Nightwalker #1: Midnight Detective,Horror,2000.0
81,281,5,The Legend,Fantasy,1993.0
81,348,4,The Last Temptation of Christ,Drama,1988.0
81,95,3,Dona Herlinda and Her Son,Drama,1985.0
81,171,5,Funny Face,Comedy,1957.0
81,425,4,The 10th Kingdom,Fantasy,2000.0
81,255,3,The Hunchback of Notre Dame II,Drama,2001.0
81,54,5,We're Not Married,Drama,1952.0
81,49,3,Devo: The Complete Truth About De-evolution,Drama,2003.0
81,193,2,Marilyn Manson: Fear of a Satanic Planet,Horror,2005.0
81,237,3,Broken Blossoms,Drama,1918.0
81,272,4,Female Yakuza Tale,Drama,1973.0
82,310,3,Leila,Drama,2000.0
82,346,2,Up and Down,Drama,2005.0
82,54,2,We're Not Married,Drama,1952.0
82,386,3,Princess Caraboo,Drama,1994.0
82,112,2,The Eye of Vichy,Drama,1993.0
82,74,3,6ixtynin9,Drama,1999.0
82,304,3,King of the Hill: Season 1,Drama,1997.0
82,29,5,Boycott,Drama,2001.0
82,322,5,Flesh Gordon,Drama,1974.0
82,390,5,The Fan,Drama,1981.0
82,404,3,The Shaft,Drama,2001.0
82,265,2,The Jeff Corwin Experience: Costa Rica and the Amazon,Drama,2002.0
82,369,4,Playing Mona Lisa,Drama,2000.0
82,448,2,Oswald: Welcome to the Big City!,Drama,2001.0
82,391,3,The Monkees: Season 2,Drama,1967.0
82,15,5,Neil Diamond: Greatest Hits Live,Drama,1988.0
82,328,5,Deftones: Live in Hawaii,Drama,2002.0
82,450,4,Isaac Stern: Life's Virtuoso,Drama,2000.0
82,422,5,The Unsinkable Molly Brown,Drama,1964.0
82,64,5,Outside the Law,Drama,2001.0
82,33,4,Aqua Teen Hunger Force: Vol. 1,Action,2000.0
82,109,3,No Way Back,Drama,1996.0
82,69,3,WWE: Armageddon 2003,Drama,2003.0
82,214,4,Read-Along: Beauty and the Beast,Drama,2002.0
82,395,2,Captain Blood,Drama,1935.0
82,80,3,Winter Kills,Thriller,1979.0
82,212,4,Querelle,Drama,1982.0
82,467,3,Topper Returns,Drama,1941.0
82,476,5,VeggieTales Classics: Where's God When I'm Scared?,Drama,2004.0
82,40,4,Pitcher and the Pin-Up,Drama,2004.0
82,176,4,The History Channel Presents: Troy: Unearthing the Legend,Drama,2004.0
82,483,3,Rush Hour 2,Drama,2001.0
82,419,4,George Lopez: Why You Crying?,Drama,2005.0
82,38,2,Daydream Obsession,Drama,2003.0
82,169,4,Cartoon Network Halloween: 9 Creepy Cartoon Capers,Animation,2004.0
82,62,4,Ken Burns' America: Empire of the Air,Drama,1991.0
82,376,5,Genesis: The Way We Walk: Live in Concert,Drama,2001.0
82,503,1,Max and Ruby: Springtime for Max and Ruby,Drama,2005.0
82,305,3,Jack,Drama,1996.0
82,331,1,Chasing Amy,Drama,1997.0
82,500,2,Mail Call: The Best of Season 1,Drama,2002.0
82,210,3,Onmyoji,Drama,2001.0
82,354,4,Sadomania,Drama,1981.0
82,191,5,X2: X-Men United,Drama,2003.0
82,127,5,Fatal Beauty,Drama,1987.0
82,142,3,The Tricky Master,Drama,2000.0
82,252,4,Stuart Little 2,Drama,2002.0
82,379,5,Crash Dive,Drama,1996.0
82,227,3,The Carol Burnett Show: Show Stoppers,Drama,2001.0
82,363,3,Stark Raving Mad,Sci-Fi,2002.0
82,230,3,Unsolved Mysteries: Psychics,Drama,1987.0
82,417,4,Transformers: Season 3: Part 1,Drama,1986.0
82,494,4,Monty Python's The Meaning of Life: Special Edition,Drama,1983.0
82,312,4,High Fidelity,Drama,2000.0
82,282,5,Blue Seed: Beyond,Drama,2003.0
82,493,5,The Giallo Collection: Who Saw Her Die?,Drama,1972.0
82,57,2,Richard III,Drama,1995.0
82,158,1,A Killer Within,Thriller,2004.0
82,49,4,Devo: The Complete Truth About De-evolution,Drama,2003.0
82,228,3,Butch and Sundance: The Early Days,Drama,1979.0
83,323,1,Modern Vampires,Drama,1999.0
83,186,2,Panic in the Streets,Drama,1950.0
83,25,4,Inspector Morse 31: Death Is Now My Neighbour,Horror,1997.0
83,338,2,The Three Stooges: Three Smart Saps,Drama,1942.0
83,478,3,The Beverly Hillbillies,Drama,1962.0
83,430,4,Chobits,Drama,2002.0
83,82,2,The Frogmen,Drama,1951.0
83,256,3,Ghost Dog: The Way of the Samurai,Horror,2000.0
83,88,1,Record of Lodoss War: Chronicles of the Heroic Knight,Action,1998.0
83,331,4,Chasing Amy,Drama,1997.0
83,220,3,Winston Churchill: The Wilderness Years,Drama,1983.0
83,188,2,Dead Birds,Drama,2005.0
83,293,2,Lennon Legend: The Very Best of John Lennon,Fantasy,2003.0
83,250,3,Cast a Giant Shadow,Drama,1966.0
83,8,2,What the #$*! Do We Know!?,Drama,2004.0
83,382,5,Buried in the Sand: The Deception of America,Drama,2004.0
83,423,1,My Favorite Martian #1,Drama,1963.0
83,230,3,Unsolved Mysteries: Psychics,Drama,1987.0
83,443,4,Rabbit-Proof Fence,Drama,2002.0
83,278,3,100 Days Before the Command,Drama,1990.0
83,248,4,Michael Moore's The Awful Truth: Season 2,Drama,2001.0
83,500,3,Mail Call: The Best of Season 1,Drama,2002.0
83,410,5,Frank Lloyd Wright,Drama,1998.0
83,164,2,One Last Dance,Drama,2003.0
83,61,1,Ricky Martin: One Night Only,Horror,1999.0
83,266,2,Saudade Do Futuro,Drama,2000.0
83,63,4,Crash Dive,Drama,1943.0
83,125,3,Nighthawks,Horror,1981.0
83,426,4,Recess: School's Out,Drama,2001.0
83,44,4,Spitfire Grill,Drama,1996.0
83,493,3,The Giallo Collection: Who Saw Her Die?,Drama,1972.0
83,330,3,Wild Things,Drama,1998.0
83,54,3,We're Not Married,Drama,1952.0
83,319,5,Straight to Hell,Drama,1987.0
83,353,4,Life or Something Like It,Drama,2002.0
83,157,5,Laird: White Knuckle Extreme,Drama,2004.0
83,448,5,Oswald: Welcome to the Big City!,Drama,2001.0
83,26,3,Never Die Alone,Drama,2004.0
83,46,2,Rudolph the Red-Nosed Reindeer,Drama,1964.0
83,386,4,Princess Caraboo,Drama,1994.0
83,213,3,Dinner Rush,Drama,2001.0
83,419,3,George Lopez: Why You Crying?,Drama,2005.0
83,74,3,6ixtynin9,Drama,1999.0
83,212,1,Querelle,Drama,1982.0
83,167,5,The Chorus,Drama,2004.0
83,4,3,Paula Abdul's Get Up & Dance,Drama,1994.0
83,499,2,Under Suspicion,Drama,2000.0
83,463,4,The Twilight Zone: Vol. 12,Drama,1962.0
84,479,2,George Carlin: What Am I Doing in New Jersey?,Drama,1988.0
84,381,3,Out for Justice,Drama,1991.0
84,349,4,The Swarm,Action,1978.0
84,223,3,Chappelle's Show: Season 1,Drama,2003.0
84,376,4,Genesis: The Way We Walk: Live in Concert,Drama,2001.0
84,379,5,Crash Dive,Drama,1996.0
84,331,2,Chasing Amy,Drama,1997.0
84,233,4,Chato's Land,Drama,1971.0
84,213,4,Dinner Rush,Drama,2001.0
84,283,5,If These Walls Could Talk,Drama,1996.0
84,503,2,Max and Ruby: Springtime for Max and Ruby,Drama,2005.0
84,239,5,Winnie the Pooh: Springtime with Roo,Drama,2004.0
84,373,4,Third World Cop,Documentary,2000.0
84,450,3,Isaac Stern: Life's Virtuoso,Drama,2000.0
84,499,3,Under Suspicion,Drama,2000.0
84,29,5,Boycott,Drama,2001.0
84,43,5,Silent Service,Drama,2000.0
84,225,3,The Cookout,Drama,2004.0
84,272,5,Female Yakuza Tale,Drama,1973.0
84,41,5,Horror Vision,Horror,2000.0
84,228,3,Butch and Sundance: The Early Days,Drama,1979.0
84,31,4,Classic Albums: Meat Loaf: Bat Out of Hell,Drama,1999.0
84,67,5,Vampire Journals,Drama,1997.0
84,85,3,Elfen Lied,Drama,2005.0
84,342,3,Noir,Drama,2001.0
84,346,3,Up and Down,Drama,2005.0
84,110,3,Scandal,Drama,1989.0
84,145,4,Get Out Your Handkerchiefs,Drama,1978.0
84,198,5,Gupt,Drama,1997.0
84,354,4,Sadomania,Drama,1981.0
84,88,5,Record of Lodoss War: Chronicles of the Heroic Knight,Action,1998.0
84,441,4,Dark Shadows: Vol. 9,Horror,1968.0
84,143,5,The Game,Drama,1997.0
84,132,3,Lucio Fulci: The Beyond,Drama,1981.0
84,370,1,Chaplin,Drama,1918.0
84,76,4,I Love Lucy: Season 2,Drama,1952.0
84,421,4,Agatha Christie's Poirot: Sad Cypress,Drama,2003.0
84,42,5,Searching for Paradise,Drama,2002.0
84,45,5,The Love Letter,Drama,1999.0
84,490,2,The Passion of Ayn Rand,Romance,1999.0
84,326,3,The Plainsman,Drama,1937.0
84,347,4,Iceman Cometh,Drama,1989.0
84,291,2,Chained Heat 3: Hell Mountain,Drama,2000.0
84,474,3,Legend of 1900,Fantasy,1998.0
84,116,5,Bear Cub,Drama,2004.0
84,230,5,Unsolved Mysteries: Psychics,Drama,1987.0
84,295,4,Ace Ventura: When Nature Calls,Documentary,1995.0
84,482,5,Frida,Drama,2002.0
84,277,4,Enigma: MCMXC A.D,Drama,2003.0
84,235,5,Unhook the Stars,Sci-Fi,1996.0
84,422,2,The Unsinkable Molly Brown,Drama,1964.0
84,11,3,Full Frame: Documentary Shorts,Documentary,1999.0
84,425,5,The 10th Kingdom,Fantasy,2000.0
84,270,3,Sex and the City: Season 4,Drama,2001.0
84,311,5,Ed Wood,Drama,1994.0
84,305,3,Jack,Drama,1996.0
84,462,4,Classic Cartoon Favorites: Starring Donald,Animation,2005.0
84,166,3,Fame,Drama,1980.0
84,327,4,Storefront Hitchcock,Drama,1997.0
84,484,4,Danielle Steel's Jewels,Drama,1992.0
84,134,3,Spirit Lost,Drama,1996.0
84,53,4,The Bonesetter,Drama,2003.0
84,274,2,Crazy as Hell,Comedy,2002.0
84,385,5,The Santa Clause 2,Drama,2002.0
84,138,4,Star Trek: Voyager: Season 1,Sci-Fi,1995.0
85,186,5,Panic in the Streets,Drama,1950.0
85,132,4,Lucio Fulci: The Beyond,Drama,1981.0
85,405,2,Wings of Desire,Drama,1987.0
85,19,4,By Dawn's Early Light,Drama,2000.0
85,194,2,Arliss: The Best of Arliss,Drama,1996.0
85,99,4,A Fishy Story,Drama,1989.0
85,120,4,Plain Dirty,Drama,2004.0
85,247,2,Oleanna,Drama,1994.0
85,301,4,Hard Ground,Drama,2003.0
85,47,4,The Bad and the Beautiful,Drama,1952.0
85,23,3,Clifford: Clifford Saves the Day! / Clifford's Fluffiest Friend Cleo,Drama,2001.0
85,68,4,Invader Zim,Drama,2004.0
85,133,3,Viva La Bam: Season 1,Drama,2003.0
85,406,5,Hostage,Drama,2005.0
85,291,3,Chained Heat 3: Hell Mountain,Drama,2000.0
85,299,5,Bridget Jones's Diary,Drama,2001.0
85,74,2,6ixtynin9,Drama,1999.0
85,129,2,Darkwolf,Horror,2003.0
85,425,3,The 10th Kingdom,Fantasy,2000.0
85,65,4,Lost in the Pershing Point Hotel,Drama,2000.0
85,128,3,Mr. Vampire,Drama,1985.0
85,112,4,The Eye of Vichy,Drama,1993.0
85,205,2,Troy: Bonus Material,Drama,2004.0
85,311,3,Ed Wood,Drama,1994.0
85,472,5,Mr. Jealousy,Drama,1998.0
85,104,4,The Great Race,Drama,1965.0
85,417,4,Transformers: Season 3: Part 1,Drama,1986.0
85,398,3,In the Realm of the Senses,Documentary,1976.0
85,121,4,Beyonce: Live at Wembley,Drama,2003.0
85,10,3,Fighter,Action,2001.0
85,223,1,Chappelle's Show: Season 1,Drama,2003.0
85,453,5,Simple Men,Drama,1992.0
85,83,4,Silkwood,Drama,1983.0
85,323,3,Modern Vampires,Drama,1999.0
85,91,4,WWE: Royal Rumble 2005,Drama,2005.0
85,185,3,Missing in Action 2: The Beginning / Missing in Action 3: Braddock,Action,1985.0
85,37,5,Zatoichi's Conspiracy,Drama,1973.0
85,11,4,Full Frame: Documentary Shorts,Documentary,1999.0
85,180,2,Scratch,Drama,2002.0
85,351,2,Guns of the Magnificent Seven,Drama,1969.0
85,222,4,Yellow,Drama,1998.0
85,257,4,Charlotte's Web,Drama,1973.0
85,243,4,Pressure Point,Drama,1962.0
85,145,3,Get Out Your Handkerchiefs,Drama,1978.0
85,407,3,The Abductors,Drama,1972.0
85,54,4,We're Not Married,Drama,1952.0
85,277,4,Enigma: MCMXC A.D,Drama,2003.0
85,343,5,French and Saunders: Live,Drama,2000.0
85,246,4,The Boston Strangler,Drama,1968.0
85,270,2,Sex and the City: Season 4,Drama,2001.0
85,294,4,Oasis,Drama,2002.0
85,300,3,Option Zero,Drama,1997.0
85,221,2,Voyage to the Planets and Beyond,Sci-Fi,2005.0
85,374,1,The Little Girl Who Lives Down the Lane,Drama,1976.0
85,87,5,Louder Than Bombs,Drama,2002.0
85,124,3,Cold Blooded,Drama,2000.0
85,498,3,Glory: Bonus Material,Drama,1989.0
85,460,4,Pink Narcissus,Drama,1971.0
85,252,4,Stuart Little 2,Drama,2002.0
85,248,1,Michael Moore's The Awful Truth: Season 2,Drama,2001.0
85,204,3,Venus Boyz,Drama,2002.0
86,470,5,Beneath Loch Ness,Drama,2001.0
86,311,1,Ed Wood,Drama,1994.0
86,214,5,Read-Along: Beauty and the Beast,Drama,2002.0
86,486,3,Journey to the Center of the Earth,Drama,1959.0
86,493,3,The Giallo Collection: Who Saw Her Die?,Drama,1972.0
86,154,4,Demon Warrior Koji,Action,2000.0
86,44,3,Spitfire Grill,Drama,1996.0
86,221,3,Voyage to the Planets and Beyond,Sci-Fi,2005.0
86,452,2,Scorched,Drama,2002.0
86,450,4,Isaac Stern: Life's Virtuoso,Drama,2000.0
86,271,4,Saludos Amigos,Drama,1943.0
86,42,3,Searching for Paradise,Drama,2002.0
86,87,3,Louder Than Bombs,Drama,2002.0
86,126,5,Vampire Effect (aka Twins Effect),Drama,2003.0
86,354,4,Sadomania,Drama,1981.0
86,139,2,Allergies: A Natural Approach,Drama,2001.0
86,114,5,Dominion Tank Police Part 1 & 2,Drama,1989.0
86,244,4,Stellvia,Drama,2004.0
86,192,4,The SoulTaker,Drama,2003.0
86,399,3,Fangs,Drama,2001.0
86,10,5,Fighter,Action,2001.0
86,188,4,Dead Birds,Drama,2005.0
86,361,2,The Phantom of the Opera: Special Edition,Drama,2004.0
86,149,4,The Edward R. Murrow Collection,Action,2005.0
86,342,5,Noir,Drama,2001.0
86,476,4,VeggieTales Classics: Where's God When I'm Scared?,Drama,2004.0
86,352,1,Pick a Card,Drama,1997.0
86,201,4,Home Movie,Drama,2001.0
86,495,3,Mission Kashmir,Action,2000.0
86,285,1,The Devil's Own,Horror,1997.0
86,351,4,Guns of the Magnificent Seven,Drama,1969.0
86,499,4,Under Suspicion,Drama,2000.0
86,469,3,First Night of My Life: 2000 Seen By...,Drama,1998.0
86,481,2,Building the Great Pyramid,Drama,2002.0
86,454,5,Xena: Warrior Princess: Season 3,Action,1995.0
86,479,4,George Carlin: What Am I Doing in New Jersey?,Drama,1988.0
86,53,4,The Bonesetter,Drama,2003.0
86,132,5,Lucio Fulci: The Beyond,Drama,1981.0
86,314,5,Saturday Night Live: The Best of Jon Lovitz,Horror,1985.0
86,198,4,Gupt,Drama,1997.0
86,48,2,Justice League,Drama,2001.0
86,183,3,IFilm: Deranged,Drama,2005.0
86,83,3,Silkwood,Drama,1983.0
86,178,5,Regular Guys,Drama,1996.0
86,37,4,Zatoichi's Conspiracy,Drama,1973.0
86,445,3,Michael Collins,Drama,1996.0
86,59,3,Sex and the Beauties,Drama,2003.0
86,47,5,The Bad and the Beautiful,Drama,1952.0
86,403,4,Substitute 4: Failure is Not an Option,Drama,2000.0
86,293,5,Lennon Legend: The Very Best of John Lennon,Fantasy,2003.0
86,172,2,Jack,Drama,2003.0
86,85,3,Elfen Lied,Drama,2005.0
86,168,3,Smokey and the Bandit Part 3,Drama,1983.0
86,187,5,Death to Smoochy,Horror,2002.0
86,31,3,Classic Albums: Meat Loaf: Bat Out of Hell,Drama,1999.0
86,500,3,Mail Call: The Best of Season 1,Drama,2002.0
86,3,1,Character,Drama,1997.0
86,335,5,Fear No Evil,Horror,1981.0
86,333,5,Mail Call: The Best of Season 2,Drama,2003.0
86,73,1,Davy Crockett: 50th Anniversary Double Feature,Drama,1954.0
86,426,4,Recess: School's Out,Drama,2001.0
86,67,5,Vampire Journals,Drama,1997.0
86,128,4,Mr. Vampire,Drama,1985.0
86,195,3,Chasing Freedom,Drama,2004.0
86,313,2,Pay It Forward,Action,2000.0
86,428,5,Barney: Barney's Colorful World: Live,Documentary,2004.0
86,506,4,Blank Generation / Dancin' Barefoot,Drama,1976.0
86,497,4,Broadway's Lost Treasures,Drama,2003.0
86,79,5,The Killing,Thriller,1956.0
86,427,5,Graveyard Shift,Drama,1990.0
86,306,3,Sesame Street: Sing Yourself Silly!,Comedy,2005.0
86,472,3,Mr. Jealousy,Drama,1998.0
86,487,3,Doctor Who: Lost in Time: The Patrick Troughton Years,Drama,1968.0
87,93,4,They Came Back,Drama,2004.0
87,267,2,Touched by an Angel: Season 1,Drama,1994.0
87,312,3,High Fidelity,Drama,2000.0
87,160,2,Gormenghast,Drama,2000.0
87,220,4,Winston Churchill: The Wilderness Years,Drama,1983.0
87,126,4,Vampire Effect (aka Twins Effect),Drama,2003.0
87,430,4,Chobits,Drama,2002.0
87,456,5,Emma (Miniseries),Drama,1996.0
87,121,5,Beyonce: Live at Wembley,Drama,2003.0
87,414,5,Girl,Drama,1999.0
87,340,3,Midnight: 2000 Seen By...,Horror,1998.0
87,257,5,Charlotte's Web,Drama,1973.0
87,505,3,A Thousand Acres,Drama,1997.0
87,204,4,Venus Boyz,Drama,2002.0
87,108,4,Spartan,Drama,2004.0
87,293,4,Lennon Legend: The Very Best of John Lennon,Fantasy,2003.0
87,30,1,Something's Gotta Give,Drama,2003.0
87,10,4,Fighter,Action,2001.0
87,14,4,Nature: Antarctica,Documentary,1982.0
87,230,1,Unsolved Mysteries: Psychics,Drama,1987.0
87,47,1,The Bad and the Beautiful,Drama,1952.0
87,490,3,The Passion of Ayn Rand,Romance,1999.0
87,166,3,Fame,Drama,1980.0
87,412,4,Jay Jay the Jet Plane: Adventures in Learning,Animation,1999.0
87,229,3,Peter Gabriel: Growing Up Live,Drama,2003.0
87,226,5,Henry: Portrait of a Serial Killer 2,Thriller,1996.0
87,308,3,The Legend of the 7 Golden Vampires/7 Brothers of Dracula,Fantasy,1974.0
87,24,3,My Bloody Valentine,Romance,1981.0
87,26,5,Never Die Alone,Drama,2004.0
87,398,1,In the Realm of the Senses,Documentary,1976.0
87,98,5,The Battle of Algiers: Bonus Material,Action,1965.0
87,167,2,The Chorus,Drama,2004.0
87,359,5,Absolutely Fabulous: Series 5,Drama,2003.0
87,75,5,Grind,Drama,1997.0
87,21,5,Strange Relations,Drama,2002.0
87,436,3,Girls Just Want to Have Fun,Comedy,1985.0
87,241,4,North by Northwest,Drama,1959.0
87,388,2,Body Chemistry,Drama,1990.0
87,253,3,A Night at the Opera,Horror,1935.0
87,178,3,Regular Guys,Drama,1996.0
87,159,5,Gentlemen of Fortune,Drama,1971.0
87,345,4,Star Trek: Voyager: Season 5,Sci-Fi,1998.0
87,89,3,Chain of Command,Drama,2000.0
87,364,3,Billy Blanks: Tae Bo: Contact 2,Drama,2004.0
87,279,3,Micki and Maude,Drama,1984.0
87,437,3,Beyblade: Fierce Battle,Action,2005.0
87,83,4,Silkwood,Drama,1983.0
87,495,5,Mission Kashmir,Action,2000.0
87,476,4,VeggieTales Classics: Where's God When I'm Scared?,Drama,2004.0
88,26,2,Never Die Alone,Drama,2004.0
88,420,3,Saturday Night Live: The Best of Dana Carvey,Horror,1999.0
88,349,3,The Swarm,Action,1978.0
88,316,3,Futurama: Monster Robot Maniac Fun Collection,Comedy,1999.0
88,25,5,Inspector Morse 31: Death Is Now My Neighbour,Horror,1997.0
88,200,3,The Fall of the Roman Empire,Drama,1964.0
88,482,5,Frida,Drama,2002.0
88,225,2,The Cookout,Drama,2004.0
88,232,4,Gross Anatomy,Drama,1989.0
88,347,4,Iceman Cometh,Drama,1989.0
88,110,4,Scandal,Drama,1989.0
88,411,2,Vendetta,Drama,1999.0
88,407,2,The Abductors,Drama,1972.0
88,125,4,Nighthawks,Horror,1981.0
88,267,3,Touched by an Angel: Season 1,Drama,1994.0
88,464,4,The Return of Ruben Blades,Drama,1987.0
88,245,5,Road Dogz,Drama,2002.0
88,188,3,Dead Birds,Drama,2005.0
88,22,3,Chump Change,Drama,2000.0
88,176,1,The History Channel Presents: Troy: Unearthing the Legend,Drama,2004.0
88,474,4,Legend of 1900,Fantasy,1998.0
88,327,5,Storefront Hitchcock,Drama,1997.0
88,386,2,Princess Caraboo,Drama,1994.0
88,318,5,Beyond Suspicion,Drama,1994.0
88,252,5,Stuart Little 2,Drama,2002.0
88,56,4,Carandiru,Drama,2004.0
88,68,3,Invader Zim,Drama,2004.0
88,262,3,Herbie Rides Again,Drama,1974.0
88,203,4,Sports Illustrated Swimsuit Edition: 1997,Drama,1997.0
88,89,4,Chain of Command,Drama,2000.0
88,501,3,Three Days of the Condor,Drama,1975.0
88,173,4,The Devil's Brigade,Horror,1968.0
88,166,3,Fame,Drama,1980.0
88,228,3,Butch and Sundance: The Early Days,Drama,1979.0
88,334,3,The Pacifier,Drama,2005.0
88,390,5,The Fan,Drama,1981.0
88,205,2,Troy: Bonus Material,Drama,2004.0
88,311,4,Ed Wood,Drama,1994.0
88,21,4,Strange Relations,Drama,2002.0
88,248,1,Michael Moore's The Awful Truth: Season 2,Drama,2001.0
88,381,5,Out for Justice,Drama,1991.0
88,418,5,The Deal,Drama,2004.0
88,61,3,Ricky Martin: One Night Only,Horror,1999.0
88,433,4,Untamed Heart,Drama,1993.0
88,99,4,A Fishy Story,Drama,1989.0
88,73,5,Davy Crockett: 50th Anniversary Double Feature,Drama,1954.0
88,218,4,Triumph: Live at the US Festival,Drama,1983.0
88,106,4,Stevie Ray Vaughan and Double Trouble: Live at Montreux 1982 & 1985,Drama,2004.0
88,502,5,Mitch Hedberg: Mitch All Together,Drama,2003.0
88,277,5,Enigma: MCMXC A.D,Drama,2003.0
88,174,5,Adam-12: Season 1,Drama,1968.0
88,436,3,Girls Just Want to Have Fun,Comedy,1985.0
88,41,4,Horror Vision,Horror,2000.0
88,253,3,A Night at the Opera,Horror,1935.0
88,452,5,Scorched,Drama,2002.0
88,374,4,The Little Girl Who Lives Down the Lane,Drama,1976.0
88,362,5,The Flintstones in Viva Rock Vegas,Drama,2000.0
89,278,5,100 Days Before the Command,Drama,1990.0
89,132,3,Lucio Fulci: The Beyond,Drama,1981.0
89,208,3,The Three Stooges: Sing a Song of Six Pants,Drama,1947.0
89,339,4,Rolling Stones: Rock and Roll Circus,Drama,1968.0
89,291,4,Chained Heat 3: Hell Mountain,Drama,2000.0
89,180,3,Scratch,Drama,2002.0
89,501,3,Three Days of the Condor,Drama,1975.0
89,295,1,Ace Ventura: When Nature Calls,Documentary,1995.0
89,96,3,Inside the Space Station,Sci-Fi,2000.0
89,272,1,Female Yakuza Tale,Drama,1973.0
89,61,3,Ricky Martin: One Night Only,Horror,1999.0
89,321,3,Ju-Rei: The Uncanny,Drama,2004.0
89,307,3,Godsmack: Smack This!,Drama,2002.0
89,19,4,By Dawn's Early Light,Drama,2000.0
89,219,3,Neon Bible,Drama,1995.0
89,263,4,Dragon Ball: Tournament Saga,Fantasy,2001.0
89,122,1,Cube 2: Hypercube,Drama,2002.0
89,168,4,Smokey and the Bandit Part 3,Drama,1983.0
89,193,5,Marilyn Manson: Fear of a Satanic Planet,Horror,2005.0
89,447,3,The Making of Fanny and Alexander,Drama,1986.0
89,163,5,MTV: Making the Band 2: Best of Season 1,Drama,2002.0
89,255,4,The Hunchback of Notre Dame II,Drama,2001.0
89,419,3,George Lopez: Why You Crying?,Drama,2005.0
89,322,5,Flesh Gordon,Drama,1974.0
89,487,4,Doctor Who: Lost in Time: The Patrick Troughton Years,Drama,1968.0
89,215,2,That '70s Show: Season 1,Drama,1998.0
89,256,4,Ghost Dog: The Way of the Samurai,Horror,2000.0
89,176,5,The History Channel Presents: Troy: Unearthing the Legend,Drama,2004.0
89,308,2,The Legend of the 7 Golden Vampires/7 Brothers of Dracula,Fantasy,1974.0
89,33,3,Aqua Teen Hunger Force: Vol. 1,Action,2000.0
89,66,3,Barbarian Queen 2,Drama,1989.0
89,323,2,Modern Vampires,Drama,1999.0
89,247,3,Oleanna,Drama,1994.0
89,393,3,The Replacement Killers,Thriller,1998.0
89,154,4,Demon Warrior Koji,Action,2000.0
89,3,4,Character,Drama,1997.0
89,144,4,Deepak Chopra: The Way of the Wizard & Alchemy,Fantasy,2000.0
89,280,4,Sarah Brightman: In Concert,Drama,1998.0
89,356,5,Look at Me,Drama,2005.0
89,445,5,Michael Collins,Drama,1996.0
89,182,4,Moby: Play,Drama,2001.0
90,261,3,The Big Clock,Drama,1948.0
90,86,2,Iron Monkey 2,Drama,1996.0
90,195,3,Chasing Freedom,Drama,2004.0
90,160,4,Gormenghast,Drama,2000.0
90,361,1,The Phantom of the Opera: Special Edition,Drama,2004.0
90,27,3,Sesame Street: Elmo's World: The Street We Live On,Documentary,1962.0
90,322,3,Flesh Gordon,Drama,1974.0
90,312,3,High Fidelity,Drama,2000.0
90,143,4,The Game,Drama,1997.0
90,371,3,The Trouble with Angels,Drama,1966.0
90,382,2,Buried in the Sand: The Deception of America,Drama,2004.0
90,499,4,Under Suspicion,Drama,2000.0
90,276,2,Cold Harvest,Drama,1998.0
90,208,3,The Three Stooges: Sing a Song of Six Pants,Drama,1947.0
90,178,3,Regular Guys,Drama,1996.0
90,76,4,I Love Lucy: Season 2,Drama,1952.0
90,301,2,Hard Ground,Drama,2003.0
90,69,3,WWE: Armageddon 2003,Drama,2003.0
90,314,4,Saturday Night Live: The Best of Jon Lovitz,Horror,1985.0
90,54,4,We're Not Married,Drama,1952.0
90,262,5,Herbie Rides Again,Drama,1974.0
90,135,4,GTO: Great Teacher Onizuka: Set 2,Drama,1998.0
90,288,4,Saturday Night Live: The Best of Chris Kattan,Horror,2004.0
90,367,1,Spun,Drama,2003.0
90,237,4,Broken Blossoms,Drama,1918.0
90,229,5,Peter Gabriel: Growing Up Live,Drama,2003.0
90,61,3,Ricky Martin: One Night Only,Horror,1999.0
90,483,5,Rush Hour 2,Drama,2001.0
90,130,5,Drowning on Dry Land,Drama,1999.0
90,448,3,Oswald: Welcome to the Big City!,Drama,2001.0
90,406,3,Hostage,Drama,2005.0
90,242,2,Neon Genesis Evangelion: The End of Evangelion,Drama,1995.0
90,326,5,The Plainsman,Drama,1937.0
90,91,3,WWE: Royal Rumble 2005,Drama,2005.0
90,206,3,Unconstitutional: The War on Our Civil Liberties,Action,2004.0
90,212,3,Querelle,Drama,1982.0
90,457,2,Kill Bill: Vol. 2,Thriller,2004.0
90,465,4,Coolie No.1,Drama,1995.0
90,98,3,The Battle of Algiers: Bonus Material,Action,1965.0
90,138,5,Star Trek: Voyager: Season 1,Sci-Fi,1995.0
91,504,5,The Twilight Zone: Vol. 27,Drama,1964.0
91,16,2,Screamers,Drama,1996.0
91,490,4,The Passion of Ayn Rand,Romance,1999.0
91,275,3,Evelyn,Drama,2002.0
91,12,3,My Favorite Brunette,Drama,1947.0
91,332,3,They Crawl,Drama,2002.0
91,185,4,Missing in Action 2: The Beginning / Missing in Action 3: Braddock,Action,1985.0
91,59,1,Sex and the Beauties,Drama,2003.0
91,496,4,Primus: Hallucino-Genetics Live 2004,Drama,2004.0
91,82,4,The Frogmen,Drama,1951.0
91,235,4,Unhook the Stars,Sci-Fi,1996.0
91,189,3,Airplane II: The Sequel,Drama,1982.0
91,10,5,Fighter,Action,2001.0
91,132,4,Lucio Fulci: The Beyond,Drama,1981.0
91,389,3,Steal,Drama,2002.0
91,344,2,The Taming of the Shrew,Drama,1967.0
91,43,2,Silent Service,Drama,2000.0
91,86,4,Iron Monkey 2,Drama,1996.0
91,446,4,The Underneath,Drama,1995.0
91,393,4,The Replacement Killers,Thriller,1998.0
91,191,3,X2: X-Men United,Drama,2003.0
91,424,3,Happiness,Drama,1998.0
91,115,4,Lord Peter Wimsey: Murder Must Advertise,Thriller,1973.0
91,245,3,Road Dogz,Drama,2002.0
91,73,3,Davy Crockett: 50th Anniversary Double Feature,Drama,1954.0
91,101,4,Complete Shamanic Princess,Drama,1997.0
91,158,4,A Killer Within,Thriller,2004.0
91,450,3,Isaac Stern: Life's Virtuoso,Drama,2000.0
91,262,2,Herbie Rides Again,Drama,1974.0
91,313,4,Pay It Forward,Action,2000.0
91,71,4,Maya Lin: A Strong Clear Vision,Drama,1995.0
91,240,3,Woman of the Year,Drama,1942.0
91,312,1,High Fidelity,Drama,2000.0
91,206,4,Unconstitutional: The War on Our Civil Liberties,Action,2004.0
91,17,5,7 Seconds,Drama,2005.0
91,489,5,Return to Paradise,Drama,1998.0
91,434,1,Extreme Engineering: Tokyo's Sky City,Drama,2004.0
91,322,3,Flesh Gordon,Drama,1974.0
91,216,3,Impostor,Drama,2000.0
91,340,3,Midnight: 2000 Seen By...,Horror,1998.0
91,397,2,A Night in Casablanca,Horror,1946.0
91,318,2,Beyond Suspicion,Drama,1994.0
91,136,5,Cat and the Canary,Drama,1927.0
91,28,4,Lilo and Stitch,Drama,2002.0
91,131,3,Arachnid,Drama,2002.0
91,477,5,George Carlin: Personal Favorites,Drama,1990.0
91,25,3,Inspector Morse 31: Death Is Now My Neighbour,Horror,1997.0
91,234,3,Animation Legend: Winsor McCay,Animation,1921.0
91,415,3,Reign in Darkness,Horror,2002.0
91,442,2,Mississippi Burning,Drama,1988.0
91,405,3,Wings of Desire,Drama,1987.0
91,176,5,The History Channel Presents: Troy: Unearthing the Legend,Drama,2004.0
91,308,5,The Legend of the 7 Golden Vampires/7 Brothers of Dracula,Fantasy,1974.0
91,162,4,John Cleese on How to Irritate People,Drama,1968.0
92,307,3,Godsmack: Smack This!,Drama,2002.0
92,333,2,Mail Call: The Best of Season 2,Drama,2003.0
92,298,3,Crunch: Pick Your Spot Pilates,Drama,2002.0
92,442,4,Mississippi Burning,Drama,1988.0
92,370,2,Chaplin,Drama,1918.0
92,143,3,The Game,Drama,1997.0
92,304,1,King of the Hill: Season 1,Drama,1997.0
92,257,3,Charlotte's Web,Drama,1973.0
92,412,2,Jay Jay the Jet Plane: Adventures in Learning,Animation,1999.0
92,450,3,Isaac Stern: Life's Virtuoso,Drama,2000.0
92,254,3,Westender,Drama,2003.0
92,359,5,Absolutely Fabulous: Series 5,Drama,2003.0
92,500,3,Mail Call: The Best of Season 1,Drama,2002.0
92,28,5,Lilo and Stitch,Drama,2002.0
92,420,4,Saturday Night Live: The Best of Dana Carvey,Horror,1999.0
92,162,2,John Cleese on How to Irritate People,Drama,1968.0
92,278,4,100 Days Before the Command,Drama,1990.0
92,386,5,Princess Caraboo,Drama,1994.0
92,453,2,Simple Men,Drama,1992.0
92,238,5,Led Zeppelin: The Song Remains the Same,Drama,1976.0
92,7,4,8 Man,Drama,1992.0
92,60,2,The Libertine,Drama,1969.0
92,61,3,Ricky Martin: One Night Only,Horror,1999.0
92,205,3,Troy: Bonus Material,Drama,2004.0
92,64,5,Outside the Law,Drama,2001.0
92,249,2,The Hunters,Drama,1958.0
92,444,5,The Inner Tour,Drama,2001.0
92,33,5,Aqua Teen Hunger Force: Vol. 1,Action,2000.0
92,135,5,GTO: Great Teacher Onizuka: Set 2,Drama,1998.0
92,62,4,Ken Burns' America: Empire of the Air,Drama,1991.0
92,151,5,Sleepover Nightmare,Horror,2005.0
92,365,3,R.E.M.: Tourfilm,Drama,1989.0
92,18,5,Immortal Beloved,Drama,1994.0
92,306,4,Sesame Street: Sing Yourself Silly!,Comedy,2005.0
92,358,5,The Onion Field,Drama,1979.0
92,260,4,Marat / Sade,Drama,1967.0
92,77,2,Congo,Drama,1995.0
92,380,5,Live Wire,Drama,1992.0
92,209,4,Star Trek: Deep Space Nine: Season 5,Sci-Fi,1996.0
92,357,3,House of Sand and Fog,Drama,2003.0
92,101,3,Complete Shamanic Princess,Drama,1997.0
92,463,2,The Twilight Zone: Vol. 12,Drama,1962.0
92,454,2,Xena: Warrior Princess: Season 3,Action,1995.0
92,47,3,The Bad and the Beautiful,Drama,1952.0
92,392,4,Danielle Steel's Heartbeat,Drama,1993.0
92,432,3,Les Miserables in Concert,Drama,1996.0
92,44,1,Spitfire Grill,Drama,1996.0
92,355,2,Sinful Nuns of St. Valentine,Romance,1973.0
92,67,5,Vampire Journals,Drama,1997.0
92,183,3,IFilm: Deranged,Drama,2005.0
92,458,1,Blast,Drama,2001.0
92,318,3,Beyond Suspicion,Drama,1994.0
92,377,4,Dick Francis: The Racing Game,Drama,1979.0
92,246,5,The Boston Strangler,Drama,1968.0
92,73,3,Davy Crockett: 50th Anniversary Double Feature,Drama,1954.0
92,89,4,Chain of Command,Drama,2000.0
92,328,3,Deftones: Live in Hawaii,Drama,2002.0
92,270,3,Sex and the City: Season 4,Drama,2001.0
92,193,5,Marilyn Manson: Fear of a Satanic Planet,Horror,2005.0
92,86,2,Iron Monkey 2,Drama,1996.0
93,43,5,Silent Service,Drama,2000.0
93,5,3,The Rise and Fall of ECW,Drama,2004.0
93,363,4,Stark Raving Mad,Sci-Fi,2002.0
93,41,4,Horror Vision,Horror,2000.0
93,289,2,The Avengers,Drama,1998.0
93,314,3,Saturday Night Live: The Best of Jon Lovitz,Horror,1985.0
93,355,4,Sinful Nuns of St. Valentine,Romance,1973.0
93,303,3,Les Liaisons Dangereuses,Drama,1959.0
93,449,5,Jimmy Buffett: MiniMatinee #1,Drama,2003.0
93,131,4,Arachnid,Drama,2002.0
93,467,2,Topper Returns,Drama,1941.0
93,445,3,Michael Collins,Drama,1996.0
93,490,2,The Passion of Ayn Rand,Romance,1999.0
93,313,3,Pay It Forward,Action,2000.0
93,495,4,Mission Kashmir,Action,2000.0
93,167,3,The Chorus,Drama,2004.0
93,336,3,The Driver,Drama,1978.0
93,456,4,Emma (Miniseries),Drama,1996.0
93,76,4,I Love Lucy: Season 2,Drama,1952.0
93,400,2,Rio Lobo,Drama,1970.0
93,153,2,MTV Yoga,Drama,2002.0
93,113,2,Bruce Lee: A Warrior's Journey,Action,2000.0
93,250,3,Cast a Giant Shadow,Drama,1966.0
93,395,3,Captain Blood,Drama,1935.0
93,192,3,The SoulTaker,Drama,2003.0
93,71,4,Maya Lin: A Strong Clear Vision,Drama,1995.0
93,65,2,Lost in the Pershing Point Hotel,Drama,2000.0
93,7,3,8 Man,Drama,1992.0
93,362,2,The Flintstones in Viva Rock Vegas,Drama,2000.0
93,358,2,The Onion Field,Drama,1979.0
93,231,3,Marooned in Iraq,Drama,2002.0
93,70,2,Tai Chi: The 24 Forms,Drama,1999.0
93,274,2,Crazy as Hell,Comedy,2002.0
93,410,3,Frank Lloyd Wright,Drama,1998.0
93,418,4,The Deal,Drama,2004.0
93,460,2,Pink Narcissus,Drama,1971.0
93,242,5,Neon Genesis Evangelion: The End of Evangelion,Drama,1995.0
93,146,2,Cannibal Women in the Avocado Jungle of Death,Horror,1988.0
93,462,3,Classic Cartoon Favorites: Starring Donald,Animation,2005.0
93,254,5,Westender,Drama,2003.0
93,390,4,The Fan,Drama,1981.0
93,63,3,Crash Dive,Drama,1943.0
93,323,4,Modern Vampires,Drama,1999.0
93,446,2,The Underneath,Drama,1995.0
93,411,5,Vendetta,Drama,1999.0
93,89,2,Chain of Command,Drama,2000.0
93,182,4,Moby: Play,Drama,2001.0
93,367,5,Spun,Drama,2003.0
93,40,4,Pitcher and the Pin-Up,Drama,2004.0
93,493,3,The Giallo Collection: Who Saw Her Die?,Drama,1972.0
93,357,5,House of Sand and Fog,Drama,2003.0
93,66,4,Barbarian Queen 2,Drama,1989.0
94,450,3,Isaac Stern: Life's Virtuoso,Drama,2000.0
94,504,5,The Twilight Zone: Vol. 27,Drama,1964.0
94,444,4,The Inner Tour,Drama,2001.0
94,241,3,North by Northwest,Drama,1959.0
94,339,4,Rolling Stones: Rock and Roll Circus,Drama,1968.0
94,380,3,Live Wire,Drama,1992.0
94,155,1,The Strongest Man in the World,Documentary,1975.0
94,203,4,Sports Illustrated Swimsuit Edition: 1997,Drama,1997.0
94,200,3,The Fall of the Roman Empire,Drama,1964.0
94,327,4,Storefront Hitchcock,Drama,1997.0
94,407,4,The Abductors,Drama,1972.0
94,471,4,City Lights,Drama,1931.0
94,197,1,Taking Lives,Drama,2004.0
94,192,4,The SoulTaker,Drama,2003.0
94,21,4,Strange Relations,Drama,2002.0
94,346,2,Up and Down,Drama,2005.0
94,83,2,Silkwood,Drama,1983.0
94,170,2,Tomorrow,Drama,1972.0
94,173,4,The Devil's Brigade,Horror,1968.0
94,172,1,Jack,Drama,2003.0
94,405,4,Wings of Desire,Drama,1987.0
94,379,4,Crash Dive,Drama,1996.0
94,26,3,Never Die Alone,Drama,2004.0
94,14,2,Nature: Antarctica,Documentary,1982.0
94,404,3,The Shaft,Drama,2001.0
94,204,4,Venus Boyz,Drama,2002.0
94,13,5,Lord of the Rings: The Return of the King: Extended Edition: Bonus Material,Drama,2003.0
94,502,2,Mitch Hedberg: Mitch All Together,Drama,2003.0
94,273,5,Taxi,Drama,2004.0
94,238,4,Led Zeppelin: The Song Remains the Same,Drama,1976.0
94,320,3,Eat Your Heart Out,Drama,1997.0
94,378,3,Party Monster,Drama,2003.0
94,181,3,The Last Shot,Drama,2004.0
94,50,5,A Yank in the R.A.F.,Drama,1941.0
94,328,4,Deftones: Live in Hawaii,Drama,2002.0
94,270,5,Sex and the City: Season 4,Drama,2001.0
94,496,4,Primus: Hallucino-Genetics Live 2004,Drama,2004.0
94,177,3,Pressure,Drama,2002.0
94,113,4,Bruce Lee: A Warrior's Journey,Action,2000.0
94,64,5,Outside the Law,Drama,2001.0
94,418,3,The Deal,Drama,2004.0
94,329,5,Dogma,Drama,1999.0
94,202,4,Ruby's Bucket of Blood,Drama,2001.0
94,225,2,The Cookout,Drama,2004.0
94,219,2,Neon Bible,Drama,1995.0
94,288,3,Saturday Night Live: The Best of Chris Kattan,Horror,2004.0
94,285,4,The Devil's Own,Horror,1997.0
94,209,5,Star Trek: Deep Space Nine: Season 5,Sci-Fi,1996.0
95,329,2,Dogma,Drama,1999.0
95,413,3,Igby Goes Down,Drama,2002.0
95,322,3,Flesh Gordon,Drama,1974.0
95,163,4,MTV: Making the Band 2: Best of Season 1,Drama,2002.0
95,188,5,Dead Birds,Drama,2005.0
95,335,2,Fear No Evil,Horror,1981.0
95,89,3,Chain of Command,Drama,2000.0
95,132,4,Lucio Fulci: The Beyond,Drama,1981.0
95,39,1,Love Reinvented,Drama,2000.0
95,31,5,Classic Albums: Meat Loaf: Bat Out of Hell,Drama,1999.0
95,145,4,Get Out Your Handkerchiefs,Drama,1978.0
95,158,4,A Killer Within,Thriller,2004.0
95,156,4,Husbands and Wives,Drama,1992.0
95,115,5,Lord Peter Wimsey: Murder Must Advertise,Thriller,1973.0
95,373,4,Third World Cop,Documentary,2000.0
95,130,2,Drowning on Dry Land,Drama,1999.0
95,424,5,Happiness,Drama,1998.0
95,377,5,Dick Francis: The Racing Game,Drama,1979.0
95,472,4,Mr. Jealousy,Drama,1998.0
95,296,5,In His Life: The John Lennon Story,Drama,2000.0
95,318,3,Beyond Suspicion,Drama,1994.0
95,117,1,Silk Stockings,Drama,1957.0
95,94,4,G3: Live in Concert,Drama,2000.0
95,173,4,The Devil's Brigade,Horror,1968.0
95,380,5,Live Wire,Drama,1992.0
95,406,4,Hostage,Drama,2005.0
95,332,3,They Crawl,Drama,2002.0
95,67,2,Vampire Journals,Drama,1997.0
95,69,5,WWE: Armageddon 2003,Drama,2003.0
95,143,1,The Game,Drama,1997.0
95,134,4,Spirit Lost,Drama,1996.0
95,239,1,Winnie the Pooh: Springtime with Roo,Drama,2004.0
95,385,3,The Santa Clause 2,Drama,2002.0
95,252,3,Stuart Little 2,Drama,2002.0
95,463,3,The Twilight Zone: Vol. 12,Drama,1962.0
95,293,3,Lennon Legend: The Very Best of John Lennon,Fantasy,2003.0
95,194,4,Arliss: The Best of Arliss,Drama,1996.0
95,376,3,Genesis: The Way We Walk: Live in Concert,Drama,2001.0
95,87,3,Louder Than Bombs,Drama,2002.0
95,426,3,Recess: School's Out,Drama,2001.0
95,118,3,Rambo: First Blood Part II,Drama,1985.0
95,168,5,Smokey and the Bandit Part 3,Drama,1983.0
95,382,3,Buried in the Sand: The Deception of America,Drama,2004.0
95,485,5,The Avengers '67,Drama,1967.0
95,416,5,Elephant,Drama,2003.0
95,421,4,Agatha Christie's Poirot: Sad Cypress,Drama,2003.0
95,446,4,The Underneath,Drama,1995.0
95,199,2,The Deer Hunter,Drama,1978.0
95,12,4,My Favorite Brunette,Drama,1947.0
95,260,5,Marat / Sade,Drama,1967.0
95,73,3,Davy Crockett: 50th Anniversary Double Feature,Drama,1954.0
95,58,4,Dragonheart,Drama,1996.0
95,25,2,Inspector Morse 31: Death Is Now My Neighbour,Horror,1997.0
95,51,3,Jonah: A VeggieTales Movie: Bonus Material,Drama,2002.0
95,269,4,Parenthood,Drama,1989.0
95,155,4,The Strongest Man in the World,Documentary,1975.0
96,462,4,Classic Cartoon Favorites: Starring Donald,Animation,2005.0
96,299,5,Bridget Jones's Diary,Drama,2001.0
96,165,4,Richard Pryor: Live on the Sunset Strip,Drama,1982.0
96,489,1,Return to Paradise,Drama,1998.0
96,335,2,Fear No Evil,Horror,1981.0
96,129,3,Darkwolf,Horror,2003.0
96,121,5,Beyonce: Live at Wembley,Drama,2003.0
96,444,5,The Inner Tour,Drama,2001.0
96,219,4,Neon Bible,Drama,1995.0
96,493,4,The Giallo Collection: Who Saw Her Die?,Drama,1972.0
96,178,2,Regular Guys,Drama,1996.0
96,223,3,Chappelle's Show: Season 1,Drama,2003.0
96,4,4,Paula Abdul's Get Up & Dance,Drama,1994.0
96,417,1,Transformers: Season 3: Part 1,Drama,1986.0
96,438,4,Bean: The Movie,Drama,1997.0
96,450,3,Isaac Stern: Life's Virtuoso,Drama,2000.0
96,31,4,Classic Albums: Meat Loaf: Bat Out of Hell,Drama,1999.0
96,365,3,R.E.M.: Tourfilm,Drama,1989.0
96,162,4,John Cleese on How to Irritate People,Drama,1968.0
96,177,5,Pressure,Drama,2002.0
96,314,4,Saturday Night Live: The Best of Jon Lovitz,Horror,1985.0
96,40,4,Pitcher and the Pin-Up,Drama,2004.0
96,371,4,The Trouble with Angels,Drama,1966.0
96,157,3,Laird: White Knuckle Extreme,Drama,2004.0
96,345,3,Star Trek: Voyager: Season 5,Sci-Fi,1998.0
96,280,5,Sarah Brightman: In Concert,Drama,1998.0
96,43,2,Silent Service,Drama,2000.0
96,287,4,Luther Vandross: Always and Forever: An Evening of Songs,Drama,1994.0
96,90,4,The Lemon Drop Kid,Drama,1951.0
96,168,2,Smokey and the Bandit Part 3,Drama,1983.0
96,13,2,Lord of the Rings: The Return of the King: Extended Edition: Bonus Material,Drama,2003.0
96,87,4,Louder Than Bombs,Drama,2002.0
96,505,4,A Thousand Acres,Drama,1997.0
96,101,4,Complete Shamanic Princess,Drama,1997.0
96,60,3,The Libertine,Drama,1969.0
96,20,5,Seeta Aur Geeta,Drama,1972.0
96,500,4,Mail Call: The Best of Season 1,Drama,2002.0
96,457,5,Kill Bill: Vol. 2,Thriller,2004.0
96,405,3,Wings of Desire,Drama,1987.0
96,363,5,Stark Raving Mad,Sci-Fi,2002.0
96,12,3,My Favorite Brunette,Drama,1947.0
96,298,3,Crunch: Pick Your Spot Pilates,Drama,2002.0
96,179,2,Bollywood Bound,Drama,2003.0
96,199,4,The Deer Hunter,Drama,1978.0
96,109,2,No Way Back,Drama,1996.0
96,311,3,Ed Wood,Drama,1994.0
96,186,2,Panic in the Streets,Drama,1950.0
96,242,1,Neon Genesis Evangelion: The End of Evangelion,Drama,1995.0
96,445,3,Michael Collins,Drama,1996.0
96,94,3,G3: Live in Concert,Drama,2000.0
96,34,4,Ashtanga Yoga: Beginner's Practice with Nicki Doane,Drama,2003.0
96,103,3,Sanford and Son: Season 6,Drama,1976.0
96,441,5,Dark Shadows: Vol. 9,Horror,1968.0
96,352,5,Pick a Card,Drama,1997.0
96,174,5,Adam-12: Season 1,Drama,1968.0
96,421,4,Agatha Christie's Poirot: Sad Cypress,Drama,2003.0
96,454,4,Xena: Warrior Princess: Season 3,Action,1995.0
96,83,5,Silkwood,Drama,1983.0
96,14,3,Nature: Antarctica,Documentary,1982.0
96,233,5,Chato's Land,Drama,1971.0
96,480,5,Flypaper,Drama,1997.0
96,354,4,Sadomania,Drama,1981.0
96,496,4,Primus: Hallucino-Genetics Live 2004,Drama,2004.0
96,89,5,Chain of Command,Drama,2000.0
96,63,3,Crash Dive,Drama,1943.0
96,321,3,Ju-Rei: The Uncanny,Drama,2004.0
96,437,4,Beyblade: Fierce Battle,Action,2005.0
96,372,2,Jeans,Drama,1998.0
96,161,3,Ninotchka,Drama,1939.0
96,244,2,Stellvia,Drama,2004.0
96,42,1,Searching for Paradise,Drama,2002.0
96,106,4,Stevie Ray Vaughan and Double Trouble: Live at Montreux 1982 & 1985,Drama,2004.0
96,73,2,Davy Crockett: 50th Anniversary Double Feature,Drama,1954.0
96,57,2,Richard III,Drama,1995.0
96,100,5,Sam the Iron Bridge,Drama,1993.0
96,136,4,Cat and the Canary,Drama,1927.0
97,388,3,Body Chemistry,Drama,1990.0
97,248,2,Michael Moore's The Awful Truth: Season 2,Drama,2001.0
97,377,3,Dick Francis: The Racing Game,Drama,1979.0
97,421,4,Agatha Christie's Poirot: Sad Cypress,Drama,2003.0
97,245,2,Road Dogz,Drama,2002.0
97,124,4,Cold Blooded,Drama,2000.0
97,35,4,Ferngully 2: The Magical Rescue,Animation,2000.0
97,101,4,Complete Shamanic Princess,Drama,1997.0
97,59,3,Sex and the Beauties,Drama,2003.0
97,345,3,Star Trek: Voyager: Season 5,Sci-Fi,1998.0
97,194,4,Arliss: The Best of Arliss,Drama,1996.0
97,315,4,Combat! Season 3: Operation 2,Action,1964.0
97,177,4,Pressure,Drama,2002.0
97,205,3,Troy: Bonus Material,Drama,2004.0
97,75,3,Grind,Drama,1997.0
97,162,4,John Cleese on How to Irritate People,Drama,1968.0
97,77,2,Congo,Drama,1995.0
97,297,2,The Hebrew Hammer,Drama,2003.0
97,483,5,Rush Hour 2,Drama,2001.0
97,426,4,Recess: School's Out,Drama,2001.0
97,406,3,Hostage,Drama,2005.0
97,423,3,My Favorite Martian #1,Drama,1963.0
97,293,2,Lennon Legend: The Very Best of John Lennon,Fantasy,2003.0
97,195,3,Chasing Freedom,Drama,2004.0
97,158,3,A Killer Within,Thriller,2004.0
97,310,4,Leila,Drama,2000.0
97,17,2,7 Seconds,Drama,2005.0
97,456,2,Emma (Miniseries),Drama,1996.0
97,33,4,Aqua Teen Hunger Force: Vol. 1,Action,2000.0
97,499,4,Under Suspicion,Drama,2000.0
97,309,5,The Day of the Locust,Drama,1975.0
97,243,5,Pressure Point,Drama,1962.0
97,192,3,The SoulTaker,Drama,2003.0
97,308,4,The Legend of the 7 Golden Vampires/7 Brothers of Dracula,Fantasy,1974.0
97,323,2,Modern Vampires,Drama,1999.0
97,476,1,VeggieTales Classics: Where's God When I'm Scared?,Drama,2004.0
97,418,2,The Deal,Drama,2004.0
97,60,3,The Libertine,Drama,1969.0
97,90,5,The Lemon Drop Kid,Drama,1951.0
97,96,2,Inside the Space Station,Sci-Fi,2000.0
97,255,4,The Hunchback of Notre Dame II,Drama,2001.0
97,296,3,In His Life: The John Lennon Story,Drama,2000.0
97,222,4,Yellow,Drama,1998.0
97,7,4,8 Man,Drama,1992.0
97,351,2,Guns of the Magnificent Seven,Drama,1969.0
97,393,5,The Replacement Killers,Thriller,1998.0
97,431,4,Millennium Actress,Drama,2002.0
97,276,3,Cold Harvest,Drama,1998.0
97,182,4,Moby: Play,Drama,2001.0
97,127,3,Fatal Beauty,Drama,1987.0
97,56,1,Carandiru,Drama,2004.0
97,437,4,Beyblade: Fierce Battle,Action,2005.0
97,206,5,Unconstitutional: The War on Our Civil Liberties,Action,2004.0
97,287,5,Luther Vandross: Always and Forever: An Evening of Songs,Drama,1994.0
97,312,4,High Fidelity,Drama,2000.0
97,333,4,Mail Call: The Best of Season 2,Drama,2003.0
97,259,3,Animal,Drama,2004.0
97,94,1,G3: Live in Concert,Drama,2000.0
98,327,2,Storefront Hitchcock,Drama,1997.0
98,73,5,Davy Crockett: 50th Anniversary Double Feature,Drama,1954.0
98,146,2,Cannibal Women in the Avocado Jungle of Death,Horror,1988.0
98,112,4,The Eye of Vichy,Drama,1993.0
98,4,4,Paula Abdul's Get Up & Dance,Drama,1994.0
98,169,4,Cartoon Network Halloween: 9 Creepy Cartoon Capers,Animation,2004.0
98,340,4,Midnight: 2000 Seen By...,Horror,1998.0
98,163,2,MTV: Making the Band 2: Best of Season 1,Drama,2002.0
98,8,5,What the #$*! Do We Know!?,Drama,2004.0
98,14,5,Nature: Antarctica,Documentary,1982.0
98,313,4,Pay It Forward,Action,2000.0
98,503,2,Max and Ruby: Springtime for Max and Ruby,Drama,2005.0
98,348,2,The Last Temptation of Christ,Drama,1988.0
98,261,4,The Big Clock,Drama,1948.0
98,84,1,The Powerpuff Girls Movie,Drama,2002.0
98,82,4,The Frogmen,Drama,1951.0
98,499,2,Under Suspicion,Drama,2000.0
98,198,2,Gupt,Drama,1997.0
98,258,2,Mann,Drama,1999.0
98,76,4,I Love Lucy: Season 2,Drama,1952.0
98,1,5,Dinosaur Planet,Sci-Fi,2003.0
98,457,4,Kill Bill: Vol. 2,Thriller,2004.0
98,189,4,Airplane II: The Sequel,Drama,1982.0
98,305,4,Jack,Drama,1996.0
98,30,4,Something's Gotta Give,Drama,2003.0
98,360,4,Lies,Drama,1999.0
98,229,1,Peter Gabriel: Growing Up Live,Drama,2003.0
98,370,5,Chaplin,Drama,1918.0
98,268,4,The Final Countdown,Drama,1980.0
98,202,3,Ruby's Bucket of Blood,Drama,2001.0
98,128,1,Mr. Vampire,Drama,1985.0
98,180,4,Scratch,Drama,2002.0
98,376,4,Genesis: The Way We Walk: Live in Concert,Drama,2001.0
98,448,3,Oswald: Welcome to the Big City!,Drama,2001.0
98,293,4,Lennon Legend: The Very Best of John Lennon,Fantasy,2003.0
98,196,5,Peter Tosh: Stepping Razor: Red X,Drama,1992.0
98,161,5,Ninotchka,Drama,1939.0
98,383,4,Hit Team,Drama,2001.0
98,456,4,Emma (Miniseries),Drama,1996.0
98,272,3,Female Yakuza Tale,Drama,1973.0
98,275,3,Evelyn,Drama,2002.0
98,46,3,Rudolph the Red-Nosed Reindeer,Drama,1964.0
98,36,5,Lady Chatterley,Drama,1992.0
98,498,4,Glory: Bonus Material,Drama,1989.0
98,149,5,The Edward R. Murrow Collection,Action,2005.0
98,353,2,Life or Something Like It,Drama,2002.0
98,320,2,Eat Your Heart Out,Drama,1997.0
98,396,5,Arjuna: Complete Collection,Drama,2001.0
98,369,5,Playing Mona Lisa,Drama,2000.0
98,164,4,One Last Dance,Drama,2003.0
98,279,1,Micki and Maude,Drama,1984.0
98,108,3,Spartan,Drama,2004.0
98,414,4,Girl,Drama,1999.0
98,50,2,A Yank in the R.A.F.,Drama,1941.0
98,178,4,Regular Guys,Drama,1996.0
98,469,5,First Night of My Life: 2000 Seen By...,Drama,1998.0
98,244,5,Stellvia,Drama,2004.0
98,331,4,Chasing Amy,Drama,1997.0
98,408,3,Nightbreed,Horror,1990.0
98,193,3,Marilyn Manson: Fear of a Satanic Planet,Horror,2005.0
98,298,4,Crunch: Pick Your Spot Pilates,Drama,2002.0
98,153,4,MTV Yoga,Drama,2002.0
98,106,4,Stevie Ray Vaughan and Double Trouble: Live at Montreux 1982 & 1985,Drama,2004.0
98,234,2,Animation Legend: Winsor McCay,Animation,1921.0
98,186,3,Panic in the Streets,Drama,1950.0
98,18,4,Immortal Beloved,Drama,1994.0
99,398,2,In the Realm of the Senses,Documentary,1976.0
99,389,2,Steal,Drama,2002.0
99,12,2,My Favorite Brunette,Drama,1947.0
99,132,3,Lucio Fulci: The Beyond,Drama,1981.0
99,347,3,Iceman Cometh,Drama,1989.0
99,166,4,Fame,Drama,1980.0
99,359,4,Absolutely Fabulous: Series 5,Drama,2003.0
99,253,2,A Night at the Opera,Horror,1935.0
99,31,3,Classic Albums: Meat Loaf: Bat Out of Hell,Drama,1999.0
99,11,2,Full Frame: Documentary Shorts,Documentary,1999.0
99,358,4,The Onion Field,Drama,1979.0
99,81,1,Antarctica: IMAX,Drama,1991.0
99,295,3,Ace Ventura: When Nature Calls,Documentary,1995.0
99,312,3,High Fidelity,Drama,2000.0
99,370,4,Chaplin,Drama,1918.0
99,435,3,Love Can Seriously Damage Your Health,Drama,1996.0
99,335,2,Fear No Evil,Horror,1981.0
99,260,4,Marat / Sade,Drama,1967.0
99,349,4,The Swarm,Action,1978.0
99,116,2,Bear Cub,Drama,2004.0
99,321,4,Ju-Rei: The Uncanny,Drama,2004.0
99,76,5,I Love Lucy: Season 2,Drama,1952.0
99,175,3,Reservoir Dogs,Drama,1992.0
99,138,2,Star Trek: Voyager: Season 1,Sci-Fi,1995.0
99,318,4,Beyond Suspicion,Drama,1994.0
99,317,2,Mandela and de Klerk,Drama,1997.0
99,19,3,By Dawn's Early Light,Drama,2000.0
99,293,3,Lennon Legend: The Very Best of John Lennon,Fantasy,2003.0
99,182,4,Moby: Play,Drama,2001.0
99,213,1,Dinner Rush,Drama,2001.0
99,153,2,MTV Yoga,Drama,2002.0
99,42,4,Searching for Paradise,Drama,2002.0
99,304,4,King of the Hill: Season 1,Drama,1997.0
99,316,1,Futurama: Monster Robot Maniac Fun Collection,Comedy,1999.0
99,148,5,Sweet November,Drama,2001.0
99,104,5,The Great Race,Drama,1965.0
99,455,3,Cardcaptor Sakura: The Movie,Drama,1999.0
99,8,4,What the #$*! Do We Know!?,Drama,2004.0
99,170,1,Tomorrow,Drama,1972.0
99,165,4,Richard Pryor: Live on the Sunset Strip,Drama,1982.0
99,471,2,City Lights,Drama,1931.0
99,408,3,Nightbreed,Horror,1990.0
99,473,3,Princess Mononoke,Drama,1997.0
99,405,5,Wings of Desire,Drama,1987.0
99,395,4,Captain Blood,Drama,1935.0
99,135,3,GTO: Great Teacher Onizuka: Set 2,Drama,1998.0
100,393,3,The Replacement Killers,Thriller,1998.0
100,334,3,The Pacifier,Drama,2005.0
100,115,5,Lord Peter Wimsey: Murder Must Advertise,Thriller,1973.0
100,42,5,Searching for Paradise,Drama,2002.0
100,17,3,7 Seconds,Drama,2005.0
100,233,4,Chato's Land,Drama,1971.0
100,371,2,The Trouble with Angels,Drama,1966.0
100,165,4,Richard Pryor: Live on the Sunset Strip,Drama,1982.0
100,199,5,The Deer Hunter,Drama,1978.0
100,398,3,In the Realm of the Senses,Documentary,1976.0
100,337,5,Star 80,Sci-Fi,1983.0
100,380,3,Live Wire,Drama,1992.0
100,1,4,Dinosaur Planet,Sci-Fi,2003.0
100,234,4,Animation Legend: Winsor McCay,Animation,1921.0
100,171,2,Funny Face,Comedy,1957.0
100,365,2,R.E.M.: Tourfilm,Drama,1989.0
100,18,4,Immortal Beloved,Drama,1994.0
100,436,3,Girls Just Want to Have Fun,Comedy,1985.0
100,230,2,Unsolved Mysteries: Psychics,Drama,1987.0
100,397,4,A Night in Casablanca,Horror,1946.0
100,201,5,Home Movie,Drama,2001.0
100,26,5,Never Die Alone,Drama,2004.0
100,319,2,Straight to Hell,Drama,1987.0
100,501,4,Three Days of the Condor,Drama,1975.0
100,188,3,Dead Birds,Drama,2005.0
100,490,2,The Passion of Ayn Rand,Romance,1999.0
100,181,4,The Last Shot,Drama,2004.0
100,38,3,Daydream Obsession,Drama,2003.0
100,183,3,IFilm: Deranged,Drama,2005.0
100,298,5,Crunch: Pick Your Spot Pilates,Drama,2002.0
100,61,5,Ricky Martin: One Night Only,Horror,1999.0
100,222,3,Yellow,Drama,1998.0
100,359,3,Absolutely Fabulous: Series 5,Drama,2003.0
100,185,3,Missing in Action 2: The Beginning / Missing in Action 3: Braddock,Action,1985.0
100,502,4,Mitch Hedberg: Mitch All Together,Drama,2003.0
100,333,4,Mail Call: The Best of Season 2,Drama,2003.0
100,358,3,The Onion Field,Drama,1979.0
100,135,3,GTO: Great Teacher Onizuka: Set 2,Drama,1998.0
100,454,2,Xena: Warrior Princess: Season 3,Action,1995.0
100,303,2,Les Liaisons Dangereuses,Drama,1959.0
100,191,2,X2: X-Men United,Drama,2003.0
100,179,3,Bollywood Bound,Drama,2003.0
100,284,4,Sasquatch Hunters,Drama,2005.0
100,159,3,Gentlemen of Fortune,Drama,1971.0
100,71,3,Maya Lin: A Strong Clear Vision,Drama,1995.0
100,427,4,Graveyard Shift,Drama,1990.0
100,227,5,The Carol Burnett Show: Show Stoppers,Drama,2001.0
100,237,4,Broken Blossoms,Drama,1918.0
100,81,4,Antarctica: IMAX,Drama,1991.0
100,6,3,Sick,Drama,1997.0
100,252,5,Stuart Little 2,Drama,2002.0
100,112,4,The Eye of Vichy,Drama,1993.0
100,83,2,Silkwood,Drama,1983.0
100,505,5,A Thousand Acres,Drama,1997.0
100,200,4,The Fall of the Roman Empire,Drama,1964.0
100,291,4,Chained Heat 3: Hell Mountain,Drama,2000.0
100,220,4,Winston Churchill: The Wilderness Years,Drama,1983.0
100,493,5,The Giallo Collection: Who Saw Her Die?,Drama,1972.0
100,170,3,Tomorrow,Drama,1972.0
100,33,3,Aqua Teen Hunger Force: Vol. 1,Action,2000.0
100,258,3,Mann,Drama,1999.0
100,355,2,Sinful Nuns of St. Valentine,Romance,1973.0
100,339,4,Rolling Stones: Rock and Roll Circus,Drama,1968.0
100,376,3,Genesis: The Way We Walk: Live in Concert,Drama,2001.0
100,336,3,The Driver,Drama,1978.0
100,41,3,Horror Vision,Horror,2000.0
100,136,3,Cat and the Canary,Drama,1927.0
100,462,4,Classic Cartoon Favorites: Starring Donald,Animation,2005.0
100,383,5,Hit Team,Drama,2001.0
100,379,5,Crash Dive,Drama,1996.0
100,411,2,Vendetta,Drama,1999.0
100,109,4,No Way Back,Drama,1996.0
100,80,5,Winter Kills,Thriller,1979.0
100,441,3,Dark Shadows: Vol. 9,Horror,1968.0
100,232,3,Gross Anatomy,Drama,1989.0
100,92,3,ECW: Cyberslam '99,Sci-Fi,2002.0
100,16,4,Screamers,Drama,1996.0
100,166,4,Fame,Drama,1980.0
100,499,5,Under Suspicion,Drama,2000.0
100,254,3,Westender,Drama,2003.0
